x,y,z
0.000000,0.000000,1.599516
-0.085055,0.243989,1.608068
-0.193317,0.473956,1.609379
-0.323036,0.714840,1.607962
-0.450288,0.933345,1.605737
-0.594415,1.172207,1.603313
-0.732834,1.396081,1.601375
-0.882001,1.632358,1.599765
-1.018188,1.843736,1.598679
-1.161979,2.062512,1.597862
-1.313241,2.288138,1.597293
-1.471904,2.520190,1.596966
-1.638002,2.758443,1.596847
-1.811604,3.002768,1.596904
-1.962079,3.210945,1.597065
-2.117925,3.423250,1.597297
-2.279254,3.639646,1.597594
-2.446238,3.860086,1.597932
-2.619085,4.084454,1.598266
-2.797864,4.312418,1.598454
-2.982164,4.543308,1.598419
-3.171210,4.776320,1.598218
-3.364303,5.010766,1.597903
-3.560844,5.246044,1.597519
-3.760245,5.481600,1.597125
-3.962020,5.716976,1.596759
-4.165798,5.951806,1.596443
-4.371271,6.185782,1.596187
-4.578197,6.418644,1.595996
-4.786408,6.650189,1.595868
-4.995767,6.880268,1.595796
-5.206100,7.108882,1.595766
-5.417125,7.336304,1.595771
-5.628561,7.562869,1.595814
-5.840210,7.788806,1.595891
-6.051919,8.014314,1.595994
-6.263554,8.239570,1.596110
-6.475024,8.464679,1.596233
-6.686267,8.689701,1.596356
-6.897229,8.914677,1.596477
-7.107858,9.139609,1.596598
-7.318139,9.364498,1.596721
-7.528074,9.589356,1.596841
-7.737639,9.814152,1.596955
-7.946810,10.038841,1.597063
-8.155621,10.263438,1.597161
-8.364101,10.487958,1.597245
-8.572243,10.712375,1.597312
-8.780031,10.936644,1.597365
-8.987458,11.160738,1.597402
-9.194513,11.384633,1.597430
-9.401193,11.608312,1.597456
-9.607517,11.831778,1.597482
-9.813499,12.055023,1.597510
-10.019146,12.278034,1.597539
-10.224464,12.500810,1.597570
-10.429487,12.723378,1.597601
-10.634254,12.945763,1.597630
-10.838785,13.167977,1.597657
-11.043102,13.390038,1.597685
-11.247234,13.611974,1.597716
-11.451199,13.833808,1.597751
-11.655003,14.055553,1.597791
-11.858656,14.277235,1.597836
-12.062190,14.498896,1.597881
-12.265631,14.720549,1.597925
-12.468982,14.942213,1.597967
-12.672254,15.163918,1.598004
-12.875440,15.385676,1.598036
-13.078549,15.607506,1.598064
-13.281602,15.829440,1.598088
-13.484612,16.051472,1.598106
-13.687647,16.273419,1.598118
-13.890892,16.494879,1.598128
-14.094518,16.715565,1.598145
-14.298534,16.935582,1.598167
-14.502899,17.155167,1.598195
-14.707600,17.374455,1.598226
-14.912593,17.593588,1.598264
-15.117828,17.812725,1.598302
-15.323332,18.031778,1.598337
-15.529246,18.250379,1.598370
-15.735711,18.468201,1.598405
-15.942813,18.685017,1.598440
-16.150564,18.900768,1.598471
-16.358863,19.115700,1.598497
-16.567583,19.330119,1.598519
-16.776633,19.544228,1.598539
-16.985926,19.758222,1.598559
-17.195376,19.972289,1.598579
-17.404927,20.186537,1.598596
-17.614585,20.400904,1.598606
-17.824457,20.615070,1.598611
-18.034639,20.828778,1.598620
-18.245090,21.042134,1.598636
-18.455740,21.255317,1.598656
-18.666555,21.468404,1.598682
-18.877484,21.681512,1.598711
-19.088469,21.894769,1.598740
-19.299471,22.108235,1.598770
-19.510475,22.321916,1.598794
-19.721535,22.535624,1.598810
-19.932761,22.749036,1.598824
-20.144160,22.962127,1.598841
-20.355670,23.175076,1.598858
-20.567258,23.387957,1.598877
-20.778893,23.600842,1.598897
-20.990513,23.813868,1.598917
-21.202070,24.027122,1.598932
-21.413571,24.240523,1.598935
-21.625093,24.453756,1.598931
-21.836694,24.666588,1.598930
-22.048358,24.879135,1.598935
-22.260040,25.091565,1.598947
-22.471740,25.303961,1.598967
-22.683448,25.516426,1.598993
-22.895127,25.729078,1.599021
-23.106752,25.941969,1.599045
-23.318327,26.154988,1.599059
-23.529891,26.367864,1.599068
-23.741467,26.580480,1.599082
-23.953014,26.792998,1.599101
-24.164474,27.005578,1.599125
-24.375798,27.218331,1.599157
-24.586926,27.431425,1.599195
-24.797784,27.645009,1.599237
-25.008308,27.859157,1.599279
-25.218438,28.073906,1.599323
-25.428166,28.289299,1.599367
-25.637506,28.505347,1.599408
-25.846451,28.722025,1.599446
-26.054999,28.939311,1.599482
-26.263154,29.157184,1.599514
-26.470913,29.375608,1.599542
-26.678267,29.594545,1.599569
-26.885209,29.813966,1.599592
-27.091735,30.033839,1.599613
-27.297842,30.254125,1.599632
-27.503532,30.474797,1.599649
-27.708815,30.695826,1.599666
-27.913708,30.917187,1.599682
-28.118233,31.138856,1.599698
-28.322420,31.360808,1.599713
-28.526301,31.583002,1.599726
-28.729903,31.805389,1.599740
-28.933281,32.027964,1.599754
-29.136478,32.250709,1.599765
-29.339517,32.473562,1.599777
-29.542464,32.696476,1.599789
-29.745404,32.919408,1.599799
-29.948397,33.142290,1.599809
-30.151507,33.365039,1.599818
-30.354809,33.587594,1.599828
-30.558345,33.809940,1.599838
-30.762150,34.032058,1.599847
-30.966274,34.253892,1.599857
-31.170778,34.475376,1.599850
-31.375747,34.696420,1.599952
-31.581337,34.916835,1.600479
-31.787742,35.136363,1.601671
-31.995144,35.354751,1.603806
-32.203721,35.571753,1.607046
-32.413673,35.787104,1.611437
-32.625183,36.000571,1.616971
-32.838332,36.212049,1.623598
-33.053119,36.421541,1.631202
-33.269543,36.629089,1.639624
-33.487601,36.834779,1.648695
-33.707245,37.038695,1.658248
-33.928418,37.240904,1.668129
-34.151068,37.441477,1.678198
-34.375138,37.640479,1.688326
-34.600562,37.837973,1.698396
-34.827271,38.033996,1.708302
-35.055226,38.228570,1.717962
-35.284428,38.421711,1.727294
-35.514874,38.613396,1.736221
-35.746563,38.803576,1.744671
-35.979521,38.992223,1.752660
-36.213782,39.179338,1.760393
-36.449349,39.364980,1.768155
-36.686204,39.549259,1.776171
-36.924315,39.732278,1.784588
-37.163654,39.914123,1.793499
-37.404200,40.094862,1.802945
-37.645938,40.274540,1.812909
-37.888829,40.453153,1.823340
-38.132826,40.630680,1.834173
-38.377894,40.807100,1.845321
-38.623973,40.982389,1.856691
-38.870989,41.156520,1.868188
-39.118876,41.329468,1.879716
-39.367564,41.501198,1.891182
-39.616977,41.671662,1.902501
-39.867042,41.840812,1.913598
-40.117741,42.008651,1.924406
-40.369067,42.175187,1.934862
-40.621011,42.340389,1.944918
-40.873590,42.504240,1.954532
-41.126838,42.666739,1.963670
-41.380770,42.827864,1.972288
-41.635356,42.987575,1.980284
-41.890660,43.145911,1.987489
-42.146770,43.302948,1.993754
-42.403676,43.458719,1.998976
-42.661364,43.613281,2.003113
-42.919835,43.766762,2.006166
-43.179048,43.919316,2.008167
-43.438941,44.071074,2.009174
-43.699456,44.222163,2.009257
-43.960529,44.372716,2.008497
-44.222080,44.522860,2.006987
-44.484031,44.672711,2.004811
-44.746312,44.822380,2.002113
-45.008845,44.971974,1.999074
-45.271552,45.121564,1.995858
-45.534386,45.271133,1.992600
-45.797345,45.420623,1.989352
-46.060482,45.570003,1.986102
-46.323665,45.719328,1.982412
-46.586425,45.868891,1.977881
-46.848236,46.019155,1.972346
-47.108674,46.170651,1.965698
-47.367489,46.323867,1.958201
-47.624811,46.479043,1.950322
-47.880917,46.636246,1.942475
-48.135970,46.795502,1.934956
-48.390066,46.956729,1.927999
-48.643418,47.119868,1.921759
-48.896205,47.284901,1.916320
-49.148432,47.451746,1.911654
-49.400084,47.620300,1.907418
-49.651181,47.790507,1.903155
-49.901700,47.962307,1.898490
-50.151612,48.135607,1.893166
-50.400912,48.310328,1.887224
-50.649595,48.486390,1.880941
-50.897628,48.663692,1.874422
-51.144987,48.842163,1.867558
-51.391652,49.021776,1.860218
-51.637599,49.202495,1.852335
-51.882812,49.384289,1.844057
-52.127267,49.567148,1.835716
-52.370920,49.751045,1.827632
-52.613718,49.935965,1.820072
-52.855646,50.121938,1.813203
-53.096689,50.308996,1.807116
-53.336821,50.497153,1.801855
-53.576037,50.686447,1.797429
-53.814347,50.876907,1.793744
-54.051780,51.068526,1.790512
-54.288375,51.261300,1.787411
-54.523916,51.455222,1.784181
-54.757807,51.650302,1.780662
-54.989526,51.846603,1.776902
-55.218868,52.044223,1.773058
-55.445908,52.243234,1.769281
-55.671046,52.443648,1.765637
-55.894756,52.645435,1.762024
-56.117390,52.848555,1.758293
-56.339264,53.052929,1.754327
-56.560640,53.258451,1.750099
-56.781447,53.465055,1.745741
-57.001193,53.672767,1.741437
-57.219414,53.881649,1.737350
-57.435848,54.091760,1.733596
-57.650298,54.303058,1.730231
-57.862921,54.515358,1.727282
-58.074166,54.728412,1.724768
-58.284391,54.942002,1.722678
-58.493875,55.155919,1.720885
-58.702902,55.370015,1.719194
-58.911683,55.584207,1.717435
-59.120324,55.798454,1.715493
-59.328902,56.012742,1.713386
-59.537512,56.227083,1.711206
-59.746209,56.441492,1.709052
-59.955006,56.655991,1.706991
-60.163911,56.870617,1.704984
-60.372934,57.085423,1.702928
-60.582066,57.300461,1.700729
-60.791299,57.515756,1.698353
-61.000691,57.731155,1.695869
-61.210363,57.946255,1.693382
-61.420380,58.160727,1.691003
-61.630752,58.374688,1.688802
-61.841436,58.588366,1.686818
-62.052353,58.801845,1.685078
-62.263436,59.015246,1.683587
-62.474604,59.228716,1.682281
-62.685789,59.442346,1.681039
-62.896966,59.656203,1.679749
-63.108105,59.870347,1.678328
-63.319170,60.084729,1.676760
-63.530198,60.299047,1.675120
-63.741344,60.513038,1.673489
-63.952633,60.726778,1.671928
-64.163990,60.940396,1.670488
-64.375390,61.153932,1.669185
-64.586819,61.367470,1.667960
-64.798221,61.581120,1.666727
-65.009556,61.794928,1.665414
-65.220798,62.008915,1.664008
-65.431911,62.223107,1.662556
-65.642854,62.437498,1.661124
-65.853628,62.652093,1.659765
-66.064233,62.866902,1.658515
-66.274650,63.081911,1.657399
-66.484876,63.297109,1.656430
-66.694912,63.512493,1.655611
-66.904757,63.728052,1.654910
-67.114409,63.943777,1.654250
-67.323875,64.159664,1.653551
-67.533162,64.375711,1.652762
-67.742276,64.591920,1.651887
-67.951226,64.808293,1.650971
-68.160017,65.024826,1.650056
-68.368657,65.241517,1.649161
-68.577200,65.458428,1.648259
-68.785773,65.675694,1.647295
-68.994411,65.893353,1.646230
-69.203089,66.111330,1.645060
-69.411877,66.329381,1.643824
-69.620937,66.547077,1.642584
-69.830418,66.764039,1.641395
-70.040434,66.980091,1.640294
-70.251002,67.195339,1.639299
-70.462050,67.410043,1.638422
-70.673487,67.624408,1.637666
-70.885216,67.838595,1.637000
-71.097138,68.052774,1.636368
-71.309169,68.267070,1.635720
-71.521241,68.481538,1.635024
-71.733318,68.696046,1.634287
-71.945485,68.910227,1.633550
-72.157889,69.123907,1.632842
-72.370502,69.337222,1.632183
-72.583225,69.550290,1.631594
-72.796048,69.763193,1.631073
-73.008949,69.976073,1.630587
-73.221862,70.189036,1.630092
-73.434751,70.402139,1.629557
-73.647600,70.615435,1.628963
-73.860344,70.828927,1.628322
-74.072898,71.042573,1.627679
-74.285330,71.256466,1.627057
-74.497673,71.470634,1.626467
-74.709922,71.684850,1.625922
-74.922216,71.898708,1.625435
-75.134721,72.111921,1.624992
-75.347448,72.324533,1.624563
-75.560340,72.536726,1.624118
-75.773375,72.748609,1.623632
-75.986416,72.960186,1.623059
-76.198939,73.171106,1.622410
-76.410651,73.381185,1.621730
-76.621806,73.590738,1.621047
-76.832536,73.799934,1.620387
-77.042823,74.008741,1.619777
-77.252809,74.217268,1.619202
-77.462638,74.425633,1.618633
-77.672352,74.633702,1.618052
-77.882023,74.841123,1.617462
-78.091762,75.047592,1.616884
-78.301655,75.252942,1.616339
-78.511771,75.457244,1.615845
-78.722172,75.660783,1.615409
-78.932904,75.863831,1.615037
-79.144004,76.066603,1.614731
-79.355497,76.269320,1.614488
-79.567414,76.472127,1.614287
-79.779831,76.674901,1.614100
-79.992869,76.877341,1.613908
-80.206626,77.079215,1.613697
-80.421141,77.280447,1.613471
-80.636382,77.481198,1.613238
-80.852270,77.681732,1.613010
-81.068738,77.882239,1.612786
-81.285768,78.082696,1.612552
-81.503406,78.282860,1.612297
-81.721701,78.482485,1.612015
-81.940678,78.681426,1.611707
-82.160306,78.879725,1.611386
-82.380478,79.077673,1.611066
-82.601075,79.275569,1.610761
-82.822021,79.473547,1.610474
-83.043327,79.671475,1.610209
-83.265062,79.869067,1.609972
-83.487284,80.066096,1.609765
-83.710018,80.262449,1.609583
-83.933208,80.458276,1.609410
-84.156740,80.653898,1.609235
-84.380522,80.849559,1.609052
-84.604481,81.045447,1.608861
-84.828542,81.241740,1.608666
-85.052684,81.438414,1.608463
-85.276981,81.635137,1.608260
-85.501520,81.831559,1.608070
-85.726362,82.027444,1.607899
-85.951549,82.222639,1.607744
-86.177036,82.417272,1.607595
-86.402712,82.611673,1.607444
-86.628487,82.806091,1.607289
-86.854287,83.000715,1.607134
-87.080039,83.195728,1.606979
-87.305730,83.391112,1.606820
-87.531446,83.586537,1.606664
-87.757289,83.781663,1.606520
-87.983331,83.976270,1.606394
-88.209601,84.170296,1.606292
-88.436046,84.363954,1.606208
-88.662586,84.557530,1.606134
-88.889159,84.751227,1.606061
-89.115706,84.945225,1.605982
-89.342178,85.139651,1.605885
-89.568608,85.334343,1.605768
-89.795100,85.528927,1.605643
-90.021742,85.723110,1.605518
-90.248591,85.916724,1.605398
-90.475646,86.109812,1.605280
-90.702835,86.302645,1.605159
-90.930084,86.495480,1.605034
-91.157336,86.688500,1.604905
-91.384528,86.881895,1.604777
-91.611607,87.075782,1.604644
-91.838578,87.270016,1.604507
-92.065482,87.464288,1.604372
-92.292325,87.658393,1.604248
-92.519074,87.852254,1.604141
-92.745672,88.045978,1.604057
-92.972020,88.239867,1.603995
-93.197975,88.434248,1.603948
-93.423366,88.629417,1.603913
-93.647983,88.825682,1.603884
-93.871577,89.023332,1.603858
-94.093894,89.222599,1.603836
-94.314668,89.423679,1.603822
-94.533617,89.626748,1.603814
-94.750477,89.831934,1.603807
-94.965019,90.039320,1.603795
-95.177043,90.248964,1.603774
-95.386381,90.460911,1.603739
-95.592900,90.675184,1.603692
-95.796493,90.891797,1.603635
-95.997078,91.110753,1.603549
-96.194581,91.332065,1.603433
-96.388782,91.555852,1.603333
-96.579273,91.782330,1.603213
-96.765676,92.011706,1.603161
-96.947676,92.244128,1.603266
-97.124909,92.479728,1.603551
-97.297058,92.718604,1.603997
-97.464097,92.960700,1.604582
-97.626242,93.205817,1.605327
-97.783692,93.453747,1.606255
-97.936622,93.704314,1.607386
-98.085236,93.957377,1.608736
-98.229607,94.212872,1.610337
-98.369403,94.470865,1.612172
-98.504086,94.731487,1.614179
-98.633251,94.994803,1.616293
-98.756568,95.260823,1.618441
-98.873795,95.529500,1.620490
-98.985357,95.800568,1.622229
-99.092657,96.073450,1.623683
-99.197185,96.347545,1.624952
-99.299893,96.622445,1.626114
-99.400904,96.898022,1.627056
-99.499587,97.174437,1.627833
-99.595216,97.451864,1.628560
-99.687079,97.730422,1.629218
-99.774411,98.010251,1.629792
-99.856619,98.291421,1.630271
-99.933490,98.573822,1.630602
-100.005177,98.857291,1.630782
-100.071930,99.141809,1.630821
-100.133964,99.427318,1.630734
-100.191498,99.713695,1.630557
-100.244732,100.000881,1.630318
-100.293818,100.288837,1.630038
-100.338896,100.577495,1.629732
-100.380149,100.866813,1.629414
-100.417788,101.156781,1.629097
-100.452005,101.447383,1.628793
-100.482975,101.738605,1.628513
-100.510846,102.030454,1.628265
-100.535731,102.322944,1.628054
-100.557721,102.616101,1.627884
-100.576891,102.909959,1.627752
-100.593326,103.204527,1.627655
-100.607130,103.499824,1.627592
-100.618424,103.795881,1.627550
-100.627445,104.092646,1.627500
-100.634686,104.389898,1.627439
-100.640700,104.687381,1.627387
-100.645873,104.984900,1.627355
-100.650508,105.282277,1.627345
-100.654878,105.579340,1.627360
-100.659208,105.875937,1.627399
-100.663680,106.171931,1.627456
-100.668460,106.467202,1.627527
-100.673687,106.761657,1.627607
-100.679478,107.055232,1.627690
-100.685946,107.347867,1.627775
-100.693200,107.639565,1.627857
-100.701346,107.930363,1.627935
-100.710498,108.220251,1.628006
-100.720765,108.509251,1.628069
-100.732226,108.797444,1.628124
-100.744924,109.084912,1.628167
-100.758872,109.371714,1.628196
-100.774036,109.657889,1.628212
-100.790335,109.943496,1.628214
-100.807655,110.228606,1.628204
-100.825868,110.513278,1.628183
-100.844838,110.797593,1.628154
-100.864437,111.081636,1.628118
-100.884544,111.365490,1.628079
-100.905045,111.649234,1.628038
-100.925839,111.932972,1.627998
-100.946825,112.216791,1.627958
-100.967903,112.500727,1.627921
-100.988976,112.784821,1.627887
-101.009949,113.069112,1.627858
-101.030740,113.353632,1.627833
-101.051276,113.638401,1.627815
-101.071492,113.923457,1.627801
-101.091325,114.208832,1.627793
-101.110721,114.494540,1.627790
-101.129636,114.780603,1.627792
-101.148042,115.067055,1.627795
-101.165923,115.353862,1.627796
-101.183273,115.640960,1.627798
-101.200096,115.928340,1.627801
-101.216401,116.215999,1.627803
-101.232193,116.503915,1.627803
-101.247484,116.792051,1.627805
-101.262292,117.080407,1.627804
-101.276622,117.368942,1.627800
-101.290478,117.657607,1.627798
-101.303868,117.946411,1.627794
-101.316803,118.235323,1.627787
-101.329292,118.524287,1.627782
-101.341346,118.813305,1.627777
-101.352977,119.102384,1.627770
-101.364189,119.391476,1.627765
-101.374988,119.680594,1.627759
-101.385383,119.969716,1.627751
-101.395379,120.258790,1.627745
-101.404980,120.547838,1.627742
-101.414190,120.836901,1.627736
-101.423010,121.125931,1.627730
-101.431441,121.414894,1.627725
-101.439482,121.703791,1.627719
-101.447134,121.992618,1.627715
-101.454400,122.281388,1.627713
-101.461280,122.570142,1.627711
-101.467778,122.858884,1.627709
-101.473895,123.147621,1.627710
-101.479637,123.436392,1.627707
-101.485004,123.725144,1.627704
-101.489994,124.013870,1.627704
-101.494603,124.302645,1.627700
-101.498837,124.591413,1.627694
-101.502694,124.880118,1.627692
-101.506177,125.168847,1.627688
-101.509290,125.457606,1.627684
-101.512048,125.746359,1.627681
-101.514456,126.035132,1.627680
-101.516505,126.323951,1.627677
-101.518195,126.612794,1.627675
-101.519529,126.901674,1.627674
-101.520509,127.190600,1.627670
-101.521135,127.479533,1.627665
-101.521404,127.768454,1.627660
-101.521307,128.057369,1.627656
-101.520839,128.346313,1.627650
-101.520004,128.635298,1.627642
-101.518815,128.924305,1.627634
-101.517286,129.213361,1.627625
-101.515436,129.502460,1.627614
-101.513270,129.791547,1.627605
-101.510775,130.080636,1.627599
-101.507941,130.369767,1.627591
-101.504775,130.658890,1.627583
-101.501282,130.947974,1.627578
-101.497469,131.237055,1.627573
-101.493350,131.526115,1.627566
-101.488939,131.815108,1.627562
-101.484244,132.104070,1.627558
-101.479270,132.393015,1.627554
-101.474031,132.681908,1.627551
-101.468542,132.970762,1.627548
-101.462813,133.259572,1.627543
-101.456856,133.548310,1.627540
-101.450691,133.836983,1.627537
-101.444335,134.125595,1.627534
-101.437806,134.414155,1.627531
-101.431123,134.702674,1.627528
-101.424303,134.991147,1.627525
-101.417363,135.279563,1.627521
-101.410317,135.567903,1.627517
-101.403177,135.856175,1.627512
-101.395956,136.144352,1.627505
-101.388673,136.432390,1.627500
-101.381354,136.720337,1.627498
-101.374023,137.008235,1.627494
-101.366704,137.296082,1.627493
-101.359417,137.583883,1.627489
-101.352178,137.871605,1.627485
-101.345006,138.159243,1.627483
-101.337920,138.446831,1.627478
-101.330934,138.734348,1.627475
-101.324065,139.021801,1.627473
-101.317338,139.309218,1.627471
-101.310774,139.596614,1.627468
-101.304381,139.883963,1.627465
-101.298169,140.171256,1.627463
-101.292154,140.458525,1.627461
-101.286343,140.745776,1.627457
-101.280743,141.032986,1.627455
-101.275358,141.320180,1.627453
-101.270191,141.607369,1.627447
-101.265250,141.894387,1.627410
-101.260552,142.180640,1.627357
-101.256103,142.465783,1.627312
-101.251911,142.750057,1.627274
-101.248005,143.033615,1.627243
-101.244425,143.316433,1.627225
-101.241200,143.598672,1.627219
-101.238358,143.880521,1.627218
-101.235918,144.162031,1.627226
-101.233888,144.443308,1.627240
-101.232257,144.724490,1.627257
-101.231016,145.005644,1.627276
-101.230151,145.286826,1.627297
-101.229633,145.568113,1.627317
-101.229431,145.849560,1.627334
-101.229511,146.131184,1.627349
-101.229827,146.413014,1.627362
-101.230333,146.695090,1.627374
-101.230984,146.977450,1.627384
-101.231745,147.260121,1.627391
-101.232585,147.543102,1.627394
-101.233471,147.826368,1.627394
-101.234374,148.109918,1.627392
-101.235280,148.393769,1.627390
-101.236172,148.677947,1.627387
-101.237029,148.962446,1.627381
-101.237840,149.247253,1.627374
-101.238596,149.532358,1.627364
-101.239290,149.817730,1.627354
-101.239915,150.103354,1.627343
-101.240460,150.389226,1.627331
-101.240916,150.675313,1.627321
-101.241284,150.961612,1.627311
-101.241565,151.248118,1.627300
-101.241764,151.534802,1.627290
-101.241884,151.821632,1.627280
-101.241934,152.108578,1.627271
-101.241917,152.395639,1.627263
-101.241840,152.682810,1.627254
-101.241705,152.970035,1.627242
-101.241515,153.257210,1.627232
-101.241262,153.544360,1.627228
-101.240925,153.831601,1.627225
-101.240481,154.118927,1.627222
-101.239902,154.406303,1.627222
-101.239134,154.693755,1.627221
-101.238105,154.981280,1.627221
-101.236738,155.268867,1.627222
-101.234942,155.556547,1.627227
-101.232635,155.844380,1.627233
-101.229749,156.132383,1.627239
-101.226241,156.420551,1.627245
-101.222065,156.708894,1.627251
-101.217157,156.997414,1.627255
-101.211479,157.286094,1.627256
-101.205027,157.574922,1.627257
-101.197807,157.863924,1.627257
-101.189833,158.153107,1.627253
-101.181151,158.442449,1.627247
-101.171846,158.731953,1.627241
-101.162025,159.021656,1.627231
-101.151819,159.311552,1.627220
-101.141376,159.601632,1.627206
-101.130867,159.891855,1.627188
-101.120458,160.182132,1.627169
-101.110293,160.472419,1.627151
-101.100479,160.762685,1.627133
-101.091063,161.052868,1.627116
-101.082025,161.342923,1.627101
-101.073310,161.632811,1.627085
-101.064867,161.922500,1.627073
-101.056650,162.212047,1.627066
-101.048619,162.501507,1.627061
-101.040734,162.790911,1.627061
-101.032977,163.080309,1.627066
-101.025356,163.369768,1.627074
-101.017860,163.659357,1.627086
-101.010477,163.949161,1.627100
-101.003242,164.239253,1.627117
-100.996204,164.529758,1.627151
-100.989290,164.821014,1.627203
-100.982339,165.113442,1.627273
-100.975198,165.407362,1.627347
-100.967724,165.702929,1.627429
-100.959757,166.000287,1.627509
-100.951176,166.299567,1.627540
-100.941929,166.600780,1.627445
-100.932489,166.903596,1.627186
-100.924444,167.207276,1.626784
-100.919708,167.511106,1.626324
-100.919632,167.814416,1.625787
-100.925072,168.116028,1.625241
-100.937019,168.415277,1.624757
-100.956460,168.712400,1.624357
-100.984226,169.007213,1.624155
-101.021363,169.299134,1.624201
-101.069062,169.587702,1.624421
-101.128051,169.872419,1.624620
-101.197658,170.152989,1.624001
-101.275236,170.429984,1.622244
-101.357453,170.704421,1.619963
-101.441555,170.977113,1.617591
-101.525147,171.248878,1.615403
-101.606018,171.520542,1.613659
-101.682522,171.792738,1.612486
-101.753565,172.065999,1.611873
-101.818234,172.340774,1.611692
-101.875583,172.617222,1.611596
-101.924857,172.894354,1.611505
-101.965721,173.169467,1.611488
-101.998114,173.439845,1.611621
-102.022210,173.703682,1.612062
-102.038297,173.959335,1.612837
-102.047739,174.253438,1.613865
-102.048236,174.533161,1.614389
-102.042078,174.800204,1.612955
-102.030156,175.058218,1.610145
-102.014003,175.311817,1.604980
-101.995518,175.564372,1.598897
-101.977547,175.815234,1.593424
-101.962006,176.102131,1.587921
-101.953359,176.382308,1.584391
-101.952508,176.653505,1.582853
-101.961408,176.913431,1.582909
-101.985392,177.194597,1.584568
-102.026269,177.456167,1.587146
-102.093692,177.724776,1.590707
-102.184383,177.962719,1.594279
-102.311290,178.187995,1.597524
-102.478050,178.388166,1.598750
-102.683511,178.559929,1.597756
-102.905800,178.693689,1.595935
-103.138011,178.796905,1.593813
-103.391633,178.887171,1.591651
-103.636995,178.966055,1.590276
-103.882656,179.041265,1.589773
-104.125515,179.110303,1.590497
-104.361179,179.196240,1.592109
-104.154390,179.337333,1.592575
-103.907956,179.400524,1.594784
-103.661533,179.472291,1.598016
-103.910407,179.503325,1.594099
-104.160057,179.470241,1.590936
-104.422676,179.437117,1.589595
-104.678282,179.407387,1.589717
-104.939392,179.381403,1.588807
-105.197273,179.366060,1.589128
-105.446767,179.384756,1.595663
-105.377888,179.629685,1.602251
-105.271207,179.857570,1.602824
-105.165463,179.625536,1.606394
-105.153865,179.375397,1.604616
-105.133112,179.123536,1.602425
-105.103660,178.870146,1.600131
-105.065583,178.598965,1.598059
-105.025422,178.341531,1.596273
-104.981235,178.072784,1.594578
-104.940297,177.825544,1.593428
-104.898972,177.570860,1.592620
-104.857226,177.308316,1.592157
-104.814734,177.037351,1.591964
-104.772245,176.757815,1.591916
-104.741199,176.507352,1.592182
-104.725339,176.253401,1.593220
-104.731857,175.997779,1.595280
-104.766218,175.742263,1.597709
-104.830536,175.488271,1.599836
-104.924652,175.236952,1.601237
-105.047521,174.989485,1.601813
-105.197708,174.747072,1.601700
-105.346900,174.544653,1.601158
-105.513784,174.348508,1.600371
-105.697398,174.159614,1.599441
-105.896762,173.978830,1.598406
-106.110741,173.806688,1.597243
-106.338036,173.643434,1.596040
-106.577436,173.489533,1.594882
-106.827932,173.345304,1.593762
-107.088512,173.210729,1.592736
-107.358325,173.085605,1.591793
-107.589746,172.988131,1.591075
-107.826762,172.896444,1.590456
-108.069094,172.810313,1.589951
-108.316547,172.729552,1.589562
-108.568957,172.654030,1.589316
-108.826276,172.583797,1.589241
-109.088628,172.519047,1.589310
-109.356141,172.459993,1.589499
-109.628893,172.406862,1.589797
-109.906968,172.359934,1.590175
-110.190421,172.319483,1.590579
-110.479301,172.285556,1.590960
-110.773697,172.257921,1.591294
-111.073587,172.236392,1.591570
-111.378787,172.220947,1.591776
-111.689055,172.211567,1.591862
-111.940655,172.208455,1.591762
-112.194511,172.209439,1.591395
-112.449044,172.214855,1.590781
-112.702269,172.224974,1.590091
-112.952499,172.239939,1.589515
-113.259238,172.265581,1.589132
-113.557249,172.298904,1.589160
-113.844674,172.339666,1.589480
-114.120588,172.387497,1.589880
-114.384819,172.441602,1.590177
-114.637457,172.500799,1.590371
-114.925496,172.577158,1.590496
-115.197634,172.657983,1.590173
-115.456788,172.741566,1.588999
-115.707832,172.826330,1.587284
-115.954785,172.910851,1.585381
-116.201958,172.993298,1.583753
-116.453742,173.071592,1.582664
-116.713170,173.143511,1.582457
-116.982410,173.206519,1.583102
-117.262608,173.257900,1.584265
-117.553840,173.295704,1.585598
-117.804572,173.316113,1.586630
-118.061966,173.326115,1.587444
-118.325260,173.325666,1.587972
-118.593724,173.314997,1.588194
-118.866638,173.294500,1.588128
-119.143240,173.264601,1.587819
-119.422797,173.225768,1.587304
-119.704613,173.178574,1.586596
-119.987989,173.123744,1.585727
-120.272308,173.062037,1.584767
-120.557079,172.994209,1.583766
-120.841906,172.921157,1.582755
-121.126460,172.843864,1.581789
-121.410494,172.763226,1.580935
-121.694053,172.680070,1.580212
-121.977362,172.595353,1.579605
-122.260608,172.510059,1.579141
-122.543948,172.424889,1.578830
-122.827530,172.340398,1.578656
-123.111432,172.257397,1.578605
-123.395692,172.176837,1.578675
-123.680381,172.099513,1.578869
-123.965575,172.026126,1.579165
-124.251324,171.957278,1.579528
-124.537669,171.893395,1.579925
-124.824635,171.834766,1.580322
-125.112219,171.781591,1.580688
-125.400396,171.733956,1.580990
-125.689142,171.691867,1.581215
-125.978438,171.655347,1.581357
-126.268259,171.624405,1.581401
-126.558538,171.598907,1.581366
-126.849163,171.578603,1.581260
-127.140009,171.563196,1.581091
-127.431011,171.552362,1.580885
-127.722165,171.545811,1.580665
-128.013502,171.543430,1.580492
-128.305075,171.545531,1.580388
-128.596848,171.552531,1.580264
-128.888770,171.564168,1.580078
-129.180839,171.579743,1.579870
-129.473027,171.598810,1.579649
-129.765260,171.621020,1.579417
-130.057479,171.645938,1.579213
-130.349672,171.673410,1.579086
-130.641702,171.704005,1.579057
-130.933313,171.738668,1.579115
-131.224297,171.778113,1.579266
-131.514457,171.822903,1.579495
-131.803554,171.873563,1.579768
-132.091407,171.930455,1.580045
-132.377896,171.993730,1.580286
-132.662791,172.063311,1.580416
-132.945459,172.138830,1.580447
-133.225455,172.219968,1.580438
-133.502913,172.306678,1.580386
-133.777939,172.398859,1.580307
-134.050542,172.496364,1.580223
-134.320910,172.599138,1.580118
-134.589258,172.707018,1.579973
-134.855771,172.819648,1.579792
-135.120914,172.936643,1.579581
-135.385346,173.057575,1.579335
-135.649662,173.181855,1.579080
-135.914492,173.308818,1.578826
-136.180312,173.437738,1.578569
-136.447266,173.567793,1.578320
-136.715294,173.698232,1.578100
-136.984304,173.828467,1.577913
-137.254139,173.958035,1.577760
-137.524555,174.086608,1.577639
-137.795240,174.214042,1.577498
-138.065837,174.340319,1.577303
-138.336027,174.465459,1.577058
-138.605521,174.589506,1.576762
-138.873971,174.712535,1.576441
-139.140971,174.834686,1.575994
-139.406273,174.956380,1.575555
-139.669865,175.078434,1.575240
-139.931820,175.201608,1.574942
-140.192264,175.326436,1.574668
-140.451318,175.453494,1.574570
-140.709029,175.583353,1.574602
-140.965398,175.716403,1.574678
-141.220416,175.853107,1.574769
-141.473980,175.994055,1.574935
-141.725923,176.139671,1.575163
-141.976029,176.290403,1.575447
-142.223968,176.446842,1.575775
-142.469215,176.609466,1.576162
-142.711129,176.778690,1.576645
-142.949073,176.955034,1.577177
-143.182422,177.138875,1.577639
-143.410700,177.330114,1.577885
-143.633616,177.528351,1.577782
-143.850949,177.733059,1.577410
-144.062627,177.943488,1.576641
-144.268741,178.159093,1.575563
-144.469510,178.379179,1.574160
-144.665119,178.601764,1.572410
-144.855634,178.824474,1.570695
-145.040631,179.047133,1.569340
-145.219243,179.271044,1.568266
-145.390937,179.496825,1.567485
-145.555390,179.724942,1.567108
-145.712157,179.956307,1.567072
-145.860891,180.191637,1.567300
-146.001350,180.431328,1.567766
-146.133304,180.675699,1.568304
-146.256769,180.924753,1.568751
-146.372003,181.178108,1.569086
-146.479271,181.435257,1.569283
-146.578859,181.695658,1.569312
-146.671168,181.958724,1.569207
-146.756625,182.223869,1.569000
-146.835665,182.490479,1.568633
-146.908973,182.757963,1.567984
-146.977550,183.025843,1.567203
-147.042161,183.293143,1.566391
-147.102839,183.557774,1.565647
-147.159375,183.817477,1.565154
-147.211592,184.070535,1.565045
-147.268411,184.363252,1.565364
-147.319355,184.641719,1.565997
-147.365005,184.904654,1.566765
-147.405587,185.151599,1.567599
-147.447505,185.418582,1.568546
-147.489913,185.694793,1.569494
-147.532711,185.969172,1.569539
-147.579043,186.234965,1.567387
-147.633010,186.489347,1.563924
-147.697749,186.746549,1.560680
-147.767894,186.999537,1.558269
-147.838924,187.243896,1.557668
-147.929946,187.487345,1.558520
-148.090646,187.682752,1.559818
-148.317962,187.789795,1.559831
-148.464697,188.009362,1.565921
-148.519665,188.257671,1.569480
-148.551111,188.516429,1.570125
-148.571809,188.794967,1.569207
-148.584206,189.074642,1.567471
-148.591552,189.340990,1.565539
-148.597696,189.625257,1.563567
-148.603735,189.882135,1.562027
-148.611173,190.150545,1.560668
-148.619715,190.429840,1.559503
-148.629143,190.719469,1.558529
-148.639568,191.019012,1.557774
-148.649112,191.275981,1.557314
-148.659556,191.539496,1.557004
-148.671004,191.809484,1.556831
-148.683425,192.085901,1.556785
-148.696730,192.368729,1.556853
-148.710882,192.657941,1.556989
-148.725841,192.953264,1.557047
-148.741482,193.253826,1.556964
-148.757674,193.558469,1.556799
-148.774409,193.866240,1.556582
-148.791663,194.176262,1.556332
-148.809318,194.487611,1.556092
-148.827249,194.799464,1.555883
-148.845254,195.111021,1.555711
-148.862976,195.421400,1.555593
-148.880050,195.729740,1.555544
-148.896195,196.035244,1.555570
-148.911285,196.337321,1.555656
-148.925380,196.635674,1.555790
-148.938479,196.930118,1.555960
-148.950478,197.220508,1.556141
-148.961336,197.506833,1.556320
-148.971062,197.789143,1.556498
-148.979638,198.067373,1.556671
-148.987000,198.341415,1.556836
-148.993019,198.611195,1.556994
-148.997715,198.876529,1.557119
-149.001279,199.137547,1.557103
-149.003778,199.395683,1.556950
-149.005143,199.652984,1.556767
-149.005363,199.910949,1.556642
-149.004773,200.170735,1.556623
-149.003928,200.433550,1.556690
-149.002949,200.700184,1.556814
-149.001726,200.970958,1.556969
-149.000497,201.246049,1.557102
-148.999562,201.525398,1.557153
-148.998959,201.808583,1.557093
-148.998717,202.094943,1.556919
-148.998844,202.383841,1.556689
-148.999053,202.674871,1.556425
-148.998977,202.967680,1.556169
-148.998428,203.262028,1.555947
-148.997260,203.557821,1.555761
-148.995109,203.854911,1.555616
-148.991599,204.153174,1.555515
-148.986508,204.452567,1.555452
-148.979494,204.752944,1.555421
-148.969966,205.053985,1.555426
-148.957158,205.355240,1.555480
-148.940300,205.656250,1.555585
-148.918792,205.956692,1.555741
-148.892158,206.256304,1.555943
-148.859962,206.554791,1.556170
-148.821862,206.851895,1.556405
-148.777615,207.147418,1.556628
-148.727093,207.441234,1.556816
-148.670280,207.733333,1.556960
-148.607225,208.023801,1.557050
-148.538049,208.312770,1.557060
-148.463071,208.600421,1.556973
-148.382779,208.886958,1.556803
-148.297742,209.172711,1.556535
-148.208801,209.458000,1.556145
-148.117164,209.742975,1.555684
-148.023983,210.027722,1.555232
-147.930056,210.312304,1.554828
-147.836085,210.596738,1.554491
-147.742784,210.881032,1.554235
-147.650678,211.165191,1.554062
-147.560091,211.449234,1.553967
-147.471257,211.733226,1.553936
-147.384301,212.017234,1.553955
-147.299269,212.301319,1.554014
-147.216208,212.585550,1.554102
-147.135187,212.869993,1.554212
-147.056267,213.154704,1.554336
-146.979521,213.439729,1.554458
-146.905058,213.725103,1.554542
-146.832969,214.010914,1.554593
-146.763261,214.297298,1.554594
-146.695930,214.584345,1.554584
-146.631006,214.872133,1.554579
-146.568556,215.160730,1.554581
-146.508693,215.450145,1.554587
-146.451562,215.740285,1.554591
-146.397311,216.030956,1.554596
-146.346054,216.322045,1.554597
-146.297685,216.613650,1.554589
-146.251780,216.906159,1.554585
-146.207896,217.200026,1.554552
-146.165778,217.495100,1.554455
-146.125206,217.790958,1.554384
-146.085827,218.088060,1.554326
-146.047392,218.386787,1.554245
-146.009788,218.686832,1.554157
-145.972882,218.987906,1.554077
-145.936540,219.289919,1.553976
-145.900866,219.592577,1.553814
-145.866523,219.895431,1.553637
-145.834802,220.198123,1.553538
-145.807629,220.500460,1.553565
-145.786870,220.802177,1.553763
-145.773871,221.102907,1.554176
-145.769758,221.402497,1.554777
-145.775526,221.700972,1.555478
-145.791887,221.998225,1.556220
-145.819345,222.294063,1.556945
-145.858220,222.588286,1.557608
-145.908345,222.880671,1.558088
-145.969006,223.170980,1.558413
-146.039415,223.459049,1.558655
-146.118944,223.744817,1.558829
-146.207009,224.028185,1.558958
-146.303041,224.309062,1.559051
-146.406492,224.587414,1.559122
-146.516814,224.863132,1.559222
-146.633478,225.136048,1.559414
-146.756021,225.406077,1.559739
-146.884027,225.673212,1.560199
-147.017105,225.937423,1.560759
-147.154914,226.198712,1.561373
-147.297133,226.457135,1.562006
-147.443479,226.712773,1.562632
-147.593690,226.965718,1.563202
-147.747376,227.216274,1.563675
-147.903999,227.464980,1.564063
-148.063107,227.712270,1.564403
-148.224484,227.958310,1.564759
-148.388109,228.203005,1.565172
-148.553964,228.446179,1.565674
-148.722023,228.687704,1.566266
-148.892300,228.927467,1.566907
-149.064731,229.165460,1.567541
-149.239066,229.401951,1.568158
-149.415047,229.637306,1.568789
-149.592534,229.871785,1.569463
-149.771488,230.105396,1.570207
-149.951979,230.337912,1.571033
-150.134115,230.569114,1.571938
-150.317924,230.798919,1.572885
-150.503287,231.027524,1.573829
-150.690027,231.255258,1.574730
-150.877981,231.482251,1.575566
-151.067129,231.708374,1.576329
-151.257599,231.933412,1.577007
-151.449484,232.157210,1.577598
-151.642717,232.379813,1.578130
-151.837135,232.601487,1.578635
-152.032597,232.822488,1.579141
-152.229025,233.042934,1.579668
-152.426422,233.262660,1.580223
-152.624882,233.481372,1.580795
-152.824524,233.698901,1.581355
-153.025343,233.915258,1.581879
-153.227210,234.130708,1.582368
-153.429976,234.345543,1.582835
-153.633483,234.559950,1.583305
-153.837628,234.774160,1.583787
-154.042372,234.988249,1.584264
-154.247764,235.201879,1.584718
-154.453830,235.414580,1.585136
-154.660593,235.626096,1.585528
-154.868213,235.836594,1.585877
-155.076675,236.046389,1.586177
-155.285827,236.255707,1.586431
-155.495583,236.464752,1.586643
-155.705872,236.673745,1.586806
-155.916589,236.882724,1.586937
-156.127794,237.091429,1.587059
-156.339646,237.299499,1.587186
-156.552158,237.506642,1.587338
-156.765364,237.712871,1.587513
-156.979256,237.918495,1.587693
-157.193708,238.123800,1.587876
-157.408587,238.328996,1.588070
-157.623783,238.534313,1.588286
-157.839202,238.739989,1.588527
-158.054767,238.946060,1.588786
-158.270499,239.152223,1.589067
-158.486451,239.358260,1.589364
-158.702542,239.564321,1.589670
-158.918725,239.770632,1.589972
-159.135007,239.977299,1.590254
-159.351289,240.184405,1.590512
-159.567453,240.392069,1.590744
-159.783451,240.600388,1.590949
-159.999227,240.809411,1.591136
-160.214686,241.019140,1.591316
-160.429757,241.229555,1.591500
-160.644398,241.440617,1.591691
-160.858567,241.652267,1.591892
-161.072265,241.864464,1.592097
-161.285534,242.077176,1.592292
-161.498387,242.290309,1.592479
-161.710861,242.503784,1.592665
-161.923026,242.717548,1.592850
-162.134918,242.931501,1.593046
-162.346616,243.145576,1.593257
-162.558219,243.359755,1.593479
-162.769759,243.573998,1.593706
-162.981270,243.788286,1.593929
-163.192799,244.002624,1.594139
-163.404340,244.217010,1.594330
-163.615871,244.431470,1.594499
-163.827394,244.646060,1.594642
-164.038886,244.860807,1.594759
-164.250302,245.075727,1.594856
-164.461608,245.290842,1.594942
-164.672770,245.506160,1.595024
-164.883721,245.721655,1.595107
-165.094399,245.937314,1.595201
-165.304810,246.153185,1.595303
-165.514955,246.369325,1.595408
-165.724781,246.585768,1.595512
-165.934241,246.802558,1.595613
-166.143313,247.019747,1.595713
-166.351966,247.237390,1.595816
-166.560165,247.455527,1.595922
-166.767889,247.674180,1.596034
-166.975167,247.893396,1.596141
-167.182010,248.113158,1.596241
-167.388475,248.333392,1.596320
-167.594806,248.553738,1.596369
-167.801388,248.773569,1.596401
-168.008394,248.992666,1.596425
-168.215749,249.211264,1.596443
-168.423423,249.429506,1.596457
-168.631418,249.647434,1.596470
-168.839663,249.865161,1.596490
-169.048125,250.082803,1.596522
-169.256825,250.300402,1.596559
-169.465722,250.517945,1.596600
-169.674779,250.735418,1.596645
-169.884022,250.952822,1.596690
-170.093465,251.170140,1.596737
-170.303122,251.387349,1.596790
-170.513023,251.604410,1.596848
-170.723179,251.821265,1.596913
-170.933597,252.037861,1.596985
-171.144306,252.254178,1.597054
-171.355277,252.470167,1.597125
-171.566541,252.685842,1.597195
-171.778150,252.901245,1.597255
-171.990089,253.116334,1.597309
-172.202372,253.331092,1.597357
-172.415032,253.545531,1.597394
-172.628068,253.759620,1.597422
-172.841484,253.973319,1.597447
-173.055306,254.186595,1.597469
-173.269524,254.399384,1.597492
-173.484136,254.611645,1.597525
-173.699234,254.823447,1.597564
-173.914883,255.034833,1.597601
-174.131077,255.245753,1.597640
-174.347866,255.456195,1.597679
-174.565317,255.666131,1.597718
-174.783486,255.875480,1.597762
-175.002456,256.084191,1.597810
-175.222292,256.292173,1.597857
-175.443028,256.499245,1.597904
-175.664733,256.705288,1.597954
-175.887510,256.910241,1.598002
-176.111444,257.114003,1.598050
-176.336613,257.316497,1.598094
-176.563070,257.517646,1.598128
-176.790775,257.717163,1.598152
-177.019702,257.914710,1.598178
-177.249972,258.110213,1.598213
-177.481727,258.303662,1.598254
-177.715021,258.494946,1.598300
-177.949901,258.683952,1.598358
-178.186505,258.870632,1.598422
-178.424936,259.054904,1.598482
-178.665181,259.236647,1.598534
-178.907198,259.415804,1.598572
-179.150906,259.592362,1.598593
-179.396182,259.766325,1.598602
-179.642945,259.937779,1.598601
-179.891117,260.106831,1.598596
-180.140590,260.273486,1.598584
-180.391201,260.437745,1.598549
-180.642705,260.599937,1.598484
-180.894807,260.760632,1.598404
-181.147257,260.920309,1.598327
-181.399919,261.079437,1.598268
-181.652747,261.238579,1.598235
-181.905710,261.398290,1.598230
-182.158732,261.558984,1.598245
-182.411703,261.720859,1.598266
-182.664526,261.883836,1.598273
-182.917112,262.047546,1.598259
-183.169296,262.211541,1.598232
-183.420989,262.375490,1.598215
-183.672396,262.539249,1.598209
-183.923747,262.702742,1.598217
-184.175206,262.865958,1.598239
-184.426972,263.028985,1.598282
-184.679283,263.192099,1.598333
-184.932178,263.355574,1.598376
-185.185550,263.519348,1.598401
-185.439314,263.683150,1.598414
-185.693407,263.846815,1.598415
-185.947760,264.010224,1.598409
-186.202357,264.173230,1.598398
-186.457161,264.335709,1.598380
-186.712072,264.497603,1.598362
-186.967016,264.659085,1.598350
-187.221916,264.820523,1.598346
-187.476683,264.982217,1.598354
-187.731252,265.144378,1.598375
-187.985570,265.307190,1.598406
-188.239645,265.470661,1.598427
-188.493475,265.634488,1.598434
-188.747020,265.798335,1.598440
-189.000311,265.962065,1.598449
-189.253377,266.125757,1.598466
-189.506167,266.289601,1.598491
-189.758632,266.453765,1.598525
-190.010741,266.618383,1.598567
-190.262465,266.783592,1.598612
-190.513806,266.949507,1.598659
-190.764815,267.116128,1.598690
-191.015534,267.283182,1.598700
-191.265969,267.450288,1.598698
-191.516162,267.617197,1.598692
-191.766147,267.783865,1.598688
-192.015917,267.950471,1.598688
-192.265447,268.117225,1.598692
-192.514702,268.284270,1.598707
-192.763685,268.451777,1.598730
-193.012382,268.619887,1.598754
-193.260750,268.788624,1.598774
-193.508820,268.957827,1.598781
-193.756671,269.127166,1.598778
-194.004354,269.296333,1.598771
-194.251869,269.465169,1.598770
-194.499220,269.633787,1.598779
-194.746399,269.802432,1.598797
-194.993381,269.971283,1.598821
-195.240118,270.140477,1.598852
-195.486597,270.310173,1.598888
-195.732849,270.480509,1.598921
-195.978901,270.651434,1.598939
-196.224800,270.822637,1.598940
-196.470587,270.993761,1.598930
-196.716275,271.164565,1.598917
-196.961849,271.335035,1.598910
-197.207312,271.505403,1.598910
-197.452641,271.675892,1.598918
-197.697803,271.846656,1.598936
-197.942788,272.017875,1.598960
-198.187560,272.189674,1.598985
-198.432115,272.362079,1.599003
-198.676526,272.534898,1.599006
-198.920860,272.707766,1.598999
-199.165157,272.880384,1.598991
-199.409423,273.052640,1.598987
-199.653632,273.224681,1.598994
-199.897770,273.396760,1.599005
-200.141748,273.569014,1.598999
-200.385149,273.741306,1.598969
-200.627546,273.913476,1.598946
-200.869025,274.085698,1.598930
-201.109732,274.258135,1.598921
-201.349690,274.430818,1.598923
-201.589006,274.603828,1.598937
-201.827859,274.777301,1.598958
-202.066343,274.951305,1.598981
-202.304479,275.125853,1.599009
-202.542302,275.300977,1.599037
-202.779818,275.476689,1.599066
-203.017052,275.652997,1.599092
-203.254070,275.829796,1.599101
-203.490961,276.006714,1.599098
-203.727824,276.183368,1.599093
-203.964769,276.359612,1.599095
-204.201848,276.535578,1.599107
-204.439087,276.711516,1.599130
-204.676503,276.887618,1.599153
-204.914074,277.063833,1.599171
-205.151835,277.239881,1.599191
-205.389909,277.415522,1.599212
-205.628353,277.590720,1.599237
-205.867117,277.765697,1.599268
-206.106138,277.940730,1.599302
-206.345344,278.115999,1.599334
-206.584651,278.291517,1.599362
-206.824101,278.467066,1.599386
-207.063796,278.642359,1.599403
-207.303750,278.817162,1.599419
-207.543970,278.991290,1.599440
-207.784505,279.164780,1.599464
-208.025321,279.337957,1.599489
-208.266309,279.511127,1.599518
-208.507428,279.684462,1.599546
-208.748675,279.857906,1.599567
-208.990044,280.031230,1.599584
-209.231550,280.204261,1.599599
-209.473183,280.376993,1.599615
-209.714866,280.549633,1.599633
-209.956522,280.722451,1.599661
-210.198161,280.895691,1.599694
-210.439758,281.069535,1.599727
-210.681262,281.244044,1.599752
-210.922664,281.419059,1.599765
-211.163940,281.594448,1.599780
-211.405075,281.770348,1.599801
-211.646097,281.946936,1.599824
-211.887040,282.124292,1.599850
-212.127889,282.302504,1.599873
-212.368412,282.481677,1.599880
-212.608032,282.661967,1.599883
-212.846175,282.843609,1.599891
-213.082550,283.026752,1.599893
-213.317265,283.211335,1.599887
-213.550628,283.397228,1.599874
-213.782931,283.584282,1.599837
-214.014404,283.772057,1.599772
-214.245246,283.959936,1.599700
-214.475666,284.147477,1.599634
-214.705854,284.334332,1.599579
-214.935936,284.520117,1.599539
-215.166021,284.704537,1.599519
-215.396260,284.887444,1.599516
-215.626798,285.068711,1.599529
-215.857740,285.248207,1.599553
-216.089177,285.425839,1.599585
-216.321189,285.601559,1.599621
-216.553829,285.775360,1.599659
-216.787178,285.947289,1.599699
-217.021316,286.117430,1.599732
-217.256227,286.285840,1.599760
-217.491888,286.452601,1.599786
-217.728348,286.617852,1.599806
-217.965604,286.781710,1.599819
-218.203594,286.944254,1.599828
-218.442281,287.105583,1.599833
-218.681641,287.265797,1.599836
-218.921650,287.424970,1.599839
-219.162317,287.583165,1.599842
-219.403639,287.740420,1.599846
-219.645614,287.896756,1.599850
-219.888242,288.052208,1.599854
-220.131504,288.207059,1.599854
-220.375314,288.361850,1.599818
-220.619630,288.516863,1.599716
-220.864450,288.672069,1.599253
-221.109771,288.827419,1.597967
-221.355626,288.982774,1.595450
-221.602098,289.137887,1.591384
-221.849254,289.292644,1.585601
-222.097135,289.447185,1.578049
-222.345758,289.601662,1.568759
-222.595121,289.756146,1.557826
-222.845241,289.910721,1.545390
-223.096117,290.065430,1.531623
-223.347715,290.220231,1.516719
-223.599981,290.375034,1.500894
-223.852897,290.529760,1.484365
-224.106463,290.684318,1.467342
-224.360683,290.838610,1.450022
-224.615598,290.992558,1.432593
-224.871230,291.146065,1.415226
-225.127556,291.299010,1.398082
-225.384566,291.451265,1.381297
-225.642268,291.602699,1.364994
-225.900658,291.753182,1.349279
-226.159734,291.902589,1.334236
-226.419504,292.050800,1.319933
-226.679982,292.197701,1.306468
-226.941183,292.343183,1.294064
-227.203102,292.487146,1.282969
-227.465732,292.629504,1.273369
-227.729099,292.770211,1.265377
-227.993207,292.909232,1.259033
-228.258038,293.046537,1.254328
-228.523589,293.182110,1.251205
-228.789860,293.315932,1.249578
-229.056839,293.447994,1.249336
-229.324513,293.578285,1.250355
-229.592874,293.706792,1.252497
-229.861912,293.833491,1.255624
-230.131613,293.958355,1.259592
-230.401962,294.081351,1.264265
-230.672942,294.202442,1.269466
-230.944559,294.321511,1.275003
-231.217026,294.437934,1.280687
-231.490774,294.550593,1.286260
-231.766143,294.658535,1.291541
-232.043374,294.761056,1.296441
-232.322678,294.857346,1.300880
-232.604183,294.946483,1.304794
-232.887912,295.027526,1.308146
-233.173804,295.099574,1.310900
-233.461747,295.162003,1.312912
-233.751692,295.214862,1.314131
-234.043541,295.258650,1.314562
-234.336994,295.293811,1.314129
-234.631650,295.321132,1.312863
-234.927040,295.342354,1.310779
-235.222687,295.359256,1.308090
-235.518317,295.373178,1.305307
-235.813973,295.385350,1.302647
-236.109686,295.396600,1.300220
-236.405279,295.407114,1.298158
-236.700602,295.416877,1.296503
-236.995611,295.425852,1.295233
-237.290211,295.433871,1.294317
-237.584279,295.440747,1.293725
-237.877737,295.446400,1.293418
-238.170533,295.450782,1.293360
-238.462671,295.453832,1.293516
-238.754177,295.455518,1.293852
-239.045079,295.455828,1.294336
-239.335404,295.454753,1.294941
-239.625188,295.452303,1.295640
-239.914474,295.448502,1.296411
-240.203299,295.443373,1.297235
-240.491702,295.436937,1.298085
-240.779720,295.429220,1.298925
-241.067386,295.420310,1.299679
-241.354734,295.410812,1.300320
-241.641859,295.401869,1.300845
-241.928858,295.393842,1.301269
-242.215758,295.386440,1.301617
-242.502581,295.380317,1.301901
-242.789396,295.376510,1.302076
-243.076261,295.374804,1.302148
-243.363189,295.374745,1.302184
-243.650118,295.377103,1.302181
-243.937016,295.382596,1.302080
-244.224002,295.390779,1.301913
-244.511095,295.401426,1.301727
-244.798207,295.415009,1.301455
-245.085401,295.431034,1.301090
-245.372798,295.448352,1.300708
-245.660412,295.466331,1.300344
-245.948251,295.484488,1.300017
-246.236341,295.502154,1.299737
-246.524640,295.518867,1.299513
-246.813112,295.534405,1.299350
-247.101789,295.548536,1.299239
-247.390645,295.561077,1.299171
-247.679627,295.571942,1.299143
-247.968712,295.581063,1.299148
-248.257879,295.588384,1.299179
-248.547089,295.593900,1.299233
-248.836337,295.597634,1.299308
-249.125661,295.599614,1.299394
-249.415019,295.599891,1.299488
-249.704340,295.598541,1.299592
-249.993655,295.595631,1.299702
-250.282954,295.591241,1.299792
-250.572173,295.585740,1.299833
-250.861306,295.580139,1.299838
-251.150376,295.575166,1.299828
-251.439383,295.570556,1.299819
-251.728332,295.565939,1.299817
-252.017234,295.561182,1.299819
-252.306069,295.555996,1.299830
-252.594812,295.550047,1.299848
-252.883477,295.543182,1.299873
-253.172053,295.535301,1.299900
-253.460510,295.526287,1.299927
-253.748831,295.516082,1.299948
-254.037007,295.504673,1.299966
-254.325022,295.492050,1.299977
-254.612868,295.478223,1.299984
-254.900541,295.463218,1.299984
-255.188032,295.447049,1.299980
-255.475337,295.429735,1.299972
-255.762458,295.411310,1.299961
-256.049391,295.391824,1.299939
-256.336155,295.371640,1.299889
-256.622819,295.351920,1.299830
-256.909466,295.334055,1.299801
-257.196149,295.319039,1.299841
-257.482905,295.307696,1.299955
-257.769760,295.300761,1.300112
-258.056713,295.298684,1.300289
-258.343755,295.301704,1.300465
-258.630856,295.309958,1.300613
-258.917963,295.323468,1.300721
-259.205012,295.342142,1.300747
-259.492004,295.365481,1.300603
-259.779058,295.392314,1.300322
-260.066290,295.421403,1.299986
-260.353754,295.451823,1.299648
-260.641493,295.482744,1.299345
-260.929524,295.513406,1.299098
-261.217830,295.543285,1.298918
-261.506409,295.571982,1.298803
-261.795243,295.599091,1.298745
-262.084289,295.624269,1.298735
-262.373515,295.647266,1.298763
-262.662893,295.667888,1.298817
-262.952385,295.686026,1.298884
-263.241958,295.701656,1.298957
-263.531586,295.714811,1.299027
-263.821226,295.725556,1.299090
-264.110847,295.733994,1.299148
-264.400453,295.740240,1.299196
-264.690033,295.744423,1.299236
-264.979560,295.746674,1.299268
-265.269013,295.747118,1.299260
-265.558114,295.745934,1.299122
-265.845260,295.743586,1.299059
-266.127718,295.740743,1.299344
-266.403373,295.737937,1.300173
-266.670792,295.735543,1.301623
-266.928438,295.733885,1.303706
-267.223101,295.733567,1.306994
-267.500890,295.735876,1.311013
-267.761260,295.741400,1.315452
-268.043455,295.752744,1.320869
-268.303670,295.770113,1.326386
-268.576046,295.798317,1.332685
-268.824267,295.836632,1.338895
-269.078647,295.893714,1.345729
-269.335893,295.977471,1.353294
-269.571569,296.085385,1.360176
-269.802954,296.219779,1.365449
-270.026401,296.364261,1.368276
-270.245558,296.511753,1.369357
-270.452832,296.654205,1.368750
-270.671309,296.807174,1.367027
-270.897951,296.967807,1.364784
-271.130479,297.132420,1.362612
-271.368892,297.297964,1.360898
-271.579307,297.438787,1.359910
-271.796996,297.577079,1.359485
-272.024195,297.711002,1.359621
-272.262886,297.838329,1.360240
-272.514385,297.956999,1.361216
-272.779429,298.065380,1.362259
-273.057933,298.162404,1.363163
-273.299899,298.234185,1.363699
-273.550367,298.297661,1.363968
-273.808745,298.352977,1.363951
-274.074195,298.400252,1.363588
-274.345782,298.439459,1.362980
-274.622632,298.470636,1.362216
-274.903939,298.493945,1.361312
-275.188885,298.509745,1.360309
-275.476683,298.518632,1.359271
-275.766621,298.521345,1.358208
-276.058002,298.518750,1.357182
-276.350210,298.511663,1.356271
-276.642785,298.500707,1.355518
-276.935398,298.486363,1.354940
-277.227795,298.469020,1.354544
-277.519823,298.448955,1.354317
-277.811475,298.426442,1.354239
-278.102835,298.401801,1.354289
-278.394003,298.375323,1.354446
-278.685098,298.347267,1.354684
-278.976289,298.317896,1.354975
-279.267739,298.287455,1.355297
-279.559590,298.256153,1.355632
-279.852005,298.224191,1.355963
-280.145125,298.191756,1.356269
-280.438986,298.159018,1.356545
-280.733596,298.126058,1.356771
-281.028747,298.092741,1.356930
-281.324066,298.058999,1.357028
-281.619325,298.025294,1.357072
-281.914367,297.992014,1.357070
-282.208948,297.958872,1.357037
-282.502844,297.925509,1.356987
-282.795951,297.891771,1.356930
-283.088200,297.857421,1.356869
-283.379517,297.822194,1.356806
-283.669881,297.785969,1.356745
-283.959318,297.748664,1.356687
-284.247858,297.710186,1.356630
-284.535539,297.670481,1.356576
-284.822399,297.629532,1.356526
-285.108504,297.587317,1.356481
-285.393957,297.543875,1.356436
-285.679071,297.499559,1.356382
-285.964264,297.455225,1.356316
-286.249683,297.412016,1.356268
-286.535358,297.370935,1.356269
-286.821389,297.332784,1.356325
-287.107822,297.298235,1.356425
-287.394633,297.267768,1.356550
-287.681812,297.241666,1.356683
-287.969312,297.220083,1.356795
-288.256994,297.203061,1.356864
-288.544903,297.190262,1.356805
-288.833133,297.180647,1.356622
-289.121635,297.173029,1.356386
-289.410366,297.166523,1.356145
-289.699332,297.160345,1.355926
-289.988497,297.153791,1.355749
-290.277798,297.146385,1.355620
-290.567195,297.137826,1.355538
-290.856648,297.127868,1.355493
-291.146092,297.116344,1.355479
-291.435499,297.103172,1.355488
-291.724866,297.088298,1.355513
-292.014158,297.071689,1.355546
-292.303330,297.053355,1.355572
-292.592367,297.033666,1.355553
-292.881275,297.013725,1.355506
-293.170066,296.994766,1.355469
-293.458742,296.977621,1.355472
-293.747290,296.962940,1.355517
-294.035686,296.951263,1.355589
-294.323915,296.942867,1.355646
-294.612022,296.937487,1.355635
-294.900093,296.934267,1.355564
-295.188191,296.932321,1.355466
-295.476356,296.930974,1.355365
-295.764622,296.929601,1.355278
-296.053026,296.927710,1.355216
-296.341711,296.925186,1.355184
-296.630996,296.922305,1.355176
-296.921155,296.919419,1.355181
-297.212222,296.916953,1.355181
-297.503945,296.915605,1.355177
-297.796006,296.916075,1.355178
-298.088147,296.918802,1.355190
-298.380120,296.924126,1.355214
-298.671700,296.932348,1.355245
-298.962746,296.943623,1.355275
-299.253170,296.957991,1.355302
-299.542907,296.975452,1.355315
-299.832024,296.995832,1.355288
-300.121000,297.018518,1.355229
-300.410537,297.042749,1.355173
-300.701211,297.067968,1.355138
-300.993407,297.093744,1.355125
-301.287311,297.119739,1.355126
-301.582974,297.145766,1.355135
-301.880405,297.171803,1.355149
-302.179609,297.198025,1.355149
-302.480486,297.224724,1.355038
-302.782727,297.252172,1.354824
-303.085803,297.281035,1.354573
-303.388904,297.312942,1.354340
-303.691193,297.349725,1.354239
-303.992059,297.392792,1.354485
-304.290966,297.443348,1.355343
-304.587428,297.502318,1.356961
-304.881096,297.570105,1.359450
-305.171719,297.646792,1.362719
-305.459061,297.732461,1.366469
-305.742945,297.827123,1.370405
-306.023277,297.930595,1.374319
-306.299981,298.042610,1.378049
-306.572949,298.162846,1.381467
-306.842086,298.290911,1.384495
-307.107333,298.426380,1.387101
-307.368629,298.568864,1.389282
-307.625905,298.718023,1.391180
-307.879142,298.873486,1.393088
-308.128353,299.034853,1.395286
-308.373539,299.201760,1.397880
-308.614703,299.373878,1.400763
-308.851858,299.550913,1.403772
-309.085028,299.732596,1.406782
-309.314231,299.918696,1.409851
-309.539484,300.108995,1.413143
-309.760803,300.303282,1.416804
-309.978282,300.501323,1.420884
-310.192375,300.702700,1.425403
-310.403811,300.906828,1.430281
-310.613200,301.113148,1.435301
-310.821135,301.321107,1.440229
-311.028298,301.530004,1.444904
-311.235243,301.739145,1.449234
-311.442332,301.948104,1.453152
-311.649776,302.156807,1.456622
-311.857674,302.365337,1.459752
-312.066059,302.573781,1.462733
-312.274960,302.782177,1.465731
-312.484468,302.990308,1.468820
-312.694673,303.197814,1.471942
-312.905657,303.404485,1.474990
-313.117466,303.610379,1.477859
-313.329988,303.815757,1.480472
-313.543050,304.020892,1.482790
-313.756535,304.226025,1.484876
-313.970333,304.431379,1.486876
-314.184366,304.637000,1.488922
-314.398687,304.842605,1.491064
-314.613399,305.047845,1.493244
-314.828547,305.252487,1.495375
-315.044136,305.456438,1.497393
-315.260155,305.659958,1.499244
-315.476539,305.863409,1.500895
-315.693172,306.066987,1.502334
-315.909975,306.270805,1.503547
-316.126980,306.474748,1.504533
-316.344289,306.678476,1.505379
-316.561979,306.881703,1.506233
-316.780093,307.084293,1.507221
-316.998572,307.286335,1.508415
-317.217300,307.488127,1.509781
-317.436192,307.689941,1.511240
-317.655169,307.891966,1.512727
-317.874175,308.094292,1.514254
-318.093275,308.296703,1.515883
-318.312588,308.498830,1.517677
-318.532190,308.700431,1.519651
-318.752085,308.901492,1.521730
-318.972191,309.102225,1.523819
-319.192390,309.302859,1.525840
-319.412629,309.503621,1.527732
-319.632867,309.704726,1.529453
-319.853053,309.906253,1.530970
-320.073240,310.107979,1.532269
-320.293566,310.309523,1.533350
-320.514146,310.510608,1.534240
-320.735007,310.711139,1.535027
-320.956078,310.911278,1.535814
-321.177278,311.111293,1.536684
-321.398538,311.311380,1.537664
-321.619786,311.511707,1.538714
-321.840989,311.712341,1.539773
-322.062224,311.913036,1.540818
-322.283613,312.113415,1.541892
-322.505226,312.313285,1.543049
-322.727045,312.512737,1.544330
-322.948997,312.712005,1.545760
-323.171015,312.911284,1.547336
-323.393034,313.110749,1.548997
-323.614976,313.310547,1.550662
-323.836838,313.510664,1.552255
-324.058731,313.710794,1.553726
-324.280768,313.910577,1.555050
-324.503019,314.109797,1.556215
-324.725492,314.308484,1.557220
-324.948118,314.506886,1.558107
-325.170822,314.705238,1.558942
-325.393550,314.903728,1.559783
-325.616233,315.102536,1.560643
-325.838471,315.301479,1.561499
-326.059675,315.500111,1.562398
-326.279943,315.698614,1.563313
-326.499533,315.897285,1.564201
-326.718436,316.096083,1.565054
-326.936740,316.295044,1.565893
-327.154628,316.494327,1.566737
-327.372159,316.693972,1.567613
-327.589366,316.893988,1.568508
-327.806307,317.094418,1.569384
-328.023025,317.295178,1.570205
-328.239652,317.495950,1.570953
-328.456316,317.696544,1.571628
-328.673019,317.897128,1.572221
-328.889750,318.097874,1.572731
-329.106555,318.298789,1.573150
-329.323537,318.499681,1.573486
-329.540825,318.700228,1.573778
-329.758548,318.900207,1.574072
-329.976749,319.099674,1.574401
-330.195357,319.298869,1.574776
-330.414315,319.498019,1.575183
-330.633571,319.697267,1.575594
-330.853119,319.896547,1.575994
-331.073036,320.095582,1.576388
-331.293363,320.294107,1.576804
-331.514139,320.491953,1.577265
-331.735411,320.689026,1.577781
-331.957103,320.885476,1.578357
-332.179071,321.081664,1.578981
-332.401194,321.277875,1.579628
-332.623388,321.474352,1.580272
-332.845588,321.671354,1.580879
-333.067725,321.868894,1.581422
-333.289810,322.066679,1.581896
-333.511904,322.264438,1.582303
-333.734021,322.462085,1.582667
-333.956131,322.659746,1.583019
-334.178222,322.857658,1.583380
-334.400266,323.056019,1.583757
-334.622200,323.254992,1.584150
-334.844019,323.454812,1.584540
-335.065680,323.655659,1.584903
-335.287034,323.857588,1.585239
-335.507981,324.060712,1.585543
-335.728452,324.265151,1.585823
-335.948338,324.470940,1.586097
-336.167489,324.678084,1.586375
-336.385716,324.886579,1.586658
-336.602834,325.096431,1.586937
-336.818666,325.307649,1.587206
-337.033069,325.520271,1.587456
-337.245893,325.734329,1.587687
-337.456963,325.949878,1.587898
-337.666086,326.167015,1.588087
-337.873056,326.385836,1.588153
-338.077717,326.606445,1.587890
-338.279884,326.828980,1.587106
-338.479098,327.053632,1.585670
-338.674785,327.280694,1.583572
-338.866478,327.510447,1.580864
-339.053727,327.743154,1.577749
-339.236073,327.979018,1.574443
-339.413284,328.218055,1.571102
-339.585491,328.460087,1.567894
-339.752914,328.704911,1.564953
-339.915694,328.952337,1.562382
-340.074009,329.202207,1.560213
-340.228010,329.454344,1.558395
-340.377770,329.708609,1.556836
-340.523364,329.964890,1.555448
-340.664899,330.223072,1.554159
-340.802496,330.483051,1.552921
-340.936263,330.744746,1.551696
-341.066280,331.008060,1.550460
-341.192608,331.272881,1.549137
-341.315180,331.538952,1.547694
-341.433514,331.805395,1.546264
-341.546989,332.071021,1.544923
-341.655197,332.335005,1.543747
-341.757812,332.596551,1.542834
-341.854526,332.854562,1.542216
-341.945111,333.108080,1.541899
-342.029368,333.356537,1.541858
-342.107202,333.599491,1.542010
-342.192338,333.883250,1.542399
-342.269293,334.157074,1.543019
-342.339581,334.418851,1.543686
-342.404881,334.667685,1.544533
-342.476438,334.940198,1.545777
-342.545316,335.191840,1.547067
-342.624425,335.453071,1.548614
-342.718626,335.712220,1.550557
-342.838953,335.954443,1.552959
-342.999092,336.164222,1.555230
-343.211351,336.328740,1.556520
-343.461425,336.431683,1.556556
-343.719246,336.475778,1.555995
-343.972487,336.474885,1.555557
-344.239160,336.433229,1.555543
-344.487053,336.357686,1.556055
-344.739271,336.243083,1.556815
-344.964614,336.107306,1.557450
-345.188522,335.939670,1.557898
-345.380773,335.767254,1.558213
-345.567351,335.571139,1.558408
-345.746771,335.352134,1.558447
-345.894255,335.147138,1.558301
-346.035811,334.927192,1.558024
-346.171420,334.693299,1.557659
-346.300958,334.446424,1.557304
-346.424021,334.187404,1.557001
-346.540491,333.916930,1.556741
-346.632750,333.683257,1.556557
-346.721012,333.442437,1.556407
-346.805663,333.194734,1.556323
-346.886853,332.940334,1.556317
-346.964521,332.679346,1.556405
-347.038499,332.411802,1.556604
-347.108472,332.137737,1.556928
-347.173962,331.857147,1.557372
-347.234493,331.569981,1.557907
-347.289655,331.276255,1.558504
-347.339072,330.976068,1.559142
-347.382410,330.669532,1.559786
-347.412502,330.419844,1.560284
-347.438361,330.166320,1.560751
-347.459843,329.909114,1.561170
-347.476811,329.648430,1.561522
-347.489132,329.384529,1.561795
-347.496708,329.117751,1.561935
-347.499603,328.848530,1.561871
-347.498122,328.577381,1.561611
-347.492668,328.304834,1.561204
-347.483592,328.031376,1.560690
-347.471206,327.757435,1.560103
-347.455842,327.483395,1.559478
-347.437864,327.209599,1.558815
-347.417666,326.936329,1.558102
-347.395637,326.663712,1.557405
-347.371980,326.391760,1.556757
-347.346375,326.120519,1.556121
-347.318039,325.850106,1.555474
-347.286177,325.580600,1.554864
-347.250164,325.311993,1.554343
-347.209433,325.044361,1.553936
-347.163420,324.777934,1.553634
-347.111644,324.512985,1.553395
-347.053798,324.249745,1.553150
-346.989714,323.988432,1.552823
-346.919290,323.729335,1.552352
-346.842464,323.472804,1.551675
-346.759231,323.219196,1.550744
-346.669621,322.968853,1.549565
-346.573655,322.722076,1.548146
-346.471377,322.479112,1.546439
-346.363002,322.240151,1.544361
-346.248982,322.005318,1.541919
-346.129861,321.774674,1.539190
-346.006074,321.548246,1.536235
-345.877938,321.326048,1.533094
-345.745741,321.108080,1.529798
-345.609814,320.894280,1.526333
-345.470508,320.684435,1.522728
-345.328122,320.478243,1.519106
-345.146134,320.225322,1.514677
-344.959955,319.977585,1.510468
-344.769860,319.734783,1.506547
-344.576195,319.496551,1.502954
-344.380035,319.262001,1.499515
-344.183504,319.029437,1.496372
-343.988792,318.797105,1.493845
-343.797662,318.563595,1.492137
-343.611837,318.327618,1.491287
-343.432912,318.088008,1.491227
-343.262105,317.843869,1.491858
-343.100431,317.594585,1.493020
-342.948812,317.339803,1.494531
-342.807930,317.079347,1.496189
-342.678173,316.813275,1.497828
-342.559754,316.541884,1.499352
-342.452790,316.265565,1.500665
-342.357224,315.984807,1.501649
-342.272668,315.700186,1.502256
-342.198568,315.412323,1.502540
-342.134493,315.121799,1.502563
-342.080147,314.829109,1.502400
-342.035303,314.534698,1.502139
-341.999869,314.238972,1.501831
-341.973814,313.942293,1.501479
-341.956991,313.644996,1.501078
-341.949150,313.347402,1.500649
-341.950048,313.049770,1.500187
-341.959403,312.752318,1.499690
-341.976868,312.455290,1.499158
-342.001986,312.158865,1.498561
-342.034055,311.863129,1.497862
-342.072075,311.568074,1.497082
-342.114981,311.273575,1.496309
-342.162034,310.979363,1.495633
-342.212868,310.685030,1.495069
-342.267142,310.390237,1.494622
-342.324481,310.094755,1.494274
-342.384435,309.798575,1.493962
-342.446331,309.502093,1.493691
-342.509515,309.205671,1.493497
-342.573544,308.909343,1.493378
-342.638140,308.613266,1.493314
-342.703372,308.318151,1.493305
-342.769549,308.024857,1.493353
-342.836659,307.733770,1.493424
-342.904080,307.444752,1.493497
-342.971865,307.157933,1.493619
-343.042023,306.874090,1.493847
-343.117093,306.594043,1.494293
-343.199041,306.318547,1.495130
-343.289724,306.048702,1.496385
-343.390773,305.786010,1.497915
-343.503184,305.531910,1.499590
-343.627536,305.287452,1.501288
-343.764164,305.053391,1.502817
-343.913073,304.830210,1.504042
-344.074060,304.618030,1.504883
-344.246658,304.416742,1.505213
-344.429959,304.226207,1.505022
-344.622877,304.046183,1.504380
-344.824429,303.876293,1.503375
-345.033703,303.716147,1.502135
-345.249895,303.565378,1.500780
-345.472406,303.423625,1.499425
-345.700846,303.290548,1.498139
-345.934894,303.165873,1.496953
-346.174192,303.049349,1.495853
-346.418341,302.940621,1.494839
-346.666921,302.839385,1.493970
-346.919630,302.745542,1.493244
-347.176285,302.659035,1.492635
-347.436685,302.579722,1.492154
-347.700642,302.507546,1.491831
-347.968120,302.442607,1.491646
-348.238886,302.385067,1.491482
-348.511737,302.335198,1.491305
-348.784996,302.293415,1.491219
-349.057679,302.260191,1.491268
-349.329228,302.235926,1.491428
-349.598857,302.220834,1.491688
-349.865930,302.215094,1.492052
-350.130315,302.218953,1.492471
-350.391935,302.232523,1.492895
-350.650621,302.255732,1.493303
-350.906278,302.288491,1.493681
-351.158809,302.330674,1.493987
-351.407886,302.381995,1.494229
-351.653080,302.442150,1.494428
-351.893931,302.510865,1.494565
-352.176728,302.603951,1.494437
-352.454493,302.707628,1.493906
-352.730517,302.820901,1.493250
-352.960373,302.922033,1.492476
-353.190764,303.029058,1.491329
-353.422515,303.141765,1.489958
-353.655725,303.259098,1.488386
-353.889592,303.379901,1.486784
-354.123444,303.503398,1.485278
-354.356693,303.628569,1.483984
-354.588760,303.754081,1.482964
-354.819578,303.878526,1.482242
-355.049573,304.000393,1.481855
-355.279326,304.118146,1.481837
-355.509746,304.230309,1.482213
-355.742039,304.335423,1.482985
-355.977318,304.432032,1.484168
-356.216558,304.518690,1.485702
-356.460549,304.594173,1.487378
-356.709621,304.657884,1.488878
-356.962881,304.709945,1.489746
-357.217652,304.750825,1.489967
-357.470934,304.781103,1.489789
-357.720380,304.801405,1.489450
-358.011608,304.813569,1.489014
-358.292462,304.813428,1.488253
-358.565963,304.801312,1.487199
-358.835968,304.777435,1.486143
-359.105479,304.742226,1.485216
-359.377710,304.696400,1.484473
-359.654936,304.641143,1.483912
-359.938373,304.577910,1.483491
-360.228756,304.508419,1.483134
-360.476153,304.446931,1.482885
-360.728330,304.382962,1.482677
-360.985074,304.317153,1.482501
-361.246114,304.250104,1.482352
-361.511133,304.182367,1.482235
-361.779815,304.114474,1.482145
-362.051805,304.046963,1.482074
-362.326684,303.980353,1.482035
-362.604115,303.915115,1.482045
-362.883927,303.851676,1.482117
-363.166061,303.790413,1.482221
-363.450318,303.731626,1.482359
-363.736563,303.675531,1.482533
-364.024787,303.622311,1.482717
-364.314878,303.572123,1.482904
-364.606699,303.525085,1.483082
-364.900141,303.481280,1.483238
-365.195044,303.440775,1.483366
-365.491243,303.403619,1.483467
-365.788608,303.369824,1.483535
-366.086990,303.339371,1.483570
-366.386221,303.312210,1.483561
-366.686098,303.288118,1.483482
-366.986318,303.266577,1.483342
-367.286560,303.247040,1.483172
-367.586596,303.229092,1.482993
-367.886258,303.212354,1.482819
-368.185410,303.196488,1.482663
-368.483970,303.181235,1.482531
-368.781882,303.166363,1.482421
-369.079048,303.151643,1.482329
-369.375258,303.136880,1.482259
-369.670476,303.121893,1.482213
-369.964824,303.106511,1.482185
-370.258266,303.090596,1.482172
-370.550750,303.074037,1.482174
-370.842339,303.056748,1.482183
-371.133086,303.038654,1.482198
-371.423012,303.019677,1.482218
-371.712182,302.999751,1.482241
-372.000665,302.978858,1.482264
-372.288522,302.957027,1.482288
-372.575867,302.934315,1.482310
-372.862815,302.910816,1.482328
-373.149451,302.886651,1.482332
-373.435872,302.861958,1.482329
-373.722176,302.836877,1.482320
-374.008442,302.811558,1.482310
-374.294735,302.786149,1.482298
-374.581121,302.760781,1.482286
-374.867620,302.735574,1.482264
-375.154080,302.710638,1.482243
-375.440532,302.686060,1.482231
-375.727239,302.661944,1.482217
-376.014217,302.638428,1.482205
-376.301479,302.615762,1.482218
-376.589286,302.594473,1.482256
-376.877869,302.575148,1.482312
-377.167299,302.558189,1.482390
-377.457634,302.543927,1.482483
-377.748886,302.532683,1.482571
-378.040959,302.524695,1.482658
-378.333834,302.520120,1.482737
-378.627512,302.519062,1.482795
-378.921885,302.521575,1.482832
-379.216834,302.527677,1.482848
-379.512277,302.537349,1.482840
-379.808109,302.550528,1.482810
-380.104221,302.567123,1.482764
-380.400543,302.587030,1.482702
-380.697036,302.610107,1.482628
-380.993689,302.636163,1.482537
-381.290491,302.664863,1.482412
-381.587374,302.695667,1.482261
-381.884225,302.728027,1.482103
-382.180955,302.761492,1.481951
-382.477500,302.795620,1.481809
-382.773740,302.829961,1.481685
-383.069542,302.864104,1.481588
-383.364817,302.897659,1.481519
-383.659490,302.930218,1.481478
-383.953455,302.961391,1.481467
-384.246851,302.991015,1.481483
-384.540235,303.019317,1.481523
-384.834225,303.046657,1.481596
-385.129398,303.073346,1.481717
-385.426432,303.099821,1.481889
-385.725960,303.126621,1.482081
-386.028243,303.154178,1.482256
-386.333188,303.182796,1.482393
-386.640537,303.212711,1.482460
-386.949866,303.244052,1.482451
-387.260692,303.276867,1.482381
-387.510178,303.304221,1.482301
-387.760248,303.332598,1.482204
-388.010754,303.362034,1.482093
-388.261500,303.392542,1.481967
-388.512250,303.424122,1.481820
-388.762769,303.456764,1.481668
-389.012838,303.490442,1.481514
-389.262221,303.525077,1.481352
-389.510561,303.560488,1.481180
-389.818798,303.605450,1.480920
-390.124008,303.651032,1.480634
-390.426226,303.698052,1.480401
-390.725790,303.747868,1.480233
-391.022931,303.801606,1.480195
-391.317863,303.860378,1.480430
-391.610797,303.925324,1.481049
-391.901789,303.997277,1.482126
-392.190736,304.076823,1.483691
-392.477489,304.164468,1.485613
-392.761893,304.260534,1.487694
-393.043794,304.365120,1.489800
-393.323095,304.478182,1.491812
-393.599693,304.599509,1.493632
-393.873411,304.728708,1.495203
-394.144029,304.865285,1.496503
-394.411388,305.008751,1.497523
-394.675388,305.158745,1.498296
-394.935930,305.315053,1.498873
-395.192913,305.477501,1.499271
-395.446191,305.645931,1.499517
-395.695521,305.820233,1.499683
-395.940609,306.000436,1.499826
-396.180750,306.186727,1.500090
-396.414245,306.379532,1.500572
-396.639080,306.579443,1.501228
-396.853861,306.786931,1.502023
-397.057587,307.002207,1.502913
-397.249333,307.225280,1.503761
-397.428436,307.455946,1.504442
-397.594538,307.693728,1.504860
-397.747591,307.937905,1.504908
-397.887963,308.187719,1.504564
-398.016259,308.442447,1.503889
-398.133069,308.701412,1.502973
-398.238957,308.964048,1.501897
-398.334478,309.229888,1.500741
-398.420140,309.498525,1.499579
-398.496403,309.769604,1.498436
-398.563800,310.042775,1.497323
-398.622872,310.317679,1.496336
-398.673908,310.594126,1.495525
-398.716990,310.872040,1.494890
-398.752138,311.151301,1.494441
-398.779295,311.431797,1.494064
-398.798416,311.713359,1.493624
-398.809739,311.995313,1.493148
-398.813656,312.276689,1.492659
-398.810397,312.556821,1.492210
-398.800080,312.835318,1.491865
-398.782828,313.111808,1.491644
-398.758786,313.385879,1.491530
-398.728138,313.657232,1.491481
-398.691133,313.926289,1.491381
-398.648325,314.194072,1.490845
-398.600641,314.461593,1.490047
-398.548921,314.729723,1.489209
-398.493830,314.999144,1.488277
-398.436195,315.270344,1.487389
-398.376681,315.543616,1.486697
-398.315458,315.819029,1.486222
-398.252367,316.096479,1.485921
-398.187214,316.375720,1.485748
-398.119902,316.656444,1.485681
-398.050476,316.938352,1.485575
-397.979237,317.220553,1.485025
-397.906517,317.501520,1.484209
-397.832564,317.779950,1.483368
-397.757819,318.054998,1.482288
-397.682869,318.326316,1.480312
-397.608101,318.594612,1.477967
-397.533703,318.861024,1.475674
-397.459823,319.126457,1.473470
-397.386529,319.391795,1.471619
-397.313708,319.657905,1.470300
-397.241159,319.925363,1.469497
-397.168920,320.194541,1.469131
-397.097319,320.465688,1.469077
-397.026554,320.738829,1.469227
-396.956732,321.013840,1.469533
-396.888192,321.290622,1.469925
-396.821352,321.568929,1.470391
-396.756425,321.848792,1.470905
-396.693558,322.130412,1.471400
-396.632912,322.413648,1.471820
-396.574524,322.698335,1.472161
-396.518321,322.984493,1.472400
-396.464261,323.272119,1.472560
-396.412325,323.561123,1.472665
-396.362487,323.851404,1.472713
-396.314777,324.142824,1.472706
-396.269271,324.435175,1.472654
-396.226028,324.728281,1.472552
-396.185070,325.021975,1.472418
-396.146416,325.316062,1.472266
-396.110088,325.610374,1.472109
-396.076113,325.904787,1.471955
-396.044524,326.199181,1.471807
-396.015334,326.493456,1.471672
-395.988547,326.787539,1.471552
-395.964164,327.081308,1.471418
-395.942159,327.373960,1.471239
-395.922474,327.664286,1.471056
-395.905026,327.952330,1.470881
-395.889579,328.238770,1.470724
-395.875823,328.523900,1.470603
-395.863621,328.807977,1.470530
-395.853089,329.091281,1.470498
-395.844391,329.373878,1.470502
-395.837621,329.655799,1.470537
-395.832862,329.937154,1.470592
-395.830179,330.218019,1.470658
-395.829580,330.498483,1.470726
-395.831056,330.778664,1.470793
-395.834604,331.058651,1.470856
-395.840186,331.338525,1.470906
-395.847719,331.618378,1.470865
-395.857077,331.898282,1.470747
-395.868036,332.178251,1.470551
-395.880348,332.458299,1.470320
-395.893784,332.738453,1.470108
-395.908100,333.018717,1.469919
-395.923043,333.299085,1.469756
-395.938312,333.579561,1.469619
-395.953181,333.860180,1.469426
-395.966781,334.141014,1.469178
-395.979131,334.422116,1.468851
-395.990642,334.703525,1.468499
-396.001445,334.985297,1.468200
-396.011730,335.267466,1.467950
-396.021837,335.550046,1.467755
-396.031990,335.833103,1.467630
-396.042319,336.116714,1.467567
-396.052921,336.400895,1.467552
-396.063824,336.685614,1.467575
-396.075030,336.970849,1.467625
-396.086567,337.256579,1.467691
-396.098466,337.542772,1.467767
-396.110751,337.829394,1.467846
-396.123428,338.116390,1.467922
-396.136473,338.403695,1.467993
-396.149830,338.691257,1.468058
-396.163439,338.979026,1.468115
-396.177249,339.266955,1.468165
-396.191213,339.555004,1.468208
-396.205312,339.843145,1.468245
-396.219554,340.131360,1.468275
-396.233954,340.419631,1.468299
-396.248495,340.707934,1.468316
-396.263132,340.996243,1.468326
-396.277810,341.284538,1.468330
-396.292479,341.572805,1.468329
-396.307094,341.861035,1.468324
-396.321608,342.149226,1.468314
-396.335983,342.437381,1.468302
-396.350186,342.725511,1.468288
-396.364188,343.013628,1.468273
-396.377960,343.301749,1.468256
-396.391489,343.589888,1.468238
-396.404797,343.878057,1.468218
-396.417909,344.166251,1.468198
-396.430819,344.454483,1.468178
-396.443516,344.742777,1.468158
-396.455993,345.031124,1.468136
-396.468225,345.319509,1.468115
-396.480181,345.607927,1.468094
-396.491842,345.896372,1.468074
-396.503207,346.184834,1.468055
-396.514307,346.473314,1.468038
-396.525187,346.761814,1.468023
-396.535849,347.050325,1.468010
-396.546259,347.338838,1.467995
-396.556399,347.627345,1.467911
-396.566257,347.915848,1.467752
-396.575830,348.204351,1.467545
-396.584970,348.492852,1.467138
-396.592910,348.781413,1.466622
-396.598643,349.070112,1.466138
-396.601742,349.358914,1.465728
-396.601622,349.647732,1.465471
-396.596970,349.936519,1.465295
-396.586658,350.225215,1.465176
-396.569977,350.513763,1.465049
-396.546715,350.802148,1.464521
-396.517543,351.090406,1.463724
-396.483667,351.378614,1.462849
-396.446191,351.666891,1.461907
-396.406219,351.955373,1.461006
-396.364936,352.244176,1.460266
-396.323403,352.533408,1.459730
-396.282503,352.823148,1.459395
-396.242743,353.113377,1.459240
-396.204227,353.403987,1.459237
-396.166995,353.694867,1.459355
-396.131119,353.985921,1.459563
-396.096599,354.277055,1.459841
-396.063426,354.568188,1.460171
-396.031627,354.859262,1.460537
-396.001207,355.150233,1.460926
-395.972197,355.441064,1.461332
-395.944728,355.731721,1.461745
-395.918970,356.022167,1.462161
-395.895075,356.312411,1.462574
-395.873179,356.602474,1.462970
-395.853383,356.892283,1.463221
-395.835656,357.180879,1.463273
-395.819768,357.465821,1.463301
-395.805463,357.744659,1.463446
-395.792530,358.015714,1.463845
-395.780726,358.277483,1.464503
-395.769718,358.528722,1.465307
-395.756931,358.815486,1.466339
-395.743944,359.085829,1.467376
-395.730254,359.339426,1.468343
-395.712866,359.613937,1.469217
-395.693063,359.867376,1.468945
-395.665364,360.140188,1.467204
-395.630371,360.406772,1.464851
-395.586447,360.678714,1.463085
-395.540090,360.929075,1.462432
-395.486507,361.196397,1.462582
-395.435733,361.441229,1.463043
-395.381804,361.701250,1.463566
-395.326273,361.976400,1.463856
-395.271013,362.265641,1.463788
-395.226090,362.516244,1.463438
-395.182186,362.774352,1.462808
-395.138802,363.038779,1.461978
-395.095696,363.308472,1.461105
-395.053469,363.582569,1.460280
-395.013289,363.860363,1.459563
-394.976259,364.141224,1.459010
-394.943404,364.424578,1.458659
-394.915770,364.709919,1.458503
-394.894121,364.996895,1.458496
-394.878748,365.285260,1.458482
-394.869467,365.574639,1.458123
-394.865757,365.864736,1.457487
-394.866689,366.155380,1.456704
-394.871307,366.446418,1.455738
-394.878755,366.737543,1.454152
-394.888057,367.027511,1.452120
-394.898102,367.313980,1.450177
-394.907705,367.594724,1.448490
-394.915666,367.867842,1.447373
-394.921118,368.131684,1.446954
-394.923683,368.385206,1.447087
-394.922930,368.675275,1.447733
-394.918187,368.949862,1.448726
-394.909657,369.209258,1.449793
-394.895876,369.493890,1.450921
-394.879937,369.761101,1.451800
-394.864342,370.014825,1.451453
-394.851024,370.297901,1.450104
-394.846758,370.583677,1.448972
-394.852750,370.843159,1.448645
-394.867533,371.116329,1.448953
-394.889538,371.405769,1.449569
-394.913337,371.667648,1.450125
-394.941271,371.942176,1.450544
-394.972831,372.228714,1.450702
-395.007236,372.526239,1.450546
-395.037326,372.781762,1.450175
-395.068065,373.043475,1.449653
-395.099115,373.310594,1.448985
-395.130420,373.582300,1.448233
-395.161958,373.857806,1.447489
-395.193738,374.136369,1.446806
-395.225891,374.417307,1.446209
-395.258576,374.700026,1.445716
-395.291929,374.984018,1.445334
-395.326113,375.268851,1.445065
-395.361358,375.554194,1.444906
-395.397978,375.839814,1.444842
-395.436259,376.125524,1.444857
-395.476400,376.411157,1.444933
-395.518567,376.696568,1.445054
-395.562890,376.981639,1.445199
-395.609395,377.266286,1.445347
-395.657919,377.550495,1.445478
-395.708129,377.834322,1.445590
-395.759671,378.117869,1.445683
-395.812235,378.401283,1.445764
-395.865569,378.684756,1.445837
-395.919514,378.968486,1.445905
-395.974009,379.252638,1.445967
-396.029123,379.537354,1.445982
-396.085213,379.822712,1.446015
-396.143213,380.108465,1.446315
-396.204466,380.394025,1.447077
-396.270134,380.678838,1.448401
-396.341190,380.962329,1.450208
-396.418498,381.243810,1.452274
-396.502293,381.522910,1.454406
-396.592312,381.799562,1.456505
-396.688447,382.073653,1.458518
-396.790625,382.345087,1.460525
-396.898569,382.613883,1.462684
-397.011970,382.880090,1.465097
-397.130547,383.143757,1.467711
-397.253996,383.404969,1.470404
-397.382016,383.663832,1.473059
-397.514336,383.920457,1.475578
-397.650680,384.174925,1.477902
-397.790801,384.427307,1.479995
-397.934490,384.677692,1.481830
-398.081553,384.926161,1.483392
-398.231802,385.172790,1.484714
-398.385069,385.417654,1.485935
-398.541199,385.660822,1.487219
-398.700042,385.902351,1.488698
-398.861458,386.142298,1.490400
-399.025306,386.380720,1.492247
-399.191462,386.617673,1.494143
-399.359813,386.853219,1.496042
-399.530158,387.087582,1.497995
-399.702192,387.321136,1.500098
-399.875804,387.553978,1.502425
-400.051044,387.785957,1.505007
-400.227883,388.016977,1.507836
-400.406288,388.246991,1.510806
-400.586263,388.475940,1.513775
-400.767676,388.704003,1.516617
-400.950263,388.931586,1.519251
-401.133819,389.159005,1.521631
-401.318251,389.386373,1.523725
-401.503610,389.613554,1.525526
-401.689996,389.840258,1.527111
-401.877476,390.066252,1.528596
-402.066116,390.291360,1.530079
-402.255950,390.515473,1.531627
-402.446861,390.738772,1.533268
-402.638648,390.961617,1.534964
-402.831182,391.184229,1.536646
-403.024475,391.406537,1.538263
-403.218632,391.628290,1.539831
-403.413734,391.849288,1.541402
-403.609764,392.069554,1.543021
-403.806604,392.289354,1.544716
-404.004142,392.508961,1.546449
-404.202260,392.728455,1.548156
-404.400954,392.947656,1.549782
-404.600373,393.166289,1.551281
-404.800642,393.384141,1.552619
-405.001750,393.601149,1.553781
-405.203584,393.817520,1.554764
-405.406037,394.033557,1.555580
-405.609032,394.249500,1.556284
-405.812462,394.465528,1.556944
-406.016232,394.681653,1.557616
-406.220392,394.897580,1.558326
-406.425061,395.112930,1.559070
-406.630379,395.327578,1.559814
-406.836333,395.541641,1.560528
-407.042786,395.755312,1.561193
-407.249648,395.968791,1.561805
-407.456847,396.182262,1.562397
-407.664305,396.395847,1.563008
-407.872043,396.609387,1.563667
-408.080211,396.822536,1.564364
-408.288891,397.035010,1.565071
-408.498019,397.246740,1.565767
-408.707561,397.457966,1.566428
-408.917501,397.668965,1.567035
-409.127747,397.879883,1.567579
-409.338192,398.090870,1.568059
-409.548791,398.302112,1.568468
-409.759505,398.513665,1.568817
-409.970366,398.725311,1.569149
-410.181505,398.936657,1.569508
-410.393038,399.147402,1.569917
-410.604982,399.357505,1.570368
-410.817281,399.567163,1.570834
-411.029844,399.776560,1.571297
-411.242615,399.985875,1.571743
-411.455542,400.195309,1.572171
-411.668531,400.404985,1.572612
-411.881536,400.614938,1.573087
-412.094622,400.824988,1.573606
-412.307865,401.034836,1.574169
-412.521269,401.244542,1.574749
-412.734755,401.454284,1.575317
-412.948252,401.664090,1.575863
-413.161757,401.874063,1.576370
-413.375251,402.084361,1.576828
-413.588704,402.295046,1.577224
-413.802132,402.505963,1.577550
-414.015642,402.716778,1.577825
-414.229254,402.927349,1.578090
-414.442908,403.137833,1.578376
-414.656572,403.348341,1.578704
-414.870230,403.558915,1.579083
-415.083869,403.769690,1.579492
-415.297440,403.980756,1.579902
-415.510902,404.192029,1.580294
-415.724363,404.403242,1.580660
-415.937928,404.614161,1.581021
-416.151574,404.824881,1.581398
-416.365238,405.035543,1.581803
-416.578885,405.246185,1.582243
-416.792499,405.456924,1.582695
-417.006031,405.667879,1.583140
-417.219437,405.879091,1.583561
-417.432684,406.090587,1.583951
-417.645763,406.302428,1.584302
-417.858670,406.514637,1.584604
-418.071403,406.727124,1.584848
-418.284051,406.939559,1.585037
-418.496761,407.151582,1.585196
-418.709582,407.363207,1.585352
-418.922473,407.574621,1.585524
-419.135402,407.785899,1.585721
-419.348364,407.997152,1.585936
-419.561316,408.208530,1.586153
-419.774204,408.420109,1.586368
-419.987003,408.631935,1.586587
-420.199693,408.844067,1.586817
-420.412282,409.056418,1.587060
-420.624870,409.268646,1.587331
-420.837554,409.480575,1.587643
-421.050321,409.692389,1.587981
-421.263102,409.904188,1.588331
-421.475866,410.115991,1.588681
-421.688584,410.327913,1.589015
-421.901210,410.540064,1.589323
-422.113718,410.752475,1.589600
-422.326088,410.965173,1.589843
-422.538292,411.178199,1.590059
-422.750304,411.391524,1.590257
-422.962181,411.604931,1.590447
-423.174050,411.818067,1.590626
-423.385652,412.030558,1.590785
-423.596501,412.242095,1.590958
-423.806701,412.452875,1.591144
-424.016469,412.663173,1.591330
-424.225778,412.873058,1.591521
-424.434691,413.082653,1.591720
-424.643347,413.292134,1.591930
-424.851805,413.501610,1.592153
-425.060105,413.711172,1.592387
-425.268287,413.920899,1.592610
-425.476302,414.130775,1.592822
-425.684165,414.340846,1.593024
-425.891987,414.551264,1.593202
-426.099789,414.762044,1.593346
-426.307605,414.972950,1.593453
-426.515579,415.183664,1.593534
-426.723800,415.394197,1.593592
-426.932223,415.604725,1.593637
-427.140845,415.815350,1.593681
-427.349670,416.026165,1.593727
-427.558608,416.237196,1.593778
-427.767735,416.448277,1.593831
-427.977267,416.659126,1.593884
-428.187227,416.869702,1.593938
-428.397505,417.080192,1.594000
-428.608058,417.290734,1.594074
-428.818844,417.501426,1.594165
-429.029803,417.712334,1.594267
-429.241001,417.923241,1.594380
-429.452589,418.133753,1.594503
-429.664642,418.343588,1.594636
-429.877195,418.552711,1.594772
-430.090209,418.761316,1.594904
-430.303580,418.969637,1.595027
-430.517201,419.177852,1.595141
-430.731000,419.386154,1.595243
-430.944899,419.594715,1.595337
-431.158840,419.803626,1.595425
-431.372866,420.012755,1.595501
-431.587064,420.221698,1.595566
-431.801447,420.430039,1.595640
-432.016107,420.637728,1.595729
-432.231106,420.845014,1.595818
-432.446339,421.052077,1.595908
-432.661717,421.259067,1.596007
-432.877211,421.466201,1.596109
-433.092742,421.673631,1.596218
-433.308243,421.881442,1.596334
-433.523732,422.089607,1.596441
-433.739297,422.297797,1.596531
-433.955023,422.505575,1.596614
-434.171001,422.712746,1.596693
-434.387251,422.919416,1.596763
-434.603679,423.125775,1.596831
-434.820307,423.332094,1.596908
-435.037287,423.538751,1.596969
-435.254614,423.745769,1.597008
-435.472300,423.952773,1.597037
-435.690467,424.159426,1.597062
-435.909131,424.365588,1.597087
-436.128154,424.571344,1.597122
-436.347424,424.776924,1.597165
-436.566862,424.982528,1.597214
-436.786349,425.188299,1.597264
-437.005794,425.394300,1.597312
-437.225261,425.600344,1.597355
-437.444822,425.806206,1.597402
-437.664395,426.011977,1.597458
-437.883908,426.217849,1.597519
-438.103323,426.423877,1.597580
-438.322562,426.630117,1.597647
-438.541617,426.836734,1.597712
-438.760489,427.043781,1.597762
-438.979194,427.251040,1.597794
-439.197833,427.458181,1.597816
-439.416450,427.665165,1.597835
-439.634999,427.872170,1.597850
-439.853445,428.079271,1.597868
-440.071768,428.286527,1.597891
-440.289920,428.494049,1.597918
-440.507840,428.701881,1.597949
-440.725496,428.910037,1.597983
-440.942869,429.118551,1.598018
-441.159946,429.327452,1.598052
-441.376709,429.536729,1.598086
-441.593145,429.746372,1.598122
-441.809238,429.956371,1.598160
-442.024971,430.166701,1.598203
-442.240350,430.377354,1.598248
-442.455368,430.588302,1.598294
-442.670012,430.799516,1.598342
-442.884324,431.011024,1.598390
-443.098341,431.222847,1.598433
-443.312052,431.434955,1.598469
-443.525452,431.647320,1.598502
-443.738570,431.859961,1.598531
-443.951430,432.072890,1.598556
-444.164033,432.286089,1.598580
-444.376388,432.499555,1.598606
-444.588506,432.713296,1.598633
-444.800393,432.927304,1.598663
-445.012052,433.141568,1.598694
-445.223493,433.356091,1.598724
-445.434721,433.570878,1.598754
-445.645738,433.785928,1.598782
-445.856550,434.001240,1.598811
-446.067160,434.216817,1.598841
-446.277571,434.432660,1.598872
-446.487784,434.648764,1.598904
-446.697772,434.865080,1.598931
-446.907499,435.081551,1.598964
-447.117035,435.298246,1.598998
-447.326432,435.515202,1.599025
-447.535706,435.732280,1.599040
-447.744994,435.949135,1.599045
-447.954461,436.165486,1.599049
-448.164132,436.381410,1.599054
-448.373967,436.597092,1.599059
-448.583946,436.812616,1.599070
-448.794052,437.028107,1.599086
-449.004238,437.243718,1.599103
-449.214455,437.459469,1.599116
-449.424759,437.675149,1.599125
-449.635305,437.890443,1.599135
-449.846144,438.105307,1.599150
-450.057212,438.319936,1.599169
-450.268452,438.534448,1.599192
-450.479808,438.748910,1.599222
-450.691220,438.963471,1.599255
-450.902630,439.178246,1.599289
-451.113981,439.393232,1.599320
-451.325318,439.608274,1.599343
-451.536761,439.823075,1.599363
-451.748319,440.037574,1.599386
-451.959917,440.251948,1.599412
-452.171529,440.466286,1.599441
-452.383132,440.680640,1.599473
-452.594673,440.895118,1.599508
-452.806115,441.109800,1.599542
-453.017428,441.324707,1.599573
-453.228553,441.539840,1.599603
-453.439458,441.755223,1.599633
-453.650156,441.970883,1.599661
-453.860635,442.186809,1.599685
-454.070871,442.402984,1.599708
-454.280862,442.619405,1.599729
-454.490607,442.836061,1.599747
-454.700098,443.052935,1.599763
-454.909336,443.270016,1.599778
-455.118316,443.487281,1.599787
-455.327015,443.704686,1.599798
-455.535467,443.922239,1.599810
-455.743709,444.139965,1.599819
-455.951731,444.357855,1.599828
-456.159546,444.575850,1.599829
-456.367243,444.793711,1.599822
-456.574918,445.011217,1.599818
-456.782572,445.228470,1.599819
-456.990185,445.445642,1.599822
-457.197756,445.662795,1.599829
-457.405269,445.880011,1.599840
-457.612695,446.097409,1.599852
-457.820006,446.315055,1.599865
-458.027172,446.532996,1.599877
-458.234153,446.751294,1.599890
-458.440903,446.969994,1.599896
-458.647411,447.189001,1.599889
-458.853750,447.408010,1.599873
-459.059990,447.626842,1.599862
-459.266113,447.845644,1.599855
-459.472082,448.064572,1.599853
-459.677909,448.283708,1.599859
-459.883580,448.503175,1.599868
-460.089036,448.723081,1.599878
-460.294234,448.943467,1.599887
-460.499142,449.164349,1.599895
-460.703727,449.385727,1.599899
-460.907967,449.607569,1.599900
-461.111860,449.829816,1.599896
-461.315404,450.052380,1.599885
-461.518620,450.275140,1.599875
-461.721610,450.498003,1.599864
-461.924488,450.720845,1.599845
-462.127356,450.943470,1.599792
-462.330408,451.165608,1.599847
-462.533942,451.386874,1.600137
-462.738258,451.606875,1.600741
-462.943620,451.825271,1.601904
-463.150300,452.041653,1.603746
-463.358570,452.255541,1.606272
-463.568598,452.466510,1.609486
-463.780521,452.674264,1.613349
-463.994447,452.878618,1.617795
-464.210410,453.079442,1.622754
-464.428435,453.276647,1.628172
-464.648563,453.470178,1.633980
-464.870825,453.659993,1.640097
-465.095246,453.846056,1.646433
-465.321850,454.028355,1.652895
-465.550626,454.206896,1.659395
-465.781559,454.381713,1.665863
-466.014659,454.552862,1.672234
-466.249907,454.720413,1.678450
-466.487254,454.884443,1.684466
-466.726658,455.045035,1.690244
-466.968060,455.202253,1.695752
-467.211386,455.356135,1.700972
-467.456611,455.506744,1.705886
-467.703714,455.654145,1.710479
-467.952563,455.798364,1.714709
-468.202551,455.939241,1.718571
-468.453124,456.076609,1.722123
-468.704497,456.210558,1.725371
-468.956829,456.341187,1.728320
-469.209998,456.468536,1.730989
-469.464070,456.592706,1.733378
-469.719182,456.713826,1.735492
-469.975333,456.831983,1.737323
-470.232513,456.947252,1.738856
-470.490739,457.059684,1.740078
-470.750019,457.169297,1.741002
-471.010436,457.276144,1.741648
-471.272051,457.380313,1.742044
-471.534858,457.481901,1.742223
-471.798870,457.581022,1.742215
-472.064098,457.677795,1.742048
-472.330541,457.772343,1.741752
-472.598235,457.864796,1.741351
-472.867205,457.955287,1.740866
-473.137454,458.043951,1.740319
-473.408982,458.130920,1.739731
-473.681823,458.216329,1.739115
-473.955989,458.300302,1.738483
-474.231452,458.382946,1.737849
-474.508187,458.464360,1.737219
-474.786169,458.544635,1.736598
-475.065349,458.623829,1.736006
-475.345659,458.701967,1.735463
-475.627063,458.779063,1.734984
-475.909528,458.855112,1.734574
-476.192979,458.930080,1.734240
-476.477385,459.003945,1.733978
-476.762731,459.076691,1.733781
-477.048965,459.148297,1.733644
-477.336032,459.218740,1.733560
-477.623893,459.288002,1.733523
-477.912488,459.356060,1.733525
-478.201748,459.422882,1.733565
-478.491647,459.488434,1.733634
-478.782146,459.552676,1.733730
-479.073222,459.615566,1.733848
-479.364858,459.677060,1.733978
-479.657020,459.737109,1.734115
-479.949676,459.795659,1.734253
-480.242803,459.852659,1.734386
-480.536374,459.908052,1.734511
-480.830365,459.961796,1.734624
-481.124764,460.013861,1.734722
-481.419542,460.064211,1.734805
-481.714683,460.112813,1.734873
-482.010188,460.159639,1.734928
-482.306070,460.204668,1.734968
-482.602337,460.247887,1.734996
-482.898981,460.289284,1.735013
-483.195999,460.328849,1.735018
-483.493383,460.366578,1.735014
-483.791116,460.402463,1.735001
-484.089171,460.436498,1.734981
-484.387531,460.468682,1.734955
-484.686174,460.499026,1.734922
-484.985059,460.527539,1.734886
-485.284189,460.554236,1.734848
-485.583570,460.579145,1.734808
-485.883164,460.602296,1.734765
-486.182927,460.623721,1.734725
-486.482866,460.643464,1.734688
-486.782981,460.661574,1.734650
-487.083221,460.678100,1.734615
-487.383561,460.693083,1.734587
-487.684017,460.706550,1.734563
-487.984574,460.718529,1.734542
-488.285204,460.729055,1.734525
-488.585899,460.738174,1.734512
-488.886651,460.745931,1.734502
-489.187442,460.752366,1.734495
-489.488261,460.757525,1.734492
-489.789112,460.761470,1.734491
-490.089998,460.764260,1.734493
-490.390923,460.765945,1.734497
-490.691893,460.766576,1.734503
-490.992886,460.766197,1.734510
-491.293912,460.764856,1.734522
-491.595019,460.762611,1.734535
-491.896225,460.759513,1.734549
-492.197538,460.755606,1.734565
-492.498985,460.750940,1.734582
-492.800588,460.745560,1.734600
-493.102364,460.739511,1.734618
-493.404335,460.732835,1.734636
-493.706513,460.725582,1.734650
-494.008878,460.717799,1.734669
-494.311536,460.709530,1.734700
-494.614745,460.700814,1.734745
-494.918800,460.691678,1.734809
-495.224009,460.682149,1.734893
-495.530723,460.672275,1.734996
-495.839270,460.662114,1.735109
-496.149882,460.651730,1.735225
-496.399964,460.643321,1.735304
-496.651465,460.634884,1.735358
-496.904283,460.626484,1.735377
-497.158240,460.618200,1.735347
-497.413112,460.610123,1.735269
-497.668674,460.602361,1.735158
-497.924705,460.595043,1.735020
-498.180953,460.588311,1.734863
-498.437125,460.582295,1.734688
-498.692912,460.577112,1.734460
-498.948033,460.572888,1.734165
-499.202293,460.569807,1.733776
-499.455649,460.568150,1.733221
-499.708135,460.568225,1.732424
-499.959781,460.570290,1.731346
-500.210598,460.574550,1.730002
-500.460701,460.581147,1.728440
-500.772646,460.592658,1.726272
-501.084162,460.607542,1.723954
-501.395440,460.625576,1.721432
-501.706628,460.646690,1.718666
-502.017837,460.670724,1.715605
-502.329127,460.697357,1.712203
-502.578322,460.720224,1.709276
-502.827796,460.744146,1.706263
-503.077646,460.768769,1.703255
-503.327935,460.793751,1.700336
-503.578726,460.818794,1.697564
-503.830020,460.843689,1.694969
-504.081701,460.868334,1.692580
-504.333626,460.892675,1.690419
-504.585730,460.916650,1.688498
-504.837991,460.940195,1.686819
-505.090389,460.963257,1.685375
-505.342913,460.985795,1.684117
-505.595577,461.007767,1.682971
-505.848410,461.029143,1.681865
-506.101418,461.049900,1.680740
-506.354592,461.070021,1.679573
-506.607960,461.089510,1.678379
-506.861575,461.108410,1.677181
-507.115461,461.126831,1.676004
-507.369586,461.144962,1.674869
-507.623871,461.163113,1.673800
-507.878213,461.181691,1.672796
-508.132464,461.201186,1.671832
-508.386421,461.222164,1.670879
-508.639848,461.245181,1.669905
-508.892526,461.270692,1.668911
-509.144303,461.299089,1.667926
-509.395095,461.330751,1.666979
-509.644847,461.366065,1.666111
-509.893503,461.405467,1.665369
-510.140913,461.449517,1.664794
-510.386734,461.498874,1.664399
-510.691083,461.568978,1.664119
-510.991456,461.649224,1.664033
-511.287209,461.740120,1.664073
-511.577739,461.841899,1.664109
-511.862550,461.954527,1.663993
-512.141280,462.077773,1.663626
-512.413612,462.211300,1.662950
-512.679321,462.354699,1.661962
-512.938344,462.507504,1.660769
-513.190524,462.669298,1.659505
-513.435554,462.839760,1.658213
-513.673217,463.018521,1.656909
-513.903395,463.205131,1.655592
-514.125984,463.399149,1.654187
-514.341091,463.600137,1.652638
-514.549023,463.807661,1.651012
-514.750005,464.021322,1.649383
-514.944199,464.240778,1.647801
-515.131849,464.465778,1.646332
-515.313110,464.696120,1.645002
-515.488097,464.931585,1.643792
-515.657096,465.171923,1.642716
-515.820428,465.416876,1.641773
-515.978427,465.666099,1.640897
-516.131563,465.919135,1.640048
-516.280275,466.175583,1.639197
-516.424871,466.435115,1.638310
-516.565667,466.697400,1.637416
-516.703018,466.962194,1.636558
-516.837183,467.229329,1.635766
-516.968346,467.498656,1.635057
-517.096672,467.770033,1.634421
-517.222295,468.043347,1.633814
-517.345308,468.318491,1.633187
-517.465768,468.595316,1.632511
-517.583690,468.873641,1.631795
-517.699060,469.153298,1.631066
-517.811874,469.434127,1.630357
-517.922151,469.716021,1.629690
-518.029915,469.998879,1.629076
-518.135209,470.282595,1.628526
-518.238087,470.567085,1.628045
-518.338618,470.852274,1.627620
-518.436889,471.138086,1.627218
-518.532994,471.424473,1.626801
-518.627026,471.711398,1.626340
-518.719070,471.998808,1.625815
-518.809200,472.286647,1.625236
-518.897506,472.574950,1.624627
-518.984082,472.863726,1.624014
-519.069011,473.152935,1.623421
-519.152370,473.442573,1.622842
-519.234241,473.732648,1.622258
-519.314690,474.023153,1.621653
-519.393765,474.314085,1.621035
-519.471508,474.605452,1.620421
-519.547958,474.897240,1.619833
-519.623142,475.189431,1.619290
-519.697085,475.482055,1.618802
-519.769805,475.775127,1.618376
-519.841307,476.068636,1.618013
-519.911581,476.362579,1.617713
-519.980618,476.656962,1.617470
-520.048414,476.951767,1.617261
-520.114963,477.246982,1.617058
-520.180258,477.542599,1.616837
-520.244284,477.838609,1.616580
-520.307031,478.134993,1.616284
-520.368489,478.431700,1.615964
-520.428628,478.728731,1.615640
-520.487443,479.026132,1.615309
-520.544946,479.323885,1.614961
-520.601142,479.621961,1.614589
-520.656037,479.920360,1.614185
-520.709637,480.219071,1.613746
-520.761960,480.518060,1.613286
-520.813023,480.817307,1.612826
-520.862840,481.116795,1.612381
-520.911413,481.416501,1.611968
-520.958742,481.716397,1.611594
-521.004832,482.016457,1.611265
-521.049677,482.316658,1.610985
-521.093255,482.616976,1.610751
-521.135552,482.917389,1.610549
-521.176557,483.217876,1.610363
-521.216267,483.518419,1.610176
-521.254680,483.819005,1.609977
-521.291804,484.119622,1.609761
-521.327661,484.420256,1.609533
-521.362276,484.720903,1.609304
-521.395682,485.021561,1.609082
-521.427909,485.322233,1.608869
-521.458980,485.622923,1.608658
-521.488923,485.923630,1.608441
-521.517771,486.224353,1.608211
-521.545551,486.525078,1.607973
-521.572279,486.825722,1.607713
-521.597962,487.125802,1.607431
-521.622590,487.424743,1.607167
-521.646179,487.722645,1.606933
-521.668761,488.019751,1.606731
-521.690365,488.316076,1.606569
-521.711029,488.611735,1.606448
-521.730778,488.906946,1.606359
-521.749625,489.201824,1.606288
-521.767585,489.496458,1.606226
-521.784677,489.790948,1.606154
-521.800934,490.085319,1.606076
-521.816391,490.379668,1.605995
-521.831054,490.674129,1.605910
-521.844929,490.968741,1.605821
-521.858039,491.263522,1.605724
-521.870399,491.558521,1.605612
-521.882028,491.853758,1.605483
-521.892961,492.149231,1.605336
-521.903224,492.444950,1.605174
-521.912835,492.740928,1.605004
-521.921811,493.037161,1.604835
-521.930177,493.333647,1.604672
-521.937964,493.630384,1.604521
-521.945196,493.927364,1.604386
-521.951893,494.224585,1.604268
-521.958078,494.522040,1.604165
-521.963779,494.819710,1.604068
-521.969023,495.117571,1.603973
-521.973839,495.415591,1.603873
-521.978259,495.713717,1.603764
-521.982299,496.011903,1.603656
-521.985963,496.310201,1.603548
-521.989266,496.608649,1.603442
-521.992224,496.907230,1.603343
-521.994851,497.205951,1.603249
-521.997164,497.504859,1.603157
-521.999185,497.804003,1.603061
-522.000906,498.103379,1.602961
-522.002326,498.402965,1.602853
-522.003472,498.702731,1.602743
-522.004356,499.002666,1.602637
-522.004991,499.302787,1.602536
-522.005404,499.603084,1.602443
-522.005630,499.903543,1.602361
-522.005694,500.204160,1.602290
-522.005637,500.504918,1.602229
-522.005501,500.805800,1.602176
-522.005301,501.106808,1.602128
-522.005056,501.407949,1.602080
-522.004808,501.709217,1.602029
-522.004605,502.010597,1.601979
-522.004487,502.312115,1.601928
-522.004466,502.613779,1.601877
-522.004528,502.915558,1.601828
-522.004649,503.217436,1.601779
-522.004811,503.519411,1.601728
-522.005011,503.821463,1.601674
-522.005270,504.123559,1.601618
-522.005613,504.425682,1.601561
-522.006063,504.727799,1.601503
-522.006620,505.029863,1.601451
-522.007276,505.331885,1.601405
-522.008066,505.633893,1.601364
-522.009031,505.935863,1.601329
-522.010172,506.237785,1.601301
-522.011503,506.539667,1.601279
-522.013065,506.841506,1.601261
-522.014878,507.143318,1.601247
-522.016970,507.445148,1.601236
-522.019434,507.747042,1.601224
-522.022382,508.049040,1.601214
-522.025945,508.351208,1.601208
-522.030348,508.653598,1.601204
-522.035932,508.956191,1.601207
-522.043217,509.258906,1.601227
-522.052912,509.561633,1.601271
-522.065794,509.864175,1.601353
-522.082686,510.166279,1.601493
-522.104408,510.467754,1.601693
-522.131682,510.768462,1.601934
-522.165017,511.068287,1.602189
-522.204711,511.367231,1.602430
-522.250895,511.665347,1.602616
-522.303510,511.962617,1.602723
-522.362403,512.258903,1.602772
-522.427538,512.553828,1.602773
-522.498897,512.846974,1.602719
-522.576355,513.138063,1.602628
-522.659776,513.426804,1.602510
-522.749044,513.712883,1.602365
-522.843993,513.996108,1.602188
-522.944333,514.276587,1.601938
-523.049542,514.554666,1.601632
-523.159068,514.830699,1.601304
-523.272479,515.104979,1.600971
-523.389367,515.377794,1.600648
-523.509341,515.649394,1.600353
-523.632094,515.919952,1.600095
-523.757380,516.189600,1.599874
-523.884978,516.458438,1.599691
-524.014687,516.726544,1.599543
-524.146347,516.993969,1.599428
-524.279829,517.260745,1.599342
-524.415036,517.526868,1.599285
-524.552021,517.792136,1.599257
-524.691005,518.056127,1.599257
-524.832186,518.318478,1.599280
-524.975645,518.579010,1.599309
-525.121285,518.837811,1.599327
-525.268871,519.095093,1.599336
-525.418218,519.351042,1.599345
-525.569227,519.605928,1.599350
-525.721744,519.860000,1.599354
-525.875625,520.113374,1.599365
-526.030906,520.365957,1.599384
-526.187761,520.617448,1.599411
-526.346319,520.867574,1.599441
-526.506584,521.116291,1.599467
-526.668429,521.363799,1.599485
-526.831687,521.610326,1.599496
-526.996215,521.856044,1.599506
-527.161903,522.101159,1.599515
-527.328694,522.345744,1.599526
-527.496694,522.589549,1.599541
-527.666073,522.832249,1.599560
-527.836894,523.073713,1.599576
-528.009061,523.314075,1.599586
-528.182405,523.553589,1.599592
-528.356792,523.792469,1.599597
-528.532098,524.030897,1.599602
-528.708263,524.268942,1.599607
-528.885389,524.506371,1.599615
-529.063635,524.742859,1.599624
-529.243069,524.978260,1.599634
-529.423614,525.212704,1.599641
-529.605130,525.446437,1.599646
-529.787493,525.679664,1.599650
-529.970586,525.912575,1.599657
-530.154294,526.145352,1.599665
-530.338510,526.378111,1.599670
-530.523155,526.610835,1.599676
-530.708334,526.843351,1.599681
-530.894255,527.075329,1.599682
-531.080979,527.306584,1.599684
-531.268413,527.537266,1.599688
-531.456477,527.767565,1.599693
-531.645105,527.997582,1.599700
-531.834205,528.227452,1.599710
-532.023688,528.457324,1.599722
-532.213497,528.687271,1.599732
-532.403641,528.917223,1.599736
-532.594250,529.146845,1.599734
-532.785506,529.375732,1.599731
-532.977506,529.603670,1.599729
-533.170215,529.830743,1.599729
-533.363533,530.057184,1.599731
-533.557386,530.283201,1.599734
-533.751680,530.508958,1.599740
-533.946315,530.734612,1.599748
-534.141207,530.960262,1.599751
-534.336332,531.185837,1.599755
-534.531851,531.411104,1.599756
-534.727862,531.635934,1.599758
-534.924271,531.860471,1.599761
-535.121007,532.084867,1.599768
-535.318063,532.309203,1.599779
-535.515407,532.533594,1.599786
-535.713017,532.757936,1.599783
-535.911022,532.981834,1.599777
-536.109609,533.204943,1.599771
-536.308871,533.427085,1.599766
-536.508757,533.648271,1.599761
-536.709158,533.868743,1.599757
-536.909990,534.088760,1.599756
-537.111172,534.308509,1.599759
-537.312620,534.528172,1.599767
-537.514277,534.747897,1.599774
-537.716163,534.967612,1.599775
-537.918413,535.186970,1.599769
-538.121159,535.405608,1.599764
-538.324468,535.623399,1.599763
-538.528323,535.840513,1.599764
-538.732646,536.057197,1.599766
-538.937349,536.273630,1.599771
-539.142350,536.489985,1.599779
-539.347558,536.706420,1.599789
-539.552916,536.923036,1.599798
-539.758447,537.139739,1.599798
-539.964291,537.356179,1.599791
-540.170598,537.571992,1.599783
-540.377448,537.786964,1.599777
-540.584820,538.001123,1.599771
-540.792622,538.214716,1.599770
-541.000786,538.427988,1.599770
-541.209242,538.641113,1.599775
-541.417903,538.854262,1.599783
-541.626698,539.067559,1.599790
-541.835640,539.280933,1.599790
-542.044835,539.494091,1.599786
-542.254311,539.706948,1.599785
-542.464000,539.919690,1.599786
-542.673856,540.132436,1.599790
-542.883865,540.345251,1.599798
-543.093989,540.558231,1.599803
-543.304254,540.771248,1.599797
-543.514782,540.983894,1.599784
-543.725683,541.195838,1.599774
-543.937017,541.407048,1.599769
-544.148762,541.617714,1.599765
-544.360817,541.828009,1.599763
-544.573094,542.038081,1.599766
-544.785542,542.248124,1.599774
-544.998109,542.458303,1.599784
-545.210731,542.668684,1.599790
-545.423429,542.879111,1.599787
-545.636309,543.089302,1.599785
-545.849391,543.299264,1.599784
-546.062599,543.509193,1.599786
-546.275892,543.719171,1.599789
-546.489239,543.929253,1.599799
-546.702610,544.139590,1.599810
-546.915970,544.350233,1.599813
-547.129351,544.560966,1.599807
-547.342869,544.771477,1.599800
-547.556538,544.981745,1.599793
-547.770282,545.191925,1.599792
-547.984104,545.402125,1.599796
-548.197994,545.612429,1.599803
-548.411892,545.822948,1.599812
-548.625750,546.033750,1.599816
-548.839505,546.244760,1.599814
-549.053221,546.455738,1.599803
-549.267031,546.666420,1.599796
-549.480960,546.876861,1.599790
-549.694939,547.087209,1.599786
-549.908921,547.297501,1.599788
-550.122897,547.507833,1.599794
-550.336837,547.718340,1.599804
-550.550726,547.929103,1.599814
-550.764500,548.140109,1.599810
-550.978036,548.351236,1.599806
-551.191482,548.562320,1.599799
-551.405070,548.773161,1.599792
-551.618796,548.983788,1.599790
-551.832578,549.194352,1.599788
-552.046389,549.404899,1.599793
-552.260222,549.615524,1.599801
-552.474040,549.826359,1.599810
-552.687803,550.037396,1.599805
-552.901422,550.248247,1.599743
-553.114252,550.457931,1.599626
-553.325670,550.665664,1.599503
-553.535969,550.871721,1.599390
-553.745457,551.076523,1.599299
-553.954115,551.280184,1.599237
-554.162130,551.482992,1.599203
-554.369788,551.685335,1.599188
-554.577168,551.887381,1.599196
-554.784354,552.089280,1.599224
-554.991447,552.291203,1.599250
-555.198407,552.493183,1.599294
-555.405385,552.695436,1.599353
-555.612556,552.898185,1.599406
-555.819967,553.101305,1.599448
-556.027732,553.304409,1.599484
-556.236052,553.507189,1.599518
-556.445064,553.709489,1.599553
-556.654800,553.911392,1.599590
-556.865194,554.113171,1.599625
-557.076144,554.315051,1.599656
-557.287547,554.517120,1.599682
-557.499422,554.719280,1.599704
-557.711911,554.921272,1.599718
-557.925104,555.122827,1.599729
-558.139062,555.323758,1.599741
-558.353801,555.524045,1.599750
-558.569208,555.723949,1.599758
-558.785158,555.923807,1.599767
-559.001558,556.123792,1.599771
-559.218386,556.323794,1.599768
-559.435693,556.523530,1.599764
-559.653542,556.722854,1.599763
-559.871900,556.921948,1.599763
-560.090653,557.121078,1.599766
-560.309705,557.320412,1.599771
-560.529041,557.519956,1.599771
-560.748736,557.719468,1.599763
-560.968850,557.918629,1.599753
-561.189387,558.117325,1.599746
-561.410291,558.315757,1.599741
-561.631446,558.514169,1.599740
-561.852768,558.712749,1.599747
-562.074197,558.911694,1.599758
-562.295683,559.111076,1.599761
-562.517285,559.310655,1.599755
-562.739128,559.510053,1.599742
-562.961271,559.708991,1.599730
-563.183719,559.907409,1.599723
-563.406431,560.105515,1.599719
-563.629295,560.303536,1.599715
-563.852195,560.501619,1.599723
-564.075110,560.699990,1.599736
-564.297994,560.898827,1.599750
-564.520799,561.098120,1.599756
-564.743604,561.297604,1.599752
-564.966544,561.496902,1.599739
-565.189654,561.695739,1.599727
-565.412924,561.894152,1.599724
-565.636334,562.092396,1.599723
-565.859808,562.290650,1.599727
-566.083262,562.489050,1.599738
-566.306646,562.687772,1.599752
-566.529906,562.886939,1.599769
-566.753012,563.086594,1.599781
-566.976016,563.286574,1.599779
-567.199027,563.486486,1.599767
-567.422141,563.685977,1.599752
-567.645388,563.884955,1.599744
-567.868744,564.083607,1.599740
-568.092149,564.282141,1.599741
-568.315541,564.480704,1.599749
-568.538889,564.679487,1.599765
-568.762167,564.878668,1.599783
-568.985340,565.078306,1.599796
-569.208430,565.278225,1.599793
-569.431538,565.478035,1.599783
-569.654774,565.677408,1.599770
-569.878164,565.876259,1.599762
-570.101651,566.074760,1.599756
-570.325157,566.273115,1.599757
-570.548655,566.471513,1.599767
-570.772122,566.670161,1.599782
-570.995505,566.869208,1.599800
-571.218767,567.068712,1.599812
-571.441947,567.268516,1.599810
-571.665152,567.468236,1.599799
-571.888480,567.667539,1.599786
-572.111962,567.866351,1.599778
-572.335546,568.064857,1.599772
-572.559152,568.263259,1.599772
-572.782731,568.461723,1.599780
-573.006251,568.660439,1.599793
-573.229661,568.859552,1.599807
-573.452945,569.059063,1.599812
-573.676173,569.258705,1.599804
-573.899418,569.458166,1.599798
-574.122679,569.657502,1.599794
-574.345894,569.856912,1.599792
-574.569015,570.056476,1.599795
-574.792017,570.256291,1.599804
-575.014866,570.456506,1.599818
-575.237550,570.657216,1.599831
-575.460063,570.858405,1.599834
-575.682447,571.059811,1.599823
-575.904831,571.261018,1.599806
-576.127338,571.461734,1.599789
-576.349987,571.661931,1.599777
-576.572718,571.861807,1.599771
-576.795482,572.061567,1.599770
-577.018210,572.261357,1.599773
-577.240822,572.461328,1.599785
-577.463314,572.661662,1.599800
-577.685687,572.862413,1.599807
-577.907981,573.063350,1.599802
-578.130298,573.264130,1.599795
-578.352664,573.464727,1.599792
-578.575014,573.665338,1.599791
-578.797308,573.866077,1.599794
-579.019510,574.067028,1.599798
-579.241507,574.268264,1.599802
-579.463231,574.469861,1.599816
-579.684774,574.671964,1.599830
-579.906156,574.874582,1.599830
-580.127392,575.077413,1.599818
-580.348629,575.280034,1.599799
-580.570001,575.482134,1.599779
-580.791537,575.683576,1.599765
-581.013218,575.884512,1.599757
-581.234992,576.085210,1.599753
-581.456768,576.285829,1.599752
-581.678455,576.486510,1.599762
-581.900062,576.687484,1.599776
-582.121580,576.888835,1.599782
-582.343038,577.090325,1.599779
-582.564562,577.291641,1.599776
-582.786182,577.492776,1.599775
-583.007819,577.693925,1.599776
-583.229427,577.895207,1.599783
-583.450979,578.096719,1.599794
-583.672419,578.298592,1.599803
-583.893731,578.500788,1.599801
-584.115004,578.702956,1.599789
-584.336370,578.904744,1.599777
-584.557878,579.106081,1.599768
-584.779475,579.307142,1.599764
-585.001106,579.508112,1.599766
-585.222729,579.709145,1.599774
-585.444286,579.910407,1.599786
-585.665726,580.112037,1.599801
-585.887009,580.314107,1.599815
-586.108109,580.516610,1.599822
-586.329108,580.719321,1.599814
-586.550123,580.921838,1.599799
-586.771199,581.123996,1.599790
-586.992309,581.325983,1.599784
-587.213414,581.527976,1.599783
-587.434472,581.730066,1.599788
-587.655440,581.932397,1.599799
-587.876273,582.135101,1.599808
-588.096953,582.338149,1.599809
-588.317563,582.541257,1.599801
-588.538223,582.744132,1.599793
-588.758927,582.946807,1.599788
-588.979610,583.149477,1.599788
-589.200246,583.352247,1.599792
-589.420801,583.555220,1.599801
-589.641224,583.758535,1.599813
-589.861487,583.962250,1.599819
-590.081635,584.166173,1.599809
-590.301713,584.369946,1.599796
-590.521713,584.573547,1.599792
-590.741662,584.777239,1.599790
-590.961541,584.981104,1.599789
-591.181297,585.185168,1.599797
-591.400915,585.389581,1.599807
-591.620366,585.594418,1.599813
-591.839643,585.799553,1.599808
-592.058840,586.004670,1.599798
-592.278031,586.209624,1.599792
-592.497167,586.414564,1.599788
-592.716196,586.619607,1.599789
-592.935124,586.824822,1.599795
-593.153918,587.030317,1.599803
-593.372513,587.236159,1.599809
-593.590914,587.442247,1.599805
-593.809249,587.648282,1.599797
-594.027595,587.854121,1.599793
-594.245913,588.059916,1.599792
-594.464171,588.265798,1.599792
-594.682245,588.471703,1.599748
-594.899554,588.677195,1.599681
-595.115824,588.882148,1.599627
-595.331339,589.086907,1.599580
-595.546196,589.291573,1.599545
-595.760376,589.496113,1.599530
-595.974031,589.700678,1.599531
-596.187294,589.905398,1.599539
-596.400197,590.110295,1.599558
-596.612794,590.315429,1.599584
-596.825152,590.520880,1.599613
-597.037299,590.726682,1.599645
-597.249254,590.932870,1.599678
-597.461041,591.139489,1.599710
-597.672676,591.346556,1.599737
-597.884206,591.553952,1.599749
-598.095768,591.761345,1.599755
-598.307474,591.968573,1.599764
-598.519320,592.175800,1.599776
-598.731293,592.383164,1.599788
-598.943370,592.590702,1.599803
-599.155519,592.798511,1.599818
-599.367797,593.006563,1.599822
-599.580353,593.214501,1.599818
-599.793331,593.421974,1.599815
-600.006822,593.628910,1.599815
-600.220808,593.835486,1.599817
-600.435196,594.041922,1.599821
-600.649892,594.248396,1.599828
-600.864813,594.455072,1.599832
-601.079910,594.661914,1.599824
-601.295246,594.868577,1.599812
-601.510957,595.074747,1.599798
-601.727084,595.280329,1.599788
-601.943569,595.485487,1.599782
-602.160332,595.690466,1.599780
-602.377294,595.895456,1.599783
-602.594368,596.100640,1.599791
-602.811473,596.306186,1.599802
-603.028565,596.512153,1.599805
-603.245671,596.718306,1.599792
-603.462893,596.924226,1.599777
-603.680375,597.129631,1.599763
-603.898180,597.334418,1.599752
-604.116250,597.538717,1.599746
-604.334504,597.742782,1.599746
-604.552879,597.946818,1.599751
-604.771301,598.151004,1.599761
-604.989694,598.355509,1.599775
-605.208024,598.560399,1.599782
-605.426325,598.765446,1.599773
-605.644698,598.970237,1.599762
-605.863284,599.174518,1.599753
-606.082119,599.378290,1.599747
-606.301122,599.581743,1.599746
-606.520226,599.785091,1.599751
-606.739377,599.988510,1.599760
-606.958517,600.192183,1.599781
-607.177654,600.396318,1.599803
-607.396798,600.600964,1.599815
-607.615988,600.805856,1.599809
-607.835315,601.010565,1.599798
-608.054903,601.214793,1.599786
-608.274815,601.418444,1.599775
-608.494960,601.621643,1.599765
-608.715209,601.824599,1.599762
-608.935504,602.027515,1.599764
-609.155800,602.230593,1.599774
-609.376040,602.434007,1.599788
-609.596182,602.637851,1.599798
-609.816235,602.841986,1.599793
-610.036288,603.046021,1.599781
-610.256470,603.249657,1.599770
-610.476820,603.452915,1.599764
-610.697271,603.655990,1.599761
-610.917742,603.859027,1.599763
-611.138186,604.062172,1.599771
-611.358539,604.265583,1.599781
-611.578727,604.469355,1.599793
-611.798734,604.673496,1.599798
-612.018651,604.877786,1.599791
-612.238551,605.081946,1.599785
-612.458404,605.286045,1.599786
-612.678179,605.490286,1.599784
-612.897830,605.694697,1.599787
-613.117316,605.899349,1.599797
-613.336633,606.104389,1.599805
-613.555810,606.309746,1.599800
-613.774933,606.515035,1.599786
-613.994080,606.720009,1.599776
-614.213249,606.924821,1.599770
-614.432391,607.129641,1.599769
-614.651474,607.334538,1.599772
-614.870447,607.539625,1.599781
-615.089263,607.745041,1.599792
-615.307905,607.950837,1.599800
-615.526420,608.156862,1.599797
-615.744909,608.362800,1.599790
-615.963396,608.568586,1.599787
-616.181827,608.774397,1.599786
-616.400147,608.980306,1.599782
-616.618299,609.186334,1.599790
-616.836302,609.392664,1.599799
-617.054138,609.599372,1.599801
-617.271816,609.806255,1.599795
-617.489462,610.013007,1.599787
-617.707112,610.219587,1.599782
-617.924707,610.426165,1.599782
-618.142232,610.632853,1.599785
-618.359660,610.839707,1.599789
-618.576869,611.046775,1.599788
-618.793774,611.254084,1.599798
-619.010480,611.461793,1.599810
-619.227008,611.669975,1.599816
-619.443322,611.878498,1.599811
-619.659519,612.087029,1.599800
-619.875713,612.295364,1.599790
-620.091880,612.503621,1.599786
-620.307987,612.711951,1.599787
-620.524040,612.920410,1.599790
-620.739978,613.129063,1.599795
-620.955731,613.337995,1.599806
-621.171311,613.547293,1.599817
-621.386704,613.756991,1.599825
-621.601898,613.966999,1.599822
-621.816987,614.176988,1.599807
-622.032038,614.386694,1.599794
-622.247030,614.596242,1.599791
-622.461992,614.805837,1.599790
-622.676933,615.015532,1.599794
-622.891789,615.225393,1.599801
-623.106509,615.435532,1.599813
-623.321088,615.646023,1.599823
-623.535494,615.856887,1.599832
-623.749719,616.068045,1.599828
-623.963871,616.279186,1.599817
-624.178050,616.490082,1.599807
-624.392223,616.700845,1.599801
-624.606341,616.911610,1.599799
-624.820407,617.122431,1.599801
-625.034387,617.333400,1.599805
-625.248210,617.544598,1.599813
-625.461869,617.756091,1.599824
-625.675361,617.967927,1.599832
-625.888696,618.180034,1.599828
-626.101975,618.392090,1.599818
-626.315305,618.603878,1.599811
-626.528667,618.815531,1.599806
-626.742011,619.027183,1.599803
-626.955316,619.238867,1.599805
-627.168545,619.450676,1.599809
-627.381637,619.662702,1.599818
-627.594591,619.875016,1.599828
-627.807401,620.087656,1.599835
-628.020058,620.300544,1.599831
-628.232666,620.513364,1.599820
-628.445334,620.725898,1.599812
-628.658041,620.938278,1.599808
-628.870745,621.150647,1.599806
-629.083435,621.363048,1.599807
-629.296035,621.575533,1.599805
-629.508438,621.788146,1.599811
-629.720696,622.001014,1.599822
-629.932843,622.214217,1.599827
-630.144846,622.427638,1.599821
-630.356797,622.640946,1.599811
-630.568830,622.853956,1.599805
-630.780938,623.066807,1.599801
-630.993066,623.279632,1.599801
-631.205206,623.492477,1.599804
-631.417312,623.705431,1.599810
-631.629318,623.918587,1.599818
-631.841194,624.131994,1.599825
-632.052914,624.345684,1.599835
-632.264458,624.559701,1.599843
-632.475829,624.774000,1.599840
-632.687121,624.988280,1.599826
-632.898481,625.202174,1.599811
-633.109936,625.415650,1.599800
-633.321443,625.628893,1.599796
-633.533014,625.842033,1.599797
-633.744636,626.055163,1.599801
-633.956231,626.268396,1.599809
-634.167757,626.481837,1.599820
-634.379204,626.695552,1.599831
-634.590534,626.909553,1.599836
-634.801777,627.123669,1.599829
-635.013065,627.337565,1.599819
-635.224448,627.551179,1.599814
-635.435872,627.764691,1.599808
-635.647276,627.978153,1.599804
-635.858633,628.191593,1.599808
-636.069944,628.405172,1.599814
-636.281167,628.618982,1.599821
-636.492278,628.833042,1.599831
-636.703259,629.047397,1.599840
-636.914079,629.262081,1.599848
-637.124715,629.477069,1.599849
-637.335223,629.692161,1.599837
-637.545751,629.906964,1.599817
-637.756326,630.121227,1.599790
-637.966809,630.334992,1.599778
-638.177324,630.548579,1.599774
-638.387986,630.762182,1.599772
-638.598696,630.975846,1.599777
-638.809398,631.189682,1.599788
-639.020090,631.403798,1.599797
-639.230715,631.618213,1.599804
-639.441254,631.832844,1.599802
-639.651822,632.047380,1.599789
-639.862540,632.261496,1.599777
-640.073396,632.475253,1.599772
-640.284354,632.688873,1.599768
-640.495386,632.902426,1.599769
-640.706445,633.115997,1.599776
-640.917480,633.329732,1.599786
-641.128462,633.543718,1.599797
-641.339356,633.757981,1.599807
-641.550132,633.972518,1.599810
-641.760853,634.187113,1.599801
-641.971624,634.401417,1.599789
-642.182447,634.615423,1.599785
-642.393312,634.829359,1.599783
-642.604215,635.043303,1.599784
-642.815114,635.257298,1.599791
-643.025959,635.471467,1.599800
-643.236711,635.685883,1.599808
-643.447338,635.900556,1.599817
-643.657797,636.115511,1.599824
-643.868050,636.330757,1.599829
-644.078058,636.546269,1.599831
-644.287798,636.762032,1.599837
-644.497311,636.978099,1.599843
-644.706611,637.194479,1.599847
-644.915676,637.411138,1.599851
-645.124509,637.628064,1.599854
-645.333119,637.845254,1.599857
-645.541502,638.062691,1.599859
-645.749659,638.280363,1.599861
-645.957593,638.498265,1.599862
-646.165299,638.716379,1.599863
-646.372769,638.934691,1.599864
-646.580032,639.153209,1.599867
-646.787100,639.371934,1.599868
-646.993971,639.590858,1.599871
-647.200652,639.809984,1.599874
-647.407152,640.029316,1.599877
-647.613472,640.248851,1.599879
-647.819615,640.468586,1.599882
-648.025589,640.688517,1.599884
-648.231401,640.908637,1.599886
-648.437055,641.128941,1.599888
-648.642558,641.349434,1.599890
-648.847911,641.570124,1.599892
-649.053115,641.791010,1.599893
-649.258193,642.012031,1.599885
-649.463263,642.232890,1.599869
-649.668492,642.453230,1.599853
-649.873939,642.673056,1.599843
-650.079566,642.892587,1.599835
-650.285329,643.111901,1.599828
-650.491186,643.331057,1.599832
-650.697141,643.550270,1.599839
-650.903175,643.769644,1.599841
-651.109310,643.989001,1.599835
-651.315689,644.208000,1.599828
-651.522403,644.426520,1.599823
-651.729401,644.644735,1.599820
-651.936619,644.862798,1.599820
-652.144011,645.080788,1.599820
-652.351464,645.298782,1.599815
-652.558857,645.516832,1.599820
-652.766235,645.735086,1.599828
-652.973612,645.953617,1.599829
-653.180986,646.172228,1.599819
-653.388492,646.390539,1.599806
-653.596225,646.608389,1.599794
-653.804119,646.825928,1.599786
-654.012109,647.043286,1.599781
-654.220181,647.260524,1.599781
-654.428271,647.477747,1.599782
-654.636299,647.695043,1.599790
-654.844272,647.912505,1.599800
-655.052187,648.130200,1.599808
-655.260031,648.348054,1.599806
-655.467910,648.565736,1.599796
-655.675967,648.782939,1.599787
-655.884200,648.999714,1.599781
-656.092544,649.216236,1.599778
-656.300978,649.432583,1.599777
-656.509414,649.648799,1.599769
-656.717705,649.864913,1.599774
-656.925931,650.081127,1.599786
-657.134163,650.297599,1.599793
-657.342329,650.514281,1.599796
-657.550486,650.730948,1.599792
-657.758791,650.947322,1.599787
-657.967255,651.163407,1.599784
-658.175809,651.379363,1.599785
-658.384439,651.595261,1.599789
-658.593119,651.811172,1.599795
-658.801783,652.027206,1.599804
-659.010386,652.243430,1.599813
-659.218899,652.459874,1.599822
-659.427284,652.676572,1.599831
-659.635509,652.893547,1.599838
-659.843569,653.110757,1.599837
-660.051541,653.327956,1.599825
-660.259562,653.544821,1.599814
-660.467669,653.761356,1.599807
-660.675832,653.977737,1.599804
-660.884040,654.194030,1.599805
-661.092278,654.410300,1.599811
-661.300499,654.626669,1.599818
-661.508664,654.843209,1.599827
-661.716747,655.059952,1.599836
-661.924717,655.276937,1.599845
-662.132552,655.494173,1.599847
-662.340307,655.711472,1.599838
-662.548115,655.928492,1.599827
-662.756026,656.145157,1.599819
-662.964000,656.361633,1.599816
-663.172043,656.578022,1.599817
-663.380150,656.794386,1.599821
-663.588270,657.010833,1.599829
-663.796363,657.227452,1.599837
-664.004401,657.444280,1.599846
-664.212357,657.661332,1.599849
-664.420269,657.878452,1.599841
-664.628267,658.095302,1.599828
-664.836345,658.311766,1.599812
-665.044394,658.527971,1.599807
-665.252501,658.744127,1.599807
-665.460706,658.960338,1.599809
-665.668922,659.176663,1.599816
-665.877112,659.393184,1.599825
-666.085285,659.609919,1.599826
-666.293485,659.826649,1.599818
-666.501821,660.043071,1.599810
-666.710317,660.259200,1.599805
-666.918907,660.475201,1.599803
-667.127576,660.691156,1.599805
-667.336310,660.907147,1.599811
-667.545045,661.123285,1.599819
-667.753733,661.339628,1.599824
-667.962399,661.556066,1.599819
-668.171153,661.772288,1.599811
-668.380060,661.988169,1.599806
-668.589081,662.203872,1.599804
-668.798178,662.419511,1.599800
-669.007197,662.634990,1.599753
-669.215584,662.849871,1.599690
-669.423126,663.064066,1.599639
-669.630073,663.277882,1.599596
-669.836493,663.491396,1.599566
-670.042383,663.704606,1.599555
-670.247888,663.917666,1.599557
-670.453124,664.130695,1.599567
-670.658121,664.343724,1.599586
-670.862941,664.556819,1.599614
-671.067666,664.770083,1.599646
-671.272349,664.983593,1.599680
-671.477018,665.197398,1.599715
-671.681684,665.411529,1.599746
-671.886386,665.625906,1.599764
-672.091253,665.840210,1.599773
-672.296396,666.054247,1.599784
-672.501801,666.268175,1.599795
-672.707435,666.482154,1.599808
-672.913283,666.696242,1.599823
-673.119308,666.910540,1.599836
-673.325514,667.125008,1.599838
-673.532039,667.339291,1.599834
-673.739055,667.553039,1.599829
-673.946651,667.766145,1.599825
-674.154784,667.978764,1.599823
-674.363349,668.191126,1.599823
-674.572258,668.403414,1.599826
-674.781431,668.615798,1.599834
-674.990809,668.828462,1.599843
-675.200308,669.041486,1.599841
-675.409838,669.254773,1.599842
-675.619579,669.468151,1.599834
-675.829733,669.681285,1.599817
-676.040356,669.893816,1.599801
-676.251513,670.105527,1.599790
-676.463235,670.316437,1.599779
-676.675407,670.526801,1.599770
-676.887894,670.736896,1.599765
-677.100605,670.946941,1.599766
-677.313422,671.157144,1.599771
-677.526232,671.367693,1.599782
-677.738991,671.578692,1.599787
-677.951725,671.789979,1.599780
-678.164507,672.001198,1.599766
-678.377401,672.212096,1.599752
-678.590416,672.422656,1.599744
-678.803502,672.633046,1.599742
-679.016597,672.843449,1.599746
-679.229636,673.054034,1.599755
-679.442529,673.264967,1.599770
-679.655191,673.476402,1.599791
-679.867571,673.688478,1.599813
-680.079606,673.901292,1.599836
-680.291244,674.114862,1.599845
-680.502522,674.328954,1.599832
-680.713555,674.543130,1.599806
-680.924457,674.757038,1.599777
-681.135303,674.970515,1.599755
-681.346099,675.183673,1.599743
-681.556814,675.396743,1.599740
-681.767415,675.609909,1.599745
-681.977861,675.823320,1.599758
-682.188109,676.037122,1.599775
-682.398121,676.251410,1.599794
-682.607869,676.466225,1.599812
-682.817325,676.681578,1.599826
-683.026470,676.897430,1.599835
-683.235317,677.113698,1.599839
-683.443904,677.330275,1.599835
-683.652264,677.546996,1.599825
-683.860475,677.763670,1.599817
-684.068712,677.980154,1.599807
-684.277119,678.196243,1.599798
-684.485822,678.411680,1.599794
-684.695015,678.626218,1.599798
-684.904906,678.839595,1.599810
-685.115659,679.051539,1.599831
-685.327416,679.261832,1.599858
-685.540283,679.470353,1.599886
-685.754269,679.677006,1.599911
-685.969382,679.881727,1.599941
-686.185749,680.084507,1.599971
-686.403434,680.285250,1.599998
-686.622431,680.483855,1.600024
-686.842796,680.680341,1.600049
-687.064613,680.874811,1.600067
-687.287909,681.067429,1.600077
-687.512673,681.258392,1.600079
-687.738871,681.447810,1.600073
-687.966436,681.635700,1.600061
-688.195307,681.822095,1.600044
-688.425439,682.007040,1.600026
-688.656827,682.190675,1.600009
-688.889492,682.373456,1.599991
-689.123409,682.555950,1.599978
-689.358518,682.738494,1.599964
-689.594778,682.921043,1.599943
-689.832154,683.103296,1.599914
-690.070593,683.284946,1.599877
-690.310031,683.465701,1.599844
-690.550484,683.645319,1.599817
-690.791973,683.823612,1.599794
-691.034467,684.000408,1.599779
-691.277961,684.175555,1.599773
-691.522477,684.348920,1.599775
-691.768042,684.520355,1.599787
-692.014698,684.689631,1.599816
-692.262604,684.856355,1.599907
-692.512353,685.019861,1.600095
-692.764809,685.179313,1.600372
-693.020656,685.334033,1.600737
-693.280417,685.483517,1.601173
-693.544472,685.627286,1.601604
-693.812796,685.764876,1.601961
-694.085000,685.895889,1.602233
-694.360720,686.020042,1.602418
-694.639654,686.137151,1.602512
-694.921470,686.247093,1.602526
-695.205858,686.349810,1.602474
-695.492575,686.445308,1.602362
-695.781396,686.533659,1.602198
-696.072114,686.614986,1.602003
-696.364580,686.689427,1.601794
-696.658803,686.757167,1.601583
-696.954915,686.818469,1.601366
-697.252937,686.873614,1.601134
-697.552758,686.922899,1.600881
-697.854216,686.966657,1.600608
-698.157113,687.005229,1.600322
-698.461197,687.038923,1.600031
-698.766173,687.068020,1.599746
-699.071795,687.092835,1.599467
-699.377881,687.113764,1.599203
-699.684251,687.131174,1.598967
-699.990715,687.145324,1.598766
-700.297081,687.156403,1.598605
-700.603182,687.164555,1.598485
-700.908901,687.169911,1.598397
-701.214149,687.172677,1.598332
-701.518869,687.173143,1.598290
-701.823074,687.171591,1.598269
-702.126885,687.168281,1.598264
-702.430368,687.163467,1.598269
-702.733536,687.157386,1.598289
-703.036518,687.150240,1.598324
-703.339501,687.142216,1.598369
-703.642586,687.133481,1.598425
-703.945889,687.124184,1.598498
-704.249652,687.114488,1.598576
-704.554016,687.104573,1.598653
-704.859085,687.094578,1.598742
-705.165079,687.084598,1.598815
-705.471994,687.074713,1.598872
-705.779746,687.064986,1.598919
-706.088334,687.055480,1.598942
-706.397630,687.046286,1.598942
-706.707446,687.037513,1.598931
-707.017656,687.029295,1.598904
-707.328012,687.021790,1.598859
-707.638142,687.015136,1.598810
-707.947844,687.009442,1.598775
-708.257178,687.004806,1.598749
-708.566133,687.001309,1.598733
-708.874656,686.999002,1.598727
-709.182772,686.997904,1.598729
-709.490495,686.998008,1.598737
-709.797802,686.999296,1.598751
-710.104704,687.001731,1.598772
-710.411241,687.005258,1.598796
-710.717429,687.009797,1.598826
-711.023324,687.015372,1.598867
-711.328999,687.022228,1.598916
-711.634439,687.030759,1.598979
-711.939550,687.041472,1.599058
-712.244197,687.054927,1.599160
-712.548132,687.071748,1.599294
-712.850876,687.092662,1.599462
-713.151988,687.118291,1.599653
-713.451235,687.149004,1.599849
-713.748515,687.184971,1.600034
-714.043884,687.226377,1.600266
-714.337430,687.273791,1.600561
-714.629226,687.327897,1.600853
-714.919360,687.388972,1.601118
-715.207881,687.457068,1.601362
-715.494706,687.532361,1.601616
-715.779539,687.615246,1.601900
-716.061928,687.706212,1.602211
-716.341424,687.805659,1.602525
-716.617593,687.913824,1.602819
-716.890056,688.030825,1.603074
-717.158521,688.156671,1.603241
-717.422705,688.291171,1.603304
-717.682385,688.434028,1.603272
-717.937452,688.584941,1.603140
-718.187802,688.743529,1.602915
-718.433329,688.909352,1.602622
-718.674018,689.082024,1.602274
-718.909877,689.261149,1.601877
-719.140834,689.446191,1.601399
-719.366581,689.636288,1.600871
-719.586900,689.830722,1.600381
-719.801943,690.029350,1.599948
-720.011934,690.232061,1.599525
-720.217293,690.438480,1.599090
-720.418694,690.648188,1.598662
-720.616769,690.860827,1.598253
-720.812123,691.076021,1.597868
-721.005397,691.293314,1.597510
-721.197209,691.512118,1.597191
-721.388103,691.731817,1.596932
-721.578531,691.951944,1.596751
-721.768802,692.172312,1.596650
-721.959107,692.392951,1.596615
-722.149563,692.613876,1.596625
-722.340309,692.834929,1.596664
-722.531535,693.055824,1.596727
-722.723392,693.276357,1.596809
-722.915896,693.496539,1.596908
-723.108926,693.716605,1.597017
-723.302336,693.936799,1.597127
-723.496050,694.157184,1.597230
-723.690118,694.377599,1.597320
-723.884633,694.597829,1.597400
-724.079630,694.817818,1.597472
-724.275018,695.037750,1.597539
-724.470641,695.257895,1.597605
-724.666379,695.478394,1.597664
-724.862230,695.699143,1.597710
-725.058277,695.919895,1.597749
-725.254609,696.140482,1.597780
-725.451229,696.360859,1.597806
-725.648034,696.581211,1.597833
-725.844911,696.801830,1.597855
-726.041795,697.022831,1.597867
-726.238723,697.244057,1.597863
-726.435764,697.465239,1.597856
-726.633022,697.686243,1.597851
-726.830535,697.907108,1.597852
-727.028176,698.128015,1.597863
-727.225806,698.349184,1.597884
-727.423356,698.570810,1.597916
-727.620761,698.793046,1.597944
-727.818020,699.015804,1.597959
-728.015252,699.238762,1.597966
-728.212570,699.461659,1.597974
-728.409975,699.684457,1.597989
-728.607370,699.907308,1.598015
-728.804678,700.130410,1.598051
-729.001843,700.353919,1.598091
-729.198783,700.577921,1.598128
-729.395519,700.802311,1.598151
-729.592192,701.026779,1.598163
-729.788917,701.251055,1.598169
-729.985699,701.475087,1.598177
-730.182478,701.699057,1.598189
-730.379188,701.923175,1.598206
-730.575771,702.147608,1.598231
-730.772155,702.372494,1.598258
-730.968300,702.597812,1.598276
-731.164310,702.823283,1.598287
-731.360364,703.048620,1.598295
-731.556532,703.273687,1.598303
-731.752761,703.498579,1.598316
-731.948967,703.723505,1.598335
-732.145079,703.948638,1.598361
-732.341017,704.174111,1.598391
-732.536736,704.399924,1.598414
-732.732334,704.625832,1.598431
-732.927902,704.851635,1.598448
-733.123371,705.077446,1.598470
-733.318694,705.303491,1.598495
-733.513864,705.529880,1.598521
-733.708824,705.756681,1.598541
-733.903564,705.983832,1.598547
-734.098227,706.211031,1.598541
-734.292967,706.437970,1.598530
-734.487850,706.664495,1.598523
-734.682843,706.890659,1.598523
-734.877852,707.116680,1.598533
-735.072802,707.342788,1.598551
-735.267620,707.569153,1.598573
-735.462261,707.795843,1.598589
-735.656801,708.022677,1.598596
-735.851346,708.249426,1.598603
-736.045858,708.476171,1.598615
-736.240244,708.703117,1.598633
-736.434461,708.930360,1.598658
-736.628458,709.157987,1.598683
-736.822187,709.385979,1.598694
-737.015743,709.614043,1.598699
-737.209336,709.841893,1.598700
-737.403053,710.069408,1.598700
-737.596825,710.296666,1.598703
-737.790568,710.523875,1.598713
-737.984236,710.751237,1.598725
-738.177748,710.978902,1.598740
-738.371077,711.206884,1.598750
-738.564328,711.434948,1.598753
-738.757567,711.662876,1.598760
-738.950722,711.890793,1.598778
-739.143741,712.118926,1.598799
-739.336579,712.347352,1.598827
-739.529188,712.576165,1.598856
-739.721586,712.805343,1.598872
-739.913912,713.034567,1.598879
-740.106305,713.263517,1.598887
-740.298814,713.492113,1.598901
-740.491373,713.720506,1.598919
-740.683854,713.948844,1.598943
-740.876193,714.177294,1.598978
-741.068366,714.406082,1.599016
-741.260298,714.635344,1.599050
-741.451939,714.865074,1.599076
-741.643396,715.095089,1.599085
-741.834843,715.325061,1.599082
-742.026385,715.554724,1.599076
-742.218027,715.784078,1.599073
-742.409693,716.013321,1.599073
-742.601278,716.242611,1.599078
-742.792691,716.472073,1.599095
-742.983892,716.701909,1.599120
-743.174833,716.932254,1.599147
-743.365481,717.163108,1.599169
-743.555922,717.394257,1.599179
-743.746321,717.625352,1.599183
-743.936794,717.856134,1.599190
-744.127346,718.086601,1.599205
-744.317897,718.316946,1.599226
-744.508356,718.547333,1.599255
-744.698650,718.777901,1.599293
-744.888725,719.008827,1.599337
-745.078526,719.240225,1.599378
-745.268045,719.472020,1.599409
-745.457427,719.703930,1.599430
-745.646850,719.935639,1.599445
-745.836392,720.166980,1.599463
-746.026013,720.398049,1.599485
-746.215617,720.629044,1.599507
-746.405081,720.860065,1.599534
-746.594324,721.091255,1.599572
-746.783343,721.322867,1.599612
-746.972104,721.555012,1.599647
-747.160602,721.787595,1.599670
-747.348985,722.020325,1.599680
-747.537422,722.252872,1.599683
-747.725982,722.485062,1.599687
-747.914627,722.716988,1.599695
-748.103265,722.948854,1.599703
-748.291754,723.180723,1.599702
-748.479923,723.412609,1.599718
-748.667834,723.644842,1.599740
-748.855541,723.877649,1.599755
-749.043019,724.110889,1.599760
-749.230393,724.344253,1.599757
-749.417857,724.577448,1.599746
-749.605470,724.810280,1.599738
-749.793192,725.042838,1.599736
-749.980946,725.275355,1.599739
-750.168645,725.507987,1.599748
-750.356197,725.740866,1.599762
-750.543516,725.974127,1.599780
-750.730568,726.207857,1.599793
-750.917422,726.441914,1.599791
-751.104234,726.675944,1.599781
-751.291146,726.909662,1.599769
-751.478197,727.143019,1.599762
-751.665311,727.376181,1.599761
-751.852392,727.609336,1.599756
-752.039207,727.842420,1.599710
-752.225232,728.074963,1.599656
-752.410317,728.306988,1.599617
-752.594670,728.538909,1.599583
-752.778328,728.770819,1.599564
-752.961304,729.002750,1.599564
-753.143715,729.234892,1.599575
-753.325638,729.467362,1.599593
-753.507100,729.700192,1.599618
-753.688136,729.933443,1.599647
-753.868777,730.167169,1.599674
-754.049070,730.401301,1.599688
-754.229158,730.635556,1.599693
-754.409187,730.869751,1.599704
-754.589170,731.104042,1.599718
-754.769071,731.338585,1.599735
-754.948884,731.573431,1.599756
-755.128590,731.808654,1.599773
-755.308252,732.044150,1.599778
-755.488061,732.279577,1.599772
-755.668156,732.514631,1.599766
-755.848578,732.749309,1.599768
-756.029323,732.983882,1.599774
-756.210297,733.218560,1.599783
-756.391419,733.453443,1.599792
-756.572747,733.688442,1.599794
-756.754416,733.923284,1.599790
-756.936507,734.157768,1.599787
-757.118984,734.391953,1.599786
-757.301713,734.626078,1.599788
-757.484563,734.860352,1.599795
-757.667427,735.094936,1.599806
-757.850224,735.329945,1.599812
-758.033004,735.565235,1.599807
-758.215927,735.800472,1.599796
-758.399109,736.035434,1.599785
-758.582535,736.270146,1.599778
-758.766096,736.504805,1.599777
-758.949686,736.739599,1.599781
-759.133208,736.974676,1.599790
-759.316579,737.210196,1.599813
-759.499887,737.446324,1.599832
-759.683335,737.682908,1.599831
-759.867043,737.919555,1.599821
-760.051092,738.155987,1.599808
-760.235573,738.392044,1.599794
-760.420426,738.627733,1.599780
-760.605454,738.863281,1.599773
-760.790525,739.098938,1.599771
-760.975536,739.334864,1.599772
-761.160301,739.571122,1.599764
-761.344665,739.807691,1.599764
-761.528806,740.044556,1.599757
-761.712959,740.281465,1.599738
-761.897216,740.518074,1.599720
-762.081669,740.754214,1.599708
-762.266340,740.989965,1.599702
-762.451096,741.225548,1.599701
-762.635807,741.461165,1.599708
-762.820396,741.696986,1.599722
-763.004768,741.933170,1.599740
-763.188845,742.169821,1.599757
-763.372651,742.406866,1.599761
-763.556334,742.643994,1.599754
-763.740044,742.880891,1.599743
-763.923844,743.117436,1.599736
-764.107681,743.353750,1.599735
-764.291461,743.590031,1.599739
-764.475102,743.826434,1.599750
-764.658522,744.063104,1.599762
-764.841598,744.300111,1.599775
-765.024296,744.537506,1.599788
-765.206768,744.775202,1.599787
-765.389187,745.012862,1.599775
-765.571666,745.250197,1.599766
-765.754240,745.487209,1.599761
-765.936829,745.724092,1.599760
-766.119332,745.961017,1.599766
-766.301673,746.198128,1.599779
-766.483777,746.435584,1.599795
-766.665573,746.673497,1.599812
-766.847066,746.911835,1.599816
-767.028389,747.150323,1.599808
-767.209711,747.388626,1.599795
-767.391129,747.626570,1.599784
-767.572615,747.864235,1.599778
-767.754075,748.101822,1.599779
-767.935426,748.339497,1.599785
-768.116593,748.577409,1.599798
-768.297490,748.815701,1.599811
-768.478027,749.054421,1.599823
-768.658208,749.293522,1.599826
-768.838209,749.532784,1.599817
-769.018219,749.771885,1.599803
-769.198337,750.010638,1.599793
-769.378533,750.249136,1.599788
-769.558712,750.487587,1.599788
-769.738788,750.726146,1.599794
-769.918687,750.964956,1.599807
-770.098323,751.204157,1.599816
-770.277569,751.443739,1.599819
-770.456408,751.683630,1.599824
-770.635058,751.923785,1.599824
-770.813566,752.164154,1.599822
-770.991894,752.404663,1.599814
-771.170206,752.645113,1.599805
-771.348574,752.885443,1.599800
-771.526860,753.125839,1.599799
-771.704975,753.366455,1.599802
-771.882889,753.607362,1.599809
-772.060543,753.848590,1.599809
-772.238013,754.089965,1.599803
-772.415431,754.331305,1.599799
-772.592739,754.572715,1.599798
-772.769835,754.814355,1.599801
-772.946690,755.056282,1.599808
-773.123263,755.298574,1.599817
-773.299538,755.541228,1.599815
-773.475659,755.783965,1.599801
-773.651813,756.026431,1.599780
-773.828089,756.268358,1.599758
-774.004534,756.509632,1.599747
-774.181161,756.750475,1.599741
-774.357862,756.991176,1.599741
-774.534512,757.231905,1.599750
-774.711033,757.472839,1.599766
-774.887344,757.714154,1.599783
-775.063420,757.955854,1.599789
-775.239385,758.197682,1.599786
-775.415411,758.439331,1.599776
-775.591572,758.680631,1.599769
-775.767828,758.921672,1.599767
-775.944079,759.162673,1.599769
-776.120225,759.403789,1.599779
-776.296187,759.645182,1.599795
-776.471890,759.887015,1.599814
-776.647279,760.129357,1.599827
-776.822405,760.372079,1.599826
-776.997435,760.614857,1.599815
-777.172525,760.857390,1.599797
-777.347744,761.099418,1.599772
-777.523104,761.340784,1.599758
-777.698628,761.581764,1.599752
-777.874231,761.822692,1.599750
-778.049771,762.063716,1.599757
-778.225159,762.305010,1.599774
-778.400323,762.546763,1.599790
-778.575236,762.788972,1.599795
-778.750016,763.031372,1.599790
-778.924833,763.273660,1.599779
-779.099795,763.515643,1.599769
-779.274903,763.757308,1.599763
-779.450060,763.998848,1.599764
-779.625148,764.240481,1.599770
-779.800073,764.482362,1.599783
-779.974746,764.724642,1.599801
-780.149100,764.967426,1.599814
-780.323183,765.210603,1.599814
-780.497156,765.453854,1.599804
-780.671160,765.696905,1.599788
-780.845199,765.939639,1.599775
-781.019182,766.182194,1.599773
-781.193064,766.424846,1.599777
-781.366778,766.667761,1.599785
-781.540261,766.910985,1.599791
-781.713592,767.154391,1.599791
-781.886858,767.397841,1.599794
-782.059983,767.641449,1.599801
-782.232867,767.885385,1.599809
-782.405482,768.129669,1.599810
-782.577869,768.374122,1.599803
-782.750178,768.618491,1.599793
-782.922562,768.862597,1.599782
-783.095026,769.106431,1.599777
-783.267460,769.350180,1.599778
-783.439771,769.594047,1.599785
-783.611877,769.838178,1.599798
-783.783706,770.082679,1.599808
-783.955308,770.327447,1.599806
-784.126842,770.572189,1.599798
-784.298428,770.816690,1.599789
-784.470065,771.060966,1.599785
-784.641655,771.305203,1.599787
-784.813096,771.549586,1.599795
-784.984301,771.794262,1.599809
-785.155189,772.039366,1.599823
-785.325765,772.284875,1.599825
-785.496169,772.530521,1.599817
-785.666551,772.776027,1.599805
-785.836962,773.021301,1.599795
-786.007306,773.266422,1.599789
-786.177473,773.511573,1.599794
-786.347423,773.756980,1.599805
-786.517096,774.002787,1.599816
-786.686471,774.248963,1.599819
-786.855682,774.495273,1.599813
-787.024879,774.741464,1.599803
-787.194105,774.987444,1.599797
-787.363283,775.233350,1.599796
-787.532304,775.479388,1.599799
-787.701010,775.725593,1.599769
-787.868980,775.971551,1.599721
-788.035940,776.217070,1.599685
-788.201988,776.462479,1.599659
-788.367196,776.707958,1.599642
-788.531570,776.953530,1.599642
-788.695206,777.199362,1.599655
-788.858193,777.445604,1.599671
-789.020551,777.692279,1.599693
-789.182302,777.939417,1.599717
-789.343470,778.187067,1.599741
-789.504071,778.435241,1.599760
-789.664193,778.683831,1.599764
-789.824034,778.932536,1.599757
-789.983801,779.181077,1.599749
-790.143611,779.429392,1.599747
-790.303451,779.677648,1.599754
-790.463246,779.926072,1.599768
-790.622923,780.174830,1.599789
-790.782409,780.424062,1.599810
-790.941696,780.673772,1.599820
-791.100921,780.923726,1.599820
-791.260243,781.173687,1.599817
-791.419715,781.423596,1.599816
-791.579248,781.673588,1.599819
-791.738710,781.923851,1.599826
-791.898028,782.174477,1.599829
-792.057255,782.425345,1.599825
-792.216507,782.676228,1.599816
-792.375872,782.926964,1.599804
-792.535332,783.177512,1.599797
-792.694766,783.428066,1.599800
-792.854051,783.678912,1.599809
-793.013073,783.930217,1.599825
-793.171716,784.182111,1.599844
-793.329934,784.434646,1.599851
-793.487836,784.687609,1.599843
-793.645572,784.940707,1.599828
-793.803242,785.193751,1.599808
-793.960936,785.446594,1.599790
-794.118675,785.699207,1.599780
-794.276320,785.951809,1.599778
-794.433703,786.204665,1.599784
-794.590713,786.457943,1.599799
-794.747247,786.711784,1.599814
-794.903284,786.966176,1.599818
-795.058931,787.220885,1.599811
-795.214295,787.475687,1.599798
-795.369448,787.730442,1.599782
-795.524446,787.985036,1.599769
-795.679236,788.239532,1.599767
-795.833669,788.494210,1.599774
-795.987632,788.749285,1.599783
-796.141107,789.004748,1.599788
-796.294142,789.260458,1.599788
-796.446775,789.516306,1.599787
-796.598979,789.772305,1.599794
-796.750630,790.028640,1.599808
-796.901589,790.285522,1.599829
-797.051752,790.543064,1.599845
-797.201095,790.801200,1.599851
-797.349686,791.059762,1.599850
-797.497573,791.318655,1.599853
-797.644735,791.578049,1.599879
-797.791117,791.838404,1.599933
-797.936693,792.100255,1.600024
-798.081445,792.364126,1.600147
-798.225260,792.630427,1.600261
-798.368017,792.899150,1.600304
-798.509715,793.169749,1.600263
-798.650319,793.441505,1.600165
-798.789668,793.713957,1.600067
-798.927539,793.987150,1.599990
-799.063726,794.261323,1.599940
-799.198117,794.536693,1.599925
-799.330630,794.813507,1.599937
-799.461137,795.091921,1.599953
-799.589465,795.371888,1.599968
-799.715447,795.653277,1.599958
-799.838860,795.935699,1.599905
-799.959443,796.218505,1.599826
-800.076987,796.501118,1.599737
-800.191130,796.782850,1.599693
-800.300350,797.061998,1.599824
-800.402203,797.336150,1.600255
-800.494837,797.603136,1.601109
-800.577239,797.860993,1.602347
-800.648830,798.108073,1.603692
-800.720451,798.389000,1.605100
-800.777391,798.652285,1.606066
-800.827110,798.937017,1.606414
-800.861242,799.198351,1.605935
-800.884552,799.470057,1.604626
-800.894993,799.744074,1.602595
-800.891875,800.012990,1.600212
-800.875271,800.269788,1.597994
-800.842000,800.524774,1.596313
-800.783509,800.769423,1.595703
-800.659811,800.989534,1.596823
-800.409918,800.962111,1.598295
-800.259173,800.755528,1.595248
-800.151033,800.526137,1.593822
-800.067074,800.287420,1.594870
-800.006270,800.044531,1.597632
