x,y,z
0.000000,0.000000,1.530991
-0.074375,0.227998,1.607882
-0.185218,0.472794,1.609786
-0.312928,0.713066,1.608536
-0.437197,0.932205,1.606314
-0.577145,1.172510,1.603862
-0.711262,1.398046,1.601884
-0.855932,1.636184,1.600228
-0.988352,1.849235,1.599104
-1.128484,2.069777,1.598241
-1.276241,2.297262,1.597621
-1.431548,2.531298,1.597220
-1.594349,2.771635,1.597015
-1.764662,3.018108,1.596983
-1.912387,3.228116,1.597070
-2.065486,3.442292,1.597236
-2.224077,3.660586,1.597454
-2.388297,3.882899,1.597712
-2.558332,4.109085,1.597969
-2.734249,4.338794,1.598080
-2.915620,4.571332,1.597979
-3.101665,4.805896,1.597729
-3.291712,5.041811,1.597389
-3.485223,5.278510,1.596994
-3.681633,5.515444,1.596592
-3.880444,5.752139,1.596228
-4.081309,5.988236,1.595921
-4.283952,6.223435,1.595684
-4.488142,6.457492,1.595519
-4.693686,6.690226,1.595416
-4.900333,6.921666,1.595358
-5.107751,7.152123,1.595337
-5.315641,7.381884,1.595349
-5.523790,7.611122,1.595386
-5.732021,7.840007,1.595445
-5.940204,8.068705,1.595515
-6.148244,8.297279,1.595591
-6.356065,8.525752,1.595669
-6.563627,8.754153,1.595749
-6.770917,8.982508,1.595832
-6.977924,9.210817,1.595921
-7.184624,9.439055,1.596016
-7.391007,9.667199,1.596114
-7.597067,9.895226,1.596210
-7.802788,10.123097,1.596303
-8.008194,10.350817,1.596391
-8.213313,10.578402,1.596474
-8.418140,10.805821,1.596558
-8.622685,11.033056,1.596642
-8.826931,11.260072,1.596731
-9.030885,11.486859,1.596820
-9.234550,11.713405,1.596902
-9.437880,11.939640,1.596978
-9.640859,12.165532,1.597048
-9.843527,12.391097,1.597111
-10.045928,12.616366,1.597167
-10.248106,12.841388,1.597213
-10.450072,13.066171,1.597251
-10.651835,13.290713,1.597285
-10.853427,13.515056,1.597319
-11.054863,13.739223,1.597358
-11.256173,13.963249,1.597403
-11.457404,14.187190,1.597455
-11.658598,14.411107,1.597506
-11.859760,14.635015,1.597554
-12.060865,14.858897,1.597598
-12.261911,15.082753,1.597642
-12.462938,15.306641,1.597688
-12.663957,15.530601,1.597734
-12.864936,15.754600,1.597781
-13.065909,15.978507,1.597823
-13.267035,16.201993,1.597861
-13.468483,16.424766,1.597899
-13.670275,16.646918,1.597940
-13.872375,16.868685,1.597979
-14.074775,17.090173,1.598017
-14.277441,17.311499,1.598051
-14.480305,17.532778,1.598078
-14.683414,17.753909,1.598099
-14.886962,17.974576,1.598118
-15.091036,18.194677,1.598138
-15.295524,18.414375,1.598161
-15.500341,18.633816,1.598190
-15.705458,18.853111,1.598218
-15.910773,19.072371,1.598248
-16.116215,19.291692,1.598275
-16.321834,19.510945,1.598290
-16.527735,19.729734,1.598303
-16.733969,19.947897,1.598323
-16.940496,20.165641,1.598347
-17.147242,20.383108,1.598375
-17.354149,20.600353,1.598408
-17.561158,20.817512,1.598442
-17.768217,21.034720,1.598480
-17.975330,21.252079,1.598516
-18.182472,21.469632,1.598545
-18.389647,21.687296,1.598562
-18.596992,21.904768,1.598568
-18.804599,22.121833,1.598571
-19.012398,22.338597,1.598577
-19.220338,22.555203,1.598589
-19.428417,22.771712,1.598605
-19.636568,22.988202,1.598624
-19.844720,23.204764,1.598648
-20.052871,23.421472,1.598671
-20.260987,23.638325,1.598685
-20.469069,23.855137,1.598695
-20.677301,24.071600,1.598703
-20.885774,24.287582,1.598713
-21.094388,24.503229,1.598732
-21.303092,24.718720,1.598755
-21.511848,24.934165,1.598779
-21.720543,25.149673,1.598805
-21.929088,25.365360,1.598834
-22.137491,25.581324,1.598861
-22.345749,25.797590,1.598881
-22.553891,26.014014,1.598885
-22.761990,26.230274,1.598882
-22.970109,26.446240,1.598882
-23.178252,26.662075,1.598888
-23.386428,26.877961,1.598908
-23.594696,27.094098,1.598936
-23.803012,27.310660,1.598966
-24.011271,27.527719,1.598988
-24.219471,27.745119,1.598993
-24.427695,27.962489,1.598984
-24.635966,28.179592,1.598978
-24.844253,28.396552,1.598979
-25.052538,28.613556,1.598985
-25.260797,28.830661,1.598997
-25.468988,29.047947,1.599017
-25.677087,29.265534,1.599039
-25.885083,29.483476,1.599061
-26.092933,29.701776,1.599077
-26.300566,29.920417,1.599091
-26.507945,30.139408,1.599104
-26.715074,30.358774,1.599112
-26.921935,30.578500,1.599115
-27.128491,30.798527,1.599115
-27.334734,31.018828,1.599115
-27.540674,31.239396,1.599115
-27.746319,31.460189,1.599119
-27.951703,31.681173,1.599125
-28.156862,31.902313,1.599133
-28.361826,32.123550,1.599145
-28.566614,32.344835,1.599159
-28.771255,32.566131,1.599179
-28.975812,32.787402,1.599201
-29.180351,33.008590,1.599227
-29.384924,33.229633,1.599255
-29.589586,33.450478,1.599285
-29.794373,33.671062,1.599317
-29.999335,33.891331,1.599340
-30.204558,34.111232,1.599425
-30.410185,34.330610,1.599911
-30.616471,34.549244,1.601112
-30.823829,34.767021,1.603326
-31.032564,34.983765,1.606767
-31.242803,35.199174,1.611507
-31.454670,35.412990,1.617556
-31.668271,35.625101,1.624886
-31.883638,35.835485,1.633421
-32.100720,36.044124,1.643058
-32.319436,36.251026,1.653688
-32.539758,36.456228,1.665175
-32.761661,36.659736,1.677312
-32.985080,36.861545,1.689842
-33.209968,37.061683,1.702516
-33.436277,37.260188,1.715114
-33.663955,37.457118,1.727450
-33.892919,37.652527,1.739380
-34.123096,37.846481,1.750789
-34.354444,38.039060,1.761585
-34.586885,38.230302,1.771705
-34.820355,38.420227,1.781106
-35.054836,38.608859,1.789762
-35.290305,38.796187,1.797662
-35.526735,38.982186,1.804813
-35.764130,39.166836,1.811230
-36.002506,39.350106,1.816934
-36.241855,39.531956,1.821958
-36.482230,39.712399,1.826341
-36.723723,39.891466,1.830117
-36.966369,40.069150,1.833330
-37.210193,40.245453,1.836018
-37.455214,40.420392,1.838223
-37.701437,40.593978,1.839991
-37.948844,40.766220,1.841366
-38.197392,40.937122,1.842393
-38.447024,41.106687,1.843114
-38.697675,41.274918,1.843570
-38.949295,41.441820,1.843799
-39.201828,41.607377,1.843835
-39.455216,41.771546,1.843713
-39.709414,41.934298,1.843460
-39.964379,42.095607,1.843104
-40.220068,42.255461,1.842668
-40.476442,42.413862,1.842173
-40.733478,42.570837,1.841638
-40.991150,42.726413,1.841079
-41.249450,42.880615,1.840496
-41.508417,43.033474,1.839894
-41.768060,43.184985,1.839296
-42.028376,43.335120,1.838728
-42.289415,43.483873,1.838203
-42.551213,43.631244,1.837724
-42.813760,43.777271,1.837279
-43.077033,43.922094,1.836878
-43.340990,44.065901,1.836550
-43.605533,44.208917,1.836295
-43.870545,44.351369,1.836106
-44.135917,44.493471,1.835980
-44.401548,44.635391,1.835914
-44.667364,44.777253,1.835899
-44.933316,44.919125,1.835925
-45.199371,45.061021,1.835984
-45.465502,45.202946,1.836030
-45.731633,45.344936,1.835833
-45.997463,45.487228,1.835118
-46.262490,45.630251,1.833532
-46.526292,45.774465,1.830992
-46.788603,45.920319,1.827662
-47.049391,46.068156,1.823784
-47.308858,46.218153,1.819632
-47.567181,46.370414,1.815449
-47.824489,46.524996,1.811269
-48.080945,46.681887,1.806933
-48.336642,46.841043,1.802273
-48.591342,47.002444,1.797206
-48.844583,47.166123,1.791867
-49.096040,47.332132,1.786484
-49.345598,47.500480,1.781258
-49.593393,47.671074,1.776353
-49.839717,47.843760,1.771885
-50.084813,48.018387,1.767917
-50.328876,48.194829,1.764483
-50.572097,48.372999,1.761557
-50.814451,48.552784,1.758955
-51.055589,48.734117,1.756436
-51.295250,48.917012,1.753792
-51.533583,49.101434,1.750871
-51.770825,49.287294,1.747668
-52.007086,49.474514,1.744320
-52.242491,49.663015,1.740977
-52.477178,49.852711,1.737764
-52.711200,50.043521,1.734686
-52.944572,50.235382,1.731628
-53.177319,50.428248,1.728465
-53.409455,50.622066,1.725110
-53.640924,50.816788,1.721582
-53.871390,51.012417,1.718011
-54.100319,51.209022,1.714545
-54.327525,51.406673,1.711289
-54.553271,51.605340,1.708323
-54.777867,51.805005,1.705691
-55.001530,52.005664,1.703414
-55.224470,52.207257,1.701500
-55.446840,52.409743,1.699909
-55.668703,52.613102,1.698507
-55.890128,52.817328,1.697127
-56.111177,53.022388,1.695637
-56.331863,53.228232,1.693953
-56.552180,53.434803,1.692094
-56.772129,53.642027,1.690151
-56.991726,53.849843,1.688218
-57.210959,54.058203,1.686370
-57.429797,54.267040,1.684622
-57.648221,54.476287,1.682904
-57.866213,54.685894,1.681128
-58.083775,54.895808,1.679230
-58.300935,55.105956,1.677205
-58.517748,55.316289,1.675127
-58.734278,55.526791,1.673083
-58.950562,55.737452,1.671150
-59.166615,55.948253,1.669375
-59.382518,56.159013,1.667789
-59.598458,56.369395,1.666415
-59.814554,56.579296,1.665265
-60.030794,56.788905,1.664326
-60.247168,56.998369,1.663519
-60.463669,57.207785,1.662740
-60.680254,57.417304,1.661900
-60.896869,57.627051,1.660929
-61.113443,57.837029,1.659795
-61.329977,58.047101,1.658535
-61.546606,58.257094,1.657158
-61.763360,58.467023,1.655649
-61.980162,58.677015,1.653998
-62.196984,58.887133,1.652201
-62.413803,59.097425,1.650262
-62.630559,59.307964,1.648203
-62.847204,59.518791,1.646092
-63.063708,59.729910,1.644015
-63.280019,59.941307,1.642045
-63.496114,60.152986,1.640233
-63.711993,60.364961,1.638608
-63.927633,60.577217,1.637183
-64.143016,60.789729,1.635923
-64.358136,61.002487,1.634772
-64.572987,61.215475,1.633679
-64.787564,61.428675,1.632613
-65.001869,61.642069,1.631579
-65.215903,61.855641,1.630598
-65.429655,62.069353,1.629696
-65.643142,62.283197,1.628885
-65.856387,62.497189,1.628142
-66.069394,62.711327,1.627430
-66.282159,62.925592,1.626718
-66.494671,63.139966,1.625983
-66.706942,63.354453,1.625211
-66.919010,63.569085,1.624396
-67.130889,63.783862,1.623560
-67.342562,63.998763,1.622727
-67.553955,64.213693,1.621937
-67.765110,64.428684,1.621216
-67.976148,64.643864,1.620567
-68.187061,64.859228,1.620000
-68.397823,65.074749,1.619521
-68.608459,65.290460,1.619109
-68.818972,65.506373,1.618731
-69.029342,65.722481,1.618365
-69.239568,65.938794,1.618007
-69.449653,66.155306,1.617660
-69.659613,66.371878,1.617326
-69.869575,66.588166,1.617020
-70.079660,66.803989,1.616753
-70.289875,67.019511,1.616521
-70.500204,67.234876,1.616301
-70.710642,67.450129,1.616072
-70.921162,67.665375,1.615816
-71.131719,67.880728,1.615526
-71.342281,68.096241,1.615215
-71.552800,68.311902,1.614867
-71.762911,68.527219,1.614458
-71.972177,68.741378,1.614060
-72.180927,68.954407,1.613697
-72.389461,69.166700,1.613376
-72.597691,69.378323,1.613111
-72.805677,69.589385,1.612905
-73.013583,69.800145,1.612732
-73.221447,70.010774,1.612575
-73.429280,70.221355,1.612427
-73.637127,70.432001,1.612284
-73.844965,70.642765,1.612149
-74.052781,70.853689,1.612031
-74.260633,71.064882,1.611917
-74.468528,71.276389,1.611790
-74.676476,71.488102,1.611631
-74.884619,71.699689,1.611435
-75.093105,71.910882,1.611216
-75.301943,72.121771,1.610987
-75.511095,72.332543,1.610759
-75.720549,72.543247,1.610538
-75.930338,72.753785,1.610331
-76.140570,72.963963,1.610143
-76.351260,73.173805,1.609981
-76.562325,73.383503,1.609845
-76.773710,73.593168,1.609734
-76.985391,73.802802,1.609636
-77.197417,74.012217,1.609536
-77.409891,74.221157,1.609421
-77.622804,74.429651,1.609287
-77.836077,74.637899,1.609134
-78.049669,74.846011,1.608969
-78.263545,75.053999,1.608795
-78.477659,75.261651,1.608613
-78.691990,75.468589,1.608428
-78.906547,75.674514,1.608238
-79.121344,75.879287,1.608040
-79.336400,76.083032,1.607831
-79.551741,76.286054,1.607616
-79.767389,76.488610,1.607404
-79.983357,76.690918,1.607204
-80.199652,76.893199,1.607022
-80.416292,77.095564,1.606854
-80.633354,77.297837,1.606701
-80.850942,77.499717,1.606567
-81.069134,77.700984,1.606456
-81.287969,77.901523,1.606363
-81.507421,78.101450,1.606276
-81.727410,78.301050,1.606186
-81.947851,78.500556,1.606089
-82.168687,78.700080,1.605978
-82.389925,78.899489,1.605855
-82.611622,79.098488,1.605730
-82.833824,79.296846,1.605608
-83.056544,79.494459,1.605490
-83.279723,79.691478,1.605370
-83.503246,79.888222,1.605245
-83.727014,80.084947,1.605115
-83.950941,80.281858,1.604985
-84.174946,80.479139,1.604854
-84.398983,80.676751,1.604714
-84.623101,80.874341,1.604577
-84.847431,81.071584,1.604451
-85.072057,81.268267,1.604339
-85.296986,81.464310,1.604247
-85.522168,81.659913,1.604174
-85.747529,81.855363,1.604112
-85.972991,82.050861,1.604058
-86.198475,82.246587,1.604005
-86.423928,82.442673,1.603940
-86.649364,82.638954,1.603860
-86.874868,82.835049,1.603775
-87.100544,83.030683,1.603692
-87.326461,83.225694,1.603612
-87.552602,83.420125,1.603535
-87.778886,83.614255,1.603457
-88.005238,83.808345,1.603376
-88.231600,84.002579,1.603294
-88.457909,84.197148,1.603214
-88.684122,84.392160,1.603127
-88.910267,84.587432,1.603031
-89.136418,84.782628,1.602940
-89.362608,84.977731,1.602861
-89.588787,85.172956,1.602794
-89.814909,85.368412,1.602741
-90.040942,85.564183,1.602701
-90.266845,85.760410,1.602667
-90.492586,85.957137,1.602624
-90.718214,86.154133,1.602564
-90.943835,86.351001,1.602492
-91.169529,86.547431,1.602414
-91.395319,86.743214,1.602340
-91.621222,86.938409,1.602276
-91.847205,87.133322,1.602218
-92.073184,87.328212,1.602167
-92.299086,87.523270,1.602122
-92.524847,87.718724,1.602078
-92.750385,87.914738,1.602027
-92.975600,88.111278,1.601964
-93.200374,88.308233,1.601903
-93.424553,88.505744,1.601854
-93.647931,88.704134,1.601815
-93.870288,88.903658,1.601792
-94.091389,89.104531,1.601788
-94.310999,89.306998,1.601801
-94.528877,89.511259,1.601825
-94.744779,89.717459,1.601856
-94.958476,89.925720,1.601887
-95.169783,90.136129,1.601913
-95.378544,90.348731,1.601932
-95.584614,90.563562,1.601944
-95.787871,90.780659,1.601951
-95.988218,91.000046,1.601944
-96.185536,91.221773,1.601997
-96.379525,91.446011,1.602315
-96.569741,91.672993,1.603008
-96.755814,91.902907,1.604233
-96.937458,92.135875,1.606126
-97.114363,92.371993,1.608723
-97.286224,92.611327,1.611999
-97.452930,92.853838,1.615890
-97.614626,93.099354,1.620340
-97.771515,93.347663,1.625278
-97.923784,93.598569,1.630624
-98.071643,93.851910,1.636309
-98.215253,94.107598,1.642278
-98.354524,94.365640,1.648500
-98.489014,94.626142,1.654895
-98.618262,94.889205,1.661356
-98.741973,95.154846,1.667746
-98.859863,95.423048,1.673881
-98.971627,95.693761,1.679519
-99.077043,95.966916,1.684538
-99.175975,96.242424,1.688875
-99.268290,96.520175,1.692494
-99.353866,96.800043,1.695377
-99.432694,97.081864,1.697526
-99.504916,97.365424,1.698958
-99.570843,97.650492,1.699692
-99.630974,97.936853,1.699791
-99.685833,98.224296,1.699346
-99.735834,98.512611,1.698453
-99.781368,98.801692,1.697235
-99.822821,99.091496,1.695812
-99.860519,99.381946,1.694290
-99.894756,99.673000,1.692750
-99.925836,99.964659,1.691255
-99.954080,100.256938,1.689860
-99.979793,100.549917,1.688606
-100.003252,100.843719,1.687516
-100.024714,101.138448,1.686603
-100.044416,101.434198,1.685855
-100.062713,101.730889,1.685205
-100.080138,102.028098,1.684532
-100.096710,102.324721,1.683844
-100.111506,102.618564,1.683228
-100.123565,102.907281,1.682798
-100.132382,103.189080,1.682692
-100.137613,103.462423,1.682891
-100.139186,103.726033,1.683278
-100.137310,103.979117,1.683749
-100.130765,104.268484,1.684262
-100.119991,104.542343,1.684505
-100.105959,104.801453,1.684408
-100.087243,105.086589,1.683797
-100.068459,105.357066,1.682152
-100.052988,105.620856,1.679824
-100.044559,105.885250,1.677860
-100.046126,106.156248,1.676576
-100.058886,106.438545,1.675947
-100.078181,106.691639,1.675827
-100.103904,106.955967,1.675843
-100.134478,107.231687,1.675866
-100.168177,107.518486,1.675835
-100.203202,107.815631,1.675703
-100.232133,108.070376,1.675566
-100.260088,108.330934,1.675427
-100.286710,108.596695,1.675303
-100.311717,108.867045,1.675143
-100.334842,109.141365,1.674988
-100.355736,109.419032,1.674885
-100.374021,109.699513,1.674781
-100.389763,109.982387,1.674688
-100.403474,110.267268,1.674639
-100.415600,110.553774,1.674631
-100.426512,110.841565,1.674657
-100.436630,111.130336,1.674715
-100.446314,111.419791,1.674802
-100.455804,111.709688,1.674911
-100.465300,111.999845,1.675034
-100.474971,112.290091,1.675162
-100.484952,112.580276,1.675289
-100.495359,112.870269,1.675407
-100.506298,113.159930,1.675514
-100.517862,113.449152,1.675609
-100.530134,113.737919,1.675688
-100.543180,114.026184,1.675747
-100.557043,114.313855,1.675791
-100.571753,114.600947,1.675820
-100.587325,114.887522,1.675831
-100.603736,115.173581,1.675825
-100.620948,115.459142,1.675806
-100.638916,115.744263,1.675774
-100.657581,116.028995,1.675734
-100.676869,116.313382,1.675689
-100.696705,116.597484,1.675642
-100.717005,116.881363,1.675595
-100.737690,117.165072,1.675550
-100.758691,117.448673,1.675512
-100.779948,117.732272,1.675480
-100.801402,118.015970,1.675453
-100.822991,118.299799,1.675431
-100.844653,118.583787,1.675414
-100.866333,118.867977,1.675402
-100.887977,119.152390,1.675394
-100.909531,119.437041,1.675390
-100.930940,119.721948,1.675391
-100.952145,120.007128,1.675394
-100.973095,120.292577,1.675400
-100.993745,120.578293,1.675411
-101.014051,120.864312,1.675425
-101.033987,121.150647,1.675440
-101.053521,121.437285,1.675457
-101.072620,121.724218,1.675473
-101.091266,122.011442,1.675488
-101.109449,122.298937,1.675502
-101.127158,122.586681,1.675513
-101.144388,122.874653,1.675521
-101.161140,123.162831,1.675527
-101.177419,123.451188,1.675529
-101.193227,123.739701,1.675530
-101.208565,124.028346,1.675528
-101.223441,124.317101,1.675525
-101.237861,124.605947,1.675520
-101.251832,124.894863,1.675514
-101.265358,125.183834,1.675507
-101.278445,125.472843,1.675500
-101.291097,125.761878,1.675493
-101.303320,126.050927,1.675485
-101.315117,126.339978,1.675478
-101.326493,126.629025,1.675471
-101.337449,126.918050,1.675462
-101.347979,127.207030,1.675456
-101.358081,127.495983,1.675451
-101.367762,127.784925,1.675447
-101.377023,128.073844,1.675443
-101.385867,128.362731,1.675437
-101.394298,128.651552,1.675433
-101.402323,128.940331,1.675431
-101.409944,129.229115,1.675430
-101.417169,129.517896,1.675428
-101.424002,129.806666,1.675427
-101.430448,130.095438,1.675426
-101.436509,130.384215,1.675425
-101.442196,130.672991,1.675423
-101.447513,130.961769,1.675421
-101.452450,131.250546,1.675418
-101.457000,131.539301,1.675415
-101.461178,131.828049,1.675413
-101.464984,132.116817,1.675410
-101.468407,132.405598,1.675408
-101.471445,132.694386,1.675405
-101.474104,132.983192,1.675402
-101.476380,133.272015,1.675399
-101.478266,133.560850,1.675395
-101.479767,133.849701,1.675392
-101.480888,134.138570,1.675388
-101.481629,134.427456,1.675385
-101.481992,134.716360,1.675381
-101.481980,135.005284,1.675377
-101.481597,135.294228,1.675373
-101.480848,135.583190,1.675369
-101.479740,135.872168,1.675365
-101.478280,136.161161,1.675361
-101.476476,136.450162,1.675356
-101.474337,136.739167,1.675351
-101.471876,137.028169,1.675346
-101.469106,137.317164,1.675341
-101.466050,137.606147,1.675336
-101.462712,137.895111,1.675331
-101.459093,138.184047,1.675295
-101.455207,138.472940,1.675159
-101.450986,138.761600,1.674923
-101.445848,139.048560,1.674600
-101.438655,139.330917,1.674324
-101.428593,139.606237,1.674287
-101.415371,139.873072,1.674568
-101.398882,140.130294,1.675012
-101.374971,140.425320,1.675621
-101.346754,140.705252,1.675956
-101.314961,140.972149,1.674636
-101.281355,141.230694,1.672145
-101.247372,141.485219,1.669260
-101.213913,141.739302,1.666519
-101.181229,141.996983,1.664533
-101.149059,142.261596,1.663445
-101.116512,142.535118,1.663087
-101.082496,142.818545,1.663164
-101.047032,143.112004,1.663450
-101.016499,143.363839,1.663671
-100.985204,143.621846,1.663823
-100.953694,143.885666,1.663949
-100.922426,144.154768,1.664020
-100.891518,144.428423,1.664038
-100.861164,144.705882,1.664043
-100.831709,144.986439,1.664101
-100.803429,145.269543,1.664220
-100.776586,145.554666,1.664395
-100.751399,145.841297,1.664616
-100.727950,146.129037,1.664869
-100.706276,146.417565,1.665136
-100.686425,146.706590,1.665403
-100.668434,146.995875,1.665663
-100.652323,147.285250,1.665903
-100.638103,147.574577,1.666118
-100.625778,147.863748,1.666303
-100.615358,148.152692,1.666455
-100.606884,148.441351,1.666574
-100.600440,148.729674,1.666660
-100.596090,149.017633,1.666715
-100.593860,149.305214,1.666740
-100.593746,149.592419,1.666737
-100.595712,149.879263,1.666711
-100.599717,150.165765,1.666665
-100.605729,150.451931,1.666601
-100.613701,150.737748,1.666526
-100.623592,151.023281,1.666441
-100.635374,151.308580,1.666348
-100.649026,151.593631,1.666252
-100.664544,151.878418,1.666159
-100.681923,152.162936,1.666071
-100.701132,152.447165,1.665989
-100.722128,152.731088,1.665915
-100.744866,153.014693,1.665850
-100.769265,153.297959,1.665788
-100.795190,153.580859,1.665737
-100.822468,153.863458,1.665692
-100.850872,154.145831,1.665654
-100.880151,154.428013,1.665626
-100.910080,154.710062,1.665611
-100.940453,154.992061,1.665607
-100.971065,155.274080,1.665615
-101.001744,155.556190,1.665633
-101.032346,155.838467,1.665660
-101.062743,156.120972,1.665691
-101.092832,156.403748,1.665728
-101.122535,156.686871,1.665767
-101.151759,156.970424,1.665813
-101.180241,157.254574,1.665877
-101.207543,157.539611,1.665953
-101.233304,157.825762,1.666034
-101.257353,158.113116,1.666098
-101.279760,158.401607,1.666131
-101.300746,158.691086,1.666132
-101.320519,158.981394,1.666106
-101.339275,159.272374,1.666058
-101.357215,159.563865,1.665998
-101.374502,159.855720,1.665931
-101.391257,160.147813,1.665863
-101.407583,160.440026,1.665797
-101.423532,160.732244,1.665736
-101.439112,161.024367,1.665683
-101.454334,161.316328,1.665636
-101.469199,161.608043,1.665596
-101.483695,161.899441,1.665565
-101.497841,162.190496,1.665542
-101.511706,162.481191,1.665525
-101.525349,162.771507,1.665515
-101.538790,163.061454,1.665514
-101.551956,163.351074,1.665520
-101.564711,163.640440,1.665533
-101.576945,163.929661,1.665561
-101.588543,164.219086,1.665632
-101.599287,164.509547,1.665746
-101.608956,164.801843,1.665891
-101.617407,165.096409,1.666063
-101.624483,165.393495,1.666229
-101.629967,165.693116,1.666346
-101.633657,165.994990,1.666405
-101.635396,166.298741,1.666410
-101.635075,166.604009,1.666359
-101.632672,166.910371,1.666255
-101.628236,167.217312,1.666056
-101.621838,167.524310,1.665749
-101.613556,167.830805,1.665359
-101.603616,168.136091,1.664885
-101.592658,168.439190,1.664393
-101.581412,168.739017,1.663910
-101.570347,169.034680,1.663501
-101.560382,169.325872,1.663176
-101.553300,169.613041,1.662943
-101.550792,169.896718,1.662872
-101.554063,170.177218,1.663063
-101.564458,170.454711,1.663538
-101.583319,170.729017,1.664129
-101.611250,170.999277,1.664764
-101.648842,171.264613,1.665611
-101.697286,171.524701,1.666549
-101.757373,171.779127,1.667453
-101.829222,172.027418,1.668224
-101.912203,172.269732,1.668104
-102.004096,172.507315,1.666798
-102.101806,172.741899,1.664895
-102.203015,172.974769,1.662816
-102.306097,173.206821,1.660795
-102.409142,173.438811,1.659033
-102.509972,173.671405,1.657680
-102.606739,173.904978,1.656674
-102.698828,174.139094,1.655446
-102.804786,174.418431,1.653781
-102.907654,174.692724,1.652373
-103.008389,174.958887,1.651366
-103.107952,175.214198,1.650906
-103.205878,175.457075,1.650948
-103.316021,175.724155,1.651303
-103.421024,175.974388,1.651625
-103.520955,176.209450,1.651938
-103.630043,176.459910,1.652489
-103.735794,176.688811,1.653304
-103.853283,176.917350,1.654555
-103.986008,177.130331,1.656279
-104.158204,177.322113,1.658382
-104.376999,177.445855,1.660504
-104.625784,177.483945,1.661460
-104.875423,177.466303,1.661098
-105.133121,177.417348,1.659794
-105.385875,177.350261,1.658049
-105.657620,177.262660,1.655934
-105.907964,177.170181,1.653998
-106.168069,177.063979,1.652178
-106.398024,176.962831,1.650812
-106.634290,176.852835,1.649705
-106.877014,176.734186,1.648912
-107.126382,176.606981,1.648355
-107.382725,176.471493,1.647986
-107.646278,176.328138,1.647753
-107.871439,176.203079,1.647489
-108.101693,176.073362,1.647180
-108.337085,175.939444,1.646781
-108.577566,175.801601,1.646277
-108.822836,175.660050,1.645763
-109.072566,175.515035,1.645443
-109.327010,175.366632,1.645313
-109.586656,175.215085,1.645326
-109.851820,175.061133,1.645352
-110.122319,174.905848,1.645295
-110.342128,174.781343,1.645198
-110.564588,174.657092,1.645073
-110.789400,174.533543,1.644922
-111.016232,174.411136,1.644762
-111.244730,174.290275,1.644617
-111.474597,174.171324,1.644505
-111.705602,174.054618,1.644436
-111.937566,173.940463,1.644408
-112.170325,173.829132,1.644422
-112.403768,173.720848,1.644482
-112.637873,173.615780,1.644577
-112.872640,173.514067,1.644692
-113.108034,173.415824,1.644796
-113.344015,173.321147,1.644884
-113.580576,173.230066,1.644940
-113.817772,173.142542,1.644959
-114.055638,173.058504,1.644944
-114.294108,172.977858,1.644887
-114.533044,172.900491,1.644793
-114.772335,172.826308,1.644653
-115.071873,172.738027,1.644433
-115.371797,172.654754,1.644227
-115.671978,172.576616,1.644060
-115.972326,172.503773,1.643923
-116.272790,172.436271,1.643811
-116.573330,172.374034,1.643724
-116.873933,172.316970,1.643655
-117.174603,172.264972,1.643597
-117.475328,172.217909,1.643549
-117.776086,172.175622,1.643476
-118.076906,172.137694,1.643341
-118.377844,172.103447,1.643190
-118.678932,172.072504,1.643065
-118.980232,172.044808,1.642959
-119.281780,172.020206,1.642872
-119.583578,171.998496,1.642810
-119.885602,171.979548,1.642763
-120.187802,171.963202,1.642726
-120.490108,171.949260,1.642697
-120.792430,171.937569,1.642676
-121.094663,171.927995,1.642659
-121.396701,171.920354,1.642631
-121.698384,171.914276,1.642589
-121.999520,171.909269,1.642541
-122.299968,171.904906,1.642499
-122.599657,171.900833,1.642466
-122.898510,171.896781,1.642446
-123.196462,171.892588,1.642437
-123.493447,171.888133,1.642441
-123.789536,171.883332,1.642458
-124.084955,171.878234,1.642483
-124.379909,171.872985,1.642515
-124.674538,171.867738,1.642552
-124.969014,171.862650,1.642595
-125.263527,171.857908,1.642640
-125.558201,171.853692,1.642685
-125.853131,171.850162,1.642729
-126.148352,171.847509,1.642738
-126.443664,171.846095,1.642673
-126.738773,171.846380,1.642559
-127.033381,171.848581,1.642391
-127.326990,171.852652,1.642194
-127.619011,171.858484,1.641954
-127.908991,171.866007,1.641677
-128.197004,171.875464,1.641291
-128.483612,171.887436,1.640898
-128.769267,171.902548,1.640605
-129.054242,171.921421,1.640417
-129.338833,171.944726,1.640332
-129.623234,171.973051,1.640344
-129.907501,172.006715,1.640429
-130.191679,172.045859,1.640559
-130.475776,172.090601,1.640703
-130.759703,172.140991,1.640842
-131.043314,172.197013,1.640971
-131.326485,172.258649,1.641074
-131.609056,172.325827,1.641143
-131.890860,172.398412,1.641174
-132.171739,172.476248,1.641173
-132.451591,172.559163,1.641134
-132.730360,172.646924,1.641054
-133.008007,172.739216,1.640930
-133.284495,172.835645,1.640764
-133.559819,172.935769,1.640569
-133.834029,173.039143,1.640352
-134.107184,173.145294,1.640127
-134.379548,173.253715,1.639911
-134.651606,173.363907,1.639716
-134.923801,173.475366,1.639553
-135.196506,173.587585,1.639442
-135.470192,173.700138,1.639393
-135.745373,173.812692,1.639400
-136.022413,173.924968,1.639450
-136.301483,174.036726,1.639499
-136.582405,174.147719,1.639513
-136.864708,174.257696,1.639492
-137.147910,174.366472,1.639448
-137.431619,174.473939,1.639368
-137.715513,174.580015,1.639217
-137.999256,174.684612,1.639006
-138.282384,174.787629,1.638739
-138.564377,174.888995,1.638443
-138.844634,174.988741,1.637988
-139.122478,175.087029,1.637406
-139.397771,175.184495,1.636765
-139.670863,175.282118,1.636011
-139.941976,175.380658,1.635061
-140.211145,175.480802,1.634038
-140.478393,175.583665,1.633087
-140.743791,175.690369,1.632096
-141.007580,175.801341,1.630981
-141.270035,175.916741,1.629996
-141.531103,176.037240,1.629208
-141.790458,176.163685,1.628560
-142.047744,176.296560,1.628115
-142.302509,176.436261,1.627901
-142.554070,176.583286,1.627884
-142.801672,176.737986,1.628009
-143.044638,176.900532,1.628178
-143.282648,177.070537,1.627941
-143.516271,177.246027,1.627103
-143.746343,177.424117,1.626031
-143.973122,177.602564,1.624983
-144.197220,177.779461,1.624069
-144.420515,177.952656,1.623451
-144.645011,178.120181,1.623319
-144.872108,178.280221,1.623617
-145.102557,178.431677,1.623448
-145.335468,178.576068,1.622448
-145.568626,178.716645,1.621011
-145.800064,178.855799,1.619551
-146.028026,178.995224,1.618442
-146.250260,179.136338,1.617878
-146.464537,179.279924,1.617910
-146.669068,179.426503,1.618534
-146.899446,179.607328,1.619913
-147.111574,179.795195,1.621677
-147.304674,179.992025,1.623547
-147.478816,180.199328,1.625188
-147.634786,180.417915,1.626343
-147.773850,180.648011,1.626919
-147.897434,180.889462,1.626915
-148.006963,181.141763,1.626414
-148.103749,181.404181,1.625560
-148.188929,181.675990,1.624508
-148.263287,181.956541,1.623434
-148.327115,182.245276,1.622426
-148.372282,182.491805,1.621686
-148.410209,182.743404,1.620918
-148.441427,182.999669,1.620047
-148.466924,183.260171,1.619135
-148.487623,183.524561,1.618246
-148.504249,183.792607,1.617426
-148.517424,184.064190,1.616746
-148.527559,184.339375,1.616260
-148.534796,184.618411,1.615970
-148.539167,184.901629,1.615876
-148.540773,185.189381,1.615875
-148.540147,185.481662,1.615818
-148.538249,185.777897,1.615684
-148.535934,186.077424,1.615465
-148.533846,186.379731,1.615219
-148.532551,186.684274,1.614966
-148.532475,186.990501,1.614754
-148.534013,187.297954,1.614612
-148.537660,187.606242,1.614532
-148.543761,187.915030,1.614503
-148.552384,188.224089,1.614450
-148.563416,188.533330,1.614283
-148.576584,188.842280,1.613975
-148.591386,189.148811,1.613582
-148.607224,189.449735,1.613301
-148.623523,189.742646,1.612876
-148.639705,190.026826,1.611914
-148.655052,190.303580,1.610617
-148.668946,190.574944,1.609066
-148.681105,190.842554,1.607358
-148.691770,191.108087,1.605644
-148.702004,191.373128,1.604217
-148.713051,191.638785,1.603131
-148.725775,191.905853,1.602364
-148.740632,192.175041,1.601923
-148.757522,192.446850,1.601750
-148.775731,192.721511,1.601776
-148.794455,192.999183,1.601962
-148.813288,193.280018,1.602270
-148.831989,193.564076,1.602672
-148.850338,193.851343,1.603092
-148.868165,194.141493,1.603458
-148.885117,194.433824,1.603761
-148.900660,194.727557,1.604007
-148.914334,195.021968,1.604212
-148.925893,195.316417,1.604385
-148.935246,195.610312,1.604525
-148.942482,195.903088,1.604633
-148.947749,196.194132,1.604719
-148.951137,196.482820,1.604791
-148.952733,196.768657,1.604856
-148.952655,197.051237,1.604913
-148.951058,197.330212,1.604947
-148.948149,197.605662,1.604903
-148.944146,197.878636,1.604786
-148.939294,198.150520,1.604646
-148.933935,198.422310,1.604515
-148.928447,198.694858,1.604424
-148.923176,198.968889,1.604361
-148.918437,199.244804,1.604354
-148.914510,199.523006,1.604354
-148.911513,199.803700,1.604333
-148.909511,200.086889,1.604310
-148.908740,200.372783,1.604290
-148.909307,200.661559,1.604235
-148.910989,200.953083,1.604144
-148.913615,201.247115,1.604015
-148.917223,201.543399,1.603854
-148.921720,201.841595,1.603673
-148.926792,202.141341,1.603490
-148.932183,202.442374,1.603321
-148.937734,202.744488,1.603163
-148.943269,203.047362,1.603015
-148.948619,203.350608,1.602895
-148.953587,203.654043,1.602812
-148.957887,203.957638,1.602761
-148.961133,204.261333,1.602717
-148.962843,204.565069,1.602690
-148.962493,204.868767,1.602674
-148.959588,205.172367,1.602686
-148.953678,205.475820,1.602711
-148.944265,205.778937,1.602751
-148.930769,206.081466,1.602777
-148.912495,206.383191,1.602736
-148.888554,206.683886,1.602752
-148.858030,206.983323,1.602878
-148.820180,207.281401,1.603059
-148.774582,207.578273,1.603250
-148.721131,207.874086,1.603370
-148.659921,208.168817,1.603379
-148.591320,208.462510,1.603227
-148.516015,208.755336,1.602925
-148.434844,209.047437,1.602500
-148.348778,209.338918,1.601923
-148.259161,209.629835,1.601221
-148.167472,209.920175,1.600522
-148.074811,210.209909,1.599908
-147.981964,210.499035,1.599415
-147.889534,210.787432,1.599029
-147.798035,211.074463,1.598753
-147.707851,211.359816,1.598591
-147.619220,211.643951,1.598529
-147.532334,211.927176,1.598551
-147.447301,212.209610,1.598644
-147.364136,212.491584,1.598789
-147.282869,212.773375,1.598970
-147.203570,213.055081,1.599178
-147.126313,213.336832,1.599398
-147.051176,213.618781,1.599578
-146.978258,213.901023,1.599720
-146.907606,214.183714,1.599812
-146.839211,214.467072,1.599868
-146.773081,214.751254,1.599918
-146.709271,215.036347,1.599960
-146.647875,215.322406,1.599989
-146.588989,215.609448,1.600011
-146.532704,215.897457,1.600019
-146.479108,216.186332,1.600004
-146.428289,216.475895,1.599972
-146.380304,216.766081,1.599935
-146.335024,217.057090,1.599896
-146.292050,217.349370,1.599862
-146.250952,217.643387,1.599843
-146.211456,217.939461,1.599809
-146.173650,218.237387,1.599711
-146.137923,218.536491,1.599573
-146.104565,218.836189,1.599418
-146.073565,219.136228,1.599259
-146.044560,219.436639,1.599109
-146.017317,219.737474,1.598990
-145.992214,220.038608,1.598901
-145.969794,220.339796,1.598838
-145.950394,220.640740,1.598765
-145.934406,220.941043,1.598683
-145.922458,221.240338,1.598692
-145.915651,221.538520,1.598826
-145.915331,221.835536,1.599074
-145.922571,222.131199,1.599477
-145.938350,222.425186,1.600079
-145.963813,222.717039,1.600810
-145.999852,223.006442,1.601550
-146.046837,223.293366,1.602180
-146.104640,223.577782,1.602544
-146.172670,223.859571,1.602631
-146.250259,224.138672,1.602499
-146.336857,224.415064,1.602171
-146.431860,224.688711,1.601694
-146.534604,224.959596,1.601137
-146.644505,225.227732,1.600546
-146.761041,225.493137,1.599953
-146.883704,225.755829,1.599390
-147.012033,226.015844,1.598879
-147.145616,226.273221,1.598431
-147.284069,226.528004,1.598055
-147.427046,226.780244,1.597752
-147.574238,227.029994,1.597519
-147.725369,227.277314,1.597350
-147.880187,227.522264,1.597237
-148.038428,227.764865,1.597161
-148.199816,228.005116,1.597121
-148.364148,228.243351,1.597081
-148.531066,228.480121,1.597043
-148.700226,228.715680,1.597040
-148.871570,228.949936,1.597070
-149.045091,229.182815,1.597124
-149.220697,229.414290,1.597201
-149.398355,229.644242,1.597294
-149.578076,229.872560,1.597393
-149.759842,230.099216,1.597484
-149.943543,230.324287,1.597553
-150.128964,230.548160,1.597596
-150.315856,230.771302,1.597619
-150.504026,230.993977,1.597633
-150.693412,231.216197,1.597642
-150.884079,231.437751,1.597648
-151.076100,231.658400,1.597655
-151.269531,231.877952,1.597670
-151.464410,232.096237,1.597685
-151.660658,232.313244,1.597693
-151.858100,232.529287,1.597699
-152.056615,232.744778,1.597703
-152.256096,232.959950,1.597707
-152.456477,233.174821,1.597714
-152.657828,233.389164,1.597727
-152.860258,233.602694,1.597747
-153.063798,233.815252,1.597773
-153.268379,234.026942,1.597799
-153.473866,234.238049,1.597825
-153.680119,234.448807,1.597848
-153.887033,234.659350,1.597872
-154.094635,234.869595,1.597892
-154.303036,235.079233,1.597907
-154.512285,235.288062,1.597918
-154.722319,235.496228,1.597927
-154.933028,235.703991,1.597935
-155.144325,235.911521,1.597948
-155.356117,236.118991,1.597967
-155.568330,236.326521,1.597986
-155.780991,236.533913,1.598001
-155.994217,236.740753,1.598017
-156.208129,236.946756,1.598036
-156.422773,237.151824,1.598056
-156.638081,237.356114,1.598080
-156.853948,237.559914,1.598108
-157.070282,237.763464,1.598145
-157.286985,237.966979,1.598190
-157.503956,238.170669,1.598243
-157.721113,238.374690,1.598298
-157.938405,238.579052,1.598341
-158.155875,238.783483,1.598374
-158.373594,238.987774,1.598405
-158.591503,239.192082,1.598433
-158.809510,239.396591,1.598457
-159.027572,239.601374,1.598483
-159.245633,239.806556,1.598510
-159.463609,240.012281,1.598538
-159.681438,240.218623,1.598569
-159.899052,240.425627,1.598601
-160.116365,240.633326,1.598632
-160.333308,240.841718,1.598662
-160.549833,241.050783,1.598689
-160.765902,241.260494,1.598712
-160.981489,241.470805,1.598731
-161.196591,241.681656,1.598749
-161.411215,241.892984,1.598767
-161.625387,242.104715,1.598786
-161.839148,242.316778,1.598805
-162.052559,242.529111,1.598824
-162.265685,242.741636,1.598841
-162.478599,242.954270,1.598859
-162.691389,243.166979,1.598876
-162.904122,243.379733,1.598891
-163.116845,243.592486,1.598904
-163.329594,243.805223,1.598916
-163.542392,244.017944,1.598927
-163.755243,244.230668,1.598938
-163.968127,244.443446,1.598949
-164.180982,244.656329,1.598961
-164.393754,244.869370,1.598976
-164.606420,245.082627,1.598990
-164.818947,245.296136,1.599003
-165.031293,245.509926,1.599016
-165.243423,245.724035,1.599030
-165.455309,245.938492,1.599046
-165.666915,246.153332,1.599065
-165.878200,246.368609,1.599088
-166.089128,246.584368,1.599113
-166.299673,246.800635,1.599141
-166.509806,247.017421,1.599169
-166.719512,247.234717,1.599201
-166.928804,247.452549,1.599236
-167.137690,247.670940,1.599270
-167.346177,247.889867,1.599305
-167.554292,248.109298,1.599339
-167.762073,248.329199,1.599373
-167.969555,248.549522,1.599405
-168.176774,248.770216,1.599434
-168.383802,248.991147,1.599450
-168.590852,249.211885,1.599454
-168.798180,249.431959,1.599459
-169.005842,249.651372,1.599469
-169.213807,249.870287,1.599484
-169.422096,250.088723,1.599503
-169.630705,250.306730,1.599527
-169.839600,250.524420,1.599552
-170.048770,250.741835,1.599579
-170.258219,250.958993,1.599607
-170.467933,251.175934,1.599633
-170.677869,251.392659,1.599655
-170.888011,251.609155,1.599682
-171.098419,251.825488,1.599708
-171.309111,252.041681,1.599731
-171.520061,252.257714,1.599753
-171.731262,252.473609,1.599774
-171.942710,252.689389,1.599791
-172.154395,252.905036,1.599806
-172.366316,253.120524,1.599820
-172.578481,253.335840,1.599831
-172.790893,253.550965,1.599841
-173.003554,253.765889,1.599849
-173.216456,253.980605,1.599855
-173.429592,254.195091,1.599860
-173.642944,254.409321,1.599862
-173.856505,254.623273,1.599865
-174.070320,254.836942,1.599870
-174.284440,255.050306,1.599875
-174.498910,255.263336,1.599883
-174.713804,255.475998,1.599891
-174.929193,255.688232,1.599900
-175.145133,255.899990,1.599912
-175.361709,256.111263,1.599926
-175.579011,256.322027,1.599940
-175.797110,256.532184,1.599951
-176.016065,256.741548,1.599961
-176.235930,256.949942,1.599969
-176.456755,257.157271,1.599979
-176.678595,257.363528,1.599990
-176.901518,257.568704,1.600002
-177.125586,257.772650,1.600015
-177.350870,257.975156,1.600032
-177.577471,258.176027,1.600055
-177.805495,258.375057,1.600083
-178.035042,258.572035,1.600117
-178.266214,258.766773,1.600156
-178.499079,258.959083,1.600195
-178.733641,259.148765,1.600228
-178.969873,259.335688,1.600252
-179.207741,259.519810,1.600264
-179.447171,259.701137,1.600258
-179.688066,259.879710,1.600242
-179.930427,260.055685,1.600207
-180.174144,260.229266,1.600143
-180.418931,260.400718,1.600052
-180.664503,260.570432,1.599946
-180.910626,260.738818,1.599836
-181.157100,260.906242,1.599735
-181.403795,261.073089,1.599656
-181.650708,261.239831,1.599605
-181.897821,261.406943,1.599572
-182.144973,261.574781,1.599563
-182.392058,261.743608,1.599571
-182.639053,261.913538,1.599571
-182.885916,262.084346,1.599555
-183.132641,262.255600,1.599528
-183.379264,262.426956,1.599500
-183.625793,262.598246,1.599480
-183.872196,262.769548,1.599472
-184.118444,262.941048,1.599471
-184.364394,263.112790,1.599438
-184.609465,263.284462,1.599391
-184.853369,263.455971,1.599359
-185.096388,263.627602,1.599338
-185.338654,263.799459,1.599329
-185.580174,263.971536,1.599340
-185.821120,264.143955,1.599365
-186.061643,264.316822,1.599395
-186.301766,264.490143,1.599432
-186.541528,264.663945,1.599473
-186.780989,264.838271,1.599514
-187.020165,265.013128,1.599554
-187.259071,265.188487,1.599587
-187.497765,265.364149,1.599605
-187.736333,265.539800,1.599621
-187.974821,265.715429,1.599642
-188.213241,265.891233,1.599665
-188.451606,266.067303,1.599691
-188.689920,266.243715,1.599720
-188.928180,266.420550,1.599741
-189.166428,266.597616,1.599749
-189.404763,266.774523,1.599751
-189.643293,266.950997,1.599753
-189.882112,267.126908,1.599759
-190.121250,267.302333,1.599767
-190.360653,267.477557,1.599778
-190.600256,267.652841,1.599792
-190.840005,267.828378,1.599809
-191.079853,268.004276,1.599818
-191.319813,268.180350,1.599816
-191.559933,268.356243,1.599806
-191.800244,268.531708,1.599798
-192.040777,268.706734,1.599793
-192.281496,268.881534,1.599792
-192.522330,269.056362,1.599797
-192.763230,269.231418,1.599807
-193.004150,269.406882,1.599819
-193.245060,269.582792,1.599821
-193.485997,269.758873,1.599813
-193.727030,269.934769,1.599800
-193.968200,270.110269,1.599788
-194.209507,270.285384,1.599781
-194.450905,270.460342,1.599779
-194.692341,270.635386,1.599783
-194.933768,270.810697,1.599793
-195.175143,270.986431,1.599804
-195.416458,271.162560,1.599803
-195.657767,271.338763,1.599794
-195.899136,271.514703,1.599781
-196.140605,271.690204,1.599771
-196.382171,271.865329,1.599767
-196.623787,272.040328,1.599767
-196.865405,272.215428,1.599774
-197.106982,272.390806,1.599787
-197.348480,272.566607,1.599797
-197.589904,272.742741,1.599796
-197.831318,272.918860,1.599787
-198.072784,273.094654,1.599776
-198.314328,273.269980,1.599766
-198.555926,273.444946,1.599764
-198.797551,273.619826,1.599767
-199.039170,273.794839,1.599776
-199.280740,273.970152,1.599791
-199.522221,274.145922,1.599805
-199.763613,274.322108,1.599807
-200.004972,274.498370,1.599798
-200.246362,274.674378,1.599788
-200.487811,274.850028,1.599780
-200.729296,275.025467,1.599778
-200.970775,275.200913,1.599780
-201.212190,275.376525,1.599786
-201.453482,275.552455,1.599800
-201.694653,275.728889,1.599819
-201.935698,275.905945,1.599837
-202.176582,276.083638,1.599848
-202.417325,276.261788,1.599843
-202.658006,276.439998,1.599826
-202.898684,276.617922,1.599807
-203.139379,276.795475,1.599793
-203.380061,276.972817,1.599780
-203.620602,277.150069,1.599763
-203.860884,277.327312,1.599765
-204.101052,277.504854,1.599774
-204.341166,277.682914,1.599783
-204.581136,277.861515,1.599795
-204.820978,278.040598,1.599796
-205.060780,278.219850,1.599783
-205.300608,278.398853,1.599766
-205.540523,278.577402,1.599754
-205.780530,278.755608,1.599746
-206.020578,278.933689,1.599745
-206.260625,279.111827,1.599751
-206.500636,279.290196,1.599763
-206.740574,279.468944,1.599774
-206.980440,279.648008,1.599774
-207.220294,279.827044,1.599766
-207.460203,280.005721,1.599756
-207.700189,280.183931,1.599750
-207.940234,280.361823,1.599748
-208.180293,280.539620,1.599750
-208.420288,280.717471,1.599755
-208.660151,280.895538,1.599770
-208.899897,281.074041,1.599789
-209.139502,281.253108,1.599807
-209.378917,281.432721,1.599814
-209.618170,281.612641,1.599809
-209.857316,281.792522,1.599795
-210.096380,281.972120,1.599781
-210.335372,282.151388,1.599772
-210.574277,282.330511,1.599770
-210.813048,282.509712,1.599772
-211.051623,282.689152,1.599784
-211.290006,282.869038,1.599805
-211.528199,283.049564,1.599827
-211.766166,283.230805,1.599844
-212.003900,283.412631,1.599845
-212.241427,283.594730,1.599834
-212.478771,283.776798,1.599813
-212.715954,283.958529,1.599786
-212.953007,284.139524,1.599757
-213.189964,284.319430,1.599734
-213.426859,284.498014,1.599720
-213.663740,284.675093,1.599715
-213.900659,284.850523,1.599718
-214.137674,285.024224,1.599727
-214.374853,285.196148,1.599743
-214.612272,285.366257,1.599763
-214.850000,285.534547,1.599785
-215.088102,285.701051,1.599808
-215.326640,285.865814,1.599831
-215.565668,286.028886,1.599852
-215.805233,286.190332,1.599872
-216.045372,286.350234,1.599889
-216.286107,286.508679,1.599903
-216.527453,286.665753,1.599914
-216.769418,286.821543,1.599923
-217.012005,286.976129,1.599929
-217.255206,287.129593,1.599932
-217.499012,287.282014,1.599934
-217.743415,287.433458,1.599935
-217.988412,287.583970,1.599935
-218.234002,287.733584,1.599935
-218.480188,287.882322,1.599935
-218.726969,288.030194,1.599932
-218.974345,288.177193,1.599865
-219.222295,288.323384,1.599526
-219.470785,288.469105,1.598518
-219.719816,288.614719,1.596519
-219.969458,288.760116,1.593348
-220.219802,288.905021,1.588917
-220.470909,289.049316,1.583217
-220.722838,289.192829,1.576306
-220.975658,289.335281,1.568276
-221.229418,289.476460,1.559233
-221.484135,289.616319,1.549271
-221.739789,289.755144,1.538480
-221.996337,289.893393,1.526974
-222.253727,290.031395,1.514880
-222.511916,290.169405,1.502330
-222.770864,290.307670,1.489456
-223.030531,290.446355,1.476386
-223.290878,290.585542,1.463244
-223.551857,290.725288,1.450149
-223.813419,290.865620,1.437209
-224.075521,291.006523,1.424524
-224.338149,291.147975,1.412184
-224.601320,291.289949,1.400257
-224.865000,291.432382,1.388805
-225.129126,291.575183,1.377884
-225.393650,291.718268,1.367531
-225.658496,291.861533,1.357777
-225.923570,292.004842,1.348644
-226.188840,292.148082,1.340157
-226.454307,292.291212,1.332634
-226.719947,292.434254,1.326450
-226.985738,292.577270,1.321941
-227.251652,292.720358,1.319303
-227.517633,292.863639,1.318344
-227.783604,293.007233,1.318714
-228.049424,293.151031,1.320079
-228.314981,293.294688,1.322076
-228.580267,293.437877,1.324444
-228.845122,293.580184,1.327121
-229.108800,293.720791,1.330076
-229.370347,293.858768,1.333317
-229.629236,293.993290,1.336810
-229.886028,294.123252,1.340442
-230.142127,294.247307,1.344098
-230.398745,294.364359,1.347458
-230.656697,294.473817,1.350251
-230.916607,294.575836,1.352506
-231.178836,294.671086,1.353939
-231.443601,294.760275,1.354331
-231.711076,294.844164,1.354140
-231.981242,294.923632,1.353581
-232.253906,294.999442,1.352711
-232.528822,295.072243,1.351720
-232.805712,295.142582,1.350749
-233.084267,295.210808,1.349847
-233.364234,295.277093,1.349023
-233.645371,295.341564,1.348286
-233.927478,295.404348,1.347646
-234.210480,295.465560,1.347086
-234.494315,295.525388,1.346598
-234.778958,295.584214,1.346179
-235.064468,295.642440,1.345822
-235.350870,295.700335,1.345521
-235.638137,295.758104,1.345281
-235.926316,295.815921,1.345092
-236.215428,295.873866,1.344940
-236.505396,295.931941,1.344826
-236.796205,295.990147,1.344745
-237.087874,296.048468,1.344687
-237.380373,296.106865,1.344654
-237.673707,296.165301,1.344638
-237.967868,296.223724,1.344634
-238.262811,296.282071,1.344641
-238.558471,296.340288,1.344655
-238.854757,296.398319,1.344673
-239.151572,296.456100,1.344696
-239.448813,296.513568,1.344720
-239.746362,296.570664,1.344755
-240.044200,296.627336,1.344798
-240.342323,296.683517,1.344847
-240.640685,296.739129,1.344901
-240.939282,296.794112,1.344962
-241.238161,296.848406,1.345023
-241.537330,296.901921,1.345085
-241.836797,296.954566,1.345148
-242.136610,297.006256,1.345206
-242.436758,297.056889,1.345255
-242.737206,297.106354,1.345305
-243.038077,297.154606,1.345349
-243.339426,297.201622,1.345381
-243.641202,297.247342,1.345407
-243.943418,297.291729,1.345426
-244.246122,297.334776,1.345437
-244.549320,297.376459,1.345439
-244.852984,297.416750,1.345431
-245.157082,297.455652,1.345416
-245.461600,297.493166,1.345393
-245.766517,297.529267,1.345371
-246.071885,297.563940,1.345347
-246.377739,297.597184,1.345323
-246.684073,297.628989,1.345301
-246.990902,297.659350,1.345281
-247.298245,297.688269,1.345263
-247.606113,297.715753,1.345247
-247.914504,297.741819,1.345228
-248.223370,297.766499,1.345210
-248.532678,297.789824,1.345195
-248.842463,297.811813,1.345186
-249.152776,297.832485,1.345178
-249.463590,297.851850,1.345170
-249.774850,297.869929,1.345161
-250.086527,297.886746,1.345154
-250.398613,297.902338,1.345144
-250.648554,297.913956,1.345137
-250.898721,297.924830,1.345131
-251.149109,297.934965,1.345127
-251.399726,297.944377,1.345110
-251.650389,297.953093,1.345035
-251.900554,297.961140,1.344938
-252.212253,297.970293,1.344834
-252.523365,297.978458,1.344742
-252.834152,297.985625,1.344666
-253.144518,297.991763,1.344625
-253.454667,297.996845,1.344609
-253.764845,298.000881,1.344608
-254.075104,298.003891,1.344620
-254.385485,298.005883,1.344645
-254.696099,298.006889,1.344673
-255.006990,298.006970,1.344705
-255.318203,298.006179,1.344743
-255.629838,298.004551,1.344781
-255.941954,298.002138,1.344815
-256.191995,297.999682,1.344841
-256.442363,297.996783,1.344866
-256.693083,297.993460,1.344885
-256.944150,297.989732,1.344897
-257.195529,297.985612,1.344908
-257.447230,297.981116,1.344917
-257.699255,297.976242,1.344909
-257.951466,297.970908,1.344885
-258.203635,297.964947,1.344854
-258.455674,297.958266,1.344829
-258.707705,297.950915,1.344809
-258.959865,297.942974,1.344793
-259.212203,297.934467,1.344780
-259.464738,297.925407,1.344775
-259.717537,297.915855,1.344773
-259.970643,297.905866,1.344760
-260.223928,297.895373,1.344732
-260.477132,297.884171,1.344694
-260.730003,297.872064,1.344653
-260.982366,297.858928,1.344615
-261.234110,297.844652,1.344591
-261.485197,297.829098,1.344578
-261.735615,297.812139,1.344575
-261.985343,297.793693,1.344581
-262.296498,297.768447,1.344599
-262.606551,297.740660,1.344628
-262.915616,297.710247,1.344658
-263.223775,297.677209,1.344681
-263.531068,297.641634,1.344695
-263.837608,297.603670,1.344696
-264.143501,297.563510,1.344682
-264.448749,297.521379,1.344643
-264.753303,297.477736,1.344552
-265.057196,297.433644,1.344429
-265.360476,297.389935,1.344310
-265.663036,297.346629,1.344206
-265.964807,297.304309,1.344131
-266.265903,297.264089,1.344050
-266.566333,297.225920,1.343945
-266.865979,297.188975,1.343848
-267.164813,297.152831,1.343766
-267.462863,297.117141,1.343700
-267.760083,297.081356,1.343654
-268.056393,297.045107,1.343631
-268.351793,297.008203,1.343634
-268.646345,296.970417,1.343653
-268.940056,296.931672,1.343664
-269.232995,296.892617,1.343657
-269.525387,296.854541,1.343659
-269.817427,296.818530,1.343705
-270.109238,296.785388,1.343818
-270.400922,296.755903,1.343985
-270.692585,296.730668,1.344177
-270.984242,296.709988,1.344383
-271.275879,296.694099,1.344586
-271.567520,296.683172,1.344741
-271.859135,296.676990,1.344741
-272.150709,296.674552,1.344584
-272.442296,296.674582,1.344342
-272.733888,296.676119,1.344070
-273.025490,296.678318,1.343809
-273.317098,296.680405,1.343587
-273.608684,296.681828,1.343413
-273.900181,296.682205,1.343287
-274.191556,296.681231,1.343204
-274.482784,296.678689,1.343155
-274.773821,296.674423,1.343132
-275.064617,296.668317,1.343132
-275.355184,296.660301,1.343143
-275.645486,296.650356,1.343159
-275.935449,296.638494,1.343172
-276.225075,296.624759,1.343186
-276.514425,296.609215,1.343195
-276.803499,296.591935,1.343203
-277.092324,296.572985,1.343210
-277.380932,296.552436,1.343213
-277.669302,296.530374,1.343212
-277.957419,296.506932,1.343191
-278.245311,296.482701,1.343135
-278.533061,296.458866,1.343063
-278.820747,296.436099,1.342989
-279.108382,296.414202,1.342933
-279.396007,296.393656,1.342898
-279.683624,296.375457,1.342836
-279.971207,296.359434,1.342736
-280.258811,296.344680,1.342634
-280.546478,296.330727,1.342538
-280.834178,296.317192,1.342452
-281.121895,296.303482,1.342388
-281.409617,296.289190,1.342342
-281.697258,296.274112,1.342321
-281.984794,296.258022,1.342322
-282.272270,296.240735,1.342335
-282.559676,296.222228,1.342340
-282.847006,296.203002,1.342317
-283.134302,296.184246,1.342288
-283.421610,296.167127,1.342288
-283.708965,296.152482,1.342348
-283.996418,296.141098,1.342462
-284.283963,296.133650,1.342606
-284.571499,296.130521,1.342753
-284.858948,296.131775,1.342823
-285.146463,296.136764,1.342749
-285.434189,296.144296,1.342584
-285.722115,296.153412,1.342390
-286.010288,296.163387,1.342196
-286.298762,296.173484,1.342020
-286.587462,296.183103,1.341881
-286.876341,296.191846,1.341782
-287.165390,296.199399,1.341721
-287.454578,296.205511,1.341690
-287.743868,296.210023,1.341683
-288.033218,296.212829,1.341695
-288.322592,296.213859,1.341718
-288.611961,296.213097,1.341748
-288.901291,296.210577,1.341783
-289.190567,296.206348,1.341819
-289.479757,296.200471,1.341854
-289.768851,296.193022,1.341883
-290.057892,296.184083,1.341905
-290.346843,296.173742,1.341916
-290.635613,296.162097,1.341927
-290.924256,296.149215,1.341940
-291.212848,296.135122,1.341949
-291.501349,296.119915,1.341937
-291.789708,296.104234,1.341896
-292.077912,296.089237,1.341852
-292.365952,296.075867,1.341832
-292.653800,296.064744,1.341854
-292.941415,296.056442,1.341897
-293.228759,296.051182,1.341894
-293.515902,296.048344,1.341830
-293.802964,296.046985,1.341734
-294.089985,296.046431,1.341630
-294.377007,296.046084,1.341538
-294.664103,296.045345,1.341464
-294.951277,296.043813,1.341414
-295.238521,296.041248,1.341388
-295.525838,296.037439,1.341375
-295.813154,296.032256,1.341370
-296.100365,296.025661,1.341370
-296.387447,296.017648,1.341378
-296.674498,296.008308,1.341367
-296.961527,295.998238,1.341329
-297.248540,295.988537,1.341292
-297.535620,295.980191,1.341280
-297.822796,295.973955,1.341314
-298.110053,295.970544,1.341390
-298.397363,295.970534,1.341497
-298.684715,295.974310,1.341627
-298.972105,295.982171,1.341762
-299.259483,295.994346,1.341891
-299.546823,296.010978,1.342003
-299.834111,296.032120,1.342085
-300.121364,296.057691,1.342112
-300.408851,296.087306,1.342072
-300.697050,296.120315,1.341975
-300.986244,296.156124,1.341847
-301.276588,296.194272,1.341671
-301.568263,296.234366,1.341437
-301.861152,296.276397,1.341219
-302.154736,296.321559,1.341050
-302.448387,296.371592,1.340975
-302.741504,296.427795,1.341109
-303.033461,296.491220,1.341617
-303.323709,296.562514,1.342722
-303.611828,296.641841,1.344672
-303.897377,296.729256,1.347528
-304.179940,296.824835,1.351073
-304.459193,296.928581,1.355016
-304.734855,297.040348,1.359099
-305.006745,297.159935,1.363120
-305.274766,297.287125,1.366913
-305.538820,297.421636,1.370367
-305.798862,297.563148,1.373454
-306.054846,297.711338,1.376389
-306.306734,297.865871,1.379464
-306.554532,298.026421,1.382910
-306.798239,298.192625,1.386784
-307.037842,298.364122,1.390938
-307.273369,298.540650,1.395162
-307.504841,298.721955,1.399279
-307.732275,298.907799,1.403152
-307.955705,299.097989,1.406683
-308.175289,299.292239,1.409926
-308.391595,299.490020,1.413095
-308.605372,299.690714,1.416418
-308.817232,299.893711,1.419918
-309.027800,300.098268,1.423477
-309.237740,300.303577,1.426983
-309.447534,300.508990,1.430336
-309.657464,300.714136,1.433470
-309.867751,300.919025,1.436320
-310.078506,301.123799,1.438842
-310.289780,301.328467,1.441007
-310.501708,301.532811,1.442870
-310.714453,301.736546,1.444633
-310.928083,301.939528,1.446505
-311.142506,302.141889,1.448617
-311.357540,302.343905,1.450934
-311.573052,302.545842,1.453343
-311.788988,302.747804,1.455729
-312.005381,302.949597,1.458084
-312.222301,303.150938,1.460526
-312.439763,303.351736,1.463182
-312.657703,303.552204,1.466147
-312.876003,303.752649,1.469468
-313.094564,303.953227,1.473065
-313.313379,304.153804,1.476767
-313.532482,304.354067,1.480415
-313.751912,304.553766,1.483877
-313.971741,304.752810,1.487061
-314.191961,304.951359,1.489909
-314.412432,305.149726,1.492393
-314.633022,305.348154,1.494502
-314.853671,305.546866,1.496251
-315.074347,305.745993,1.497741
-315.295088,305.945313,1.499137
-315.516000,306.144451,1.500582
-315.737153,306.343220,1.502120
-315.958532,306.541731,1.503700
-316.180038,306.740202,1.505256
-316.401577,306.938810,1.506761
-316.623103,307.137752,1.508276
-316.844598,307.337190,1.509883
-317.066098,307.536988,1.511646
-317.287688,307.736740,1.513621
-317.509451,307.936131,1.515810
-317.731406,308.135128,1.518124
-317.953480,308.333914,1.520450
-318.175531,308.532636,1.522699
-318.397533,308.731502,1.524803
-318.619517,308.930772,1.526703
-318.841402,309.130476,1.528371
-319.063250,309.330385,1.529793
-319.285234,309.530155,1.531022
-319.507416,309.729477,1.532169
-319.729815,309.928243,1.533336
-319.952413,310.126645,1.534593
-320.175117,310.324930,1.535980
-320.397830,310.523268,1.537475
-320.620518,310.721865,1.539008
-320.843149,310.920918,1.540509
-321.065668,311.120451,1.541964
-321.288125,311.320214,1.543416
-321.510666,311.519832,1.544915
-321.733393,311.719014,1.546482
-321.956309,311.917632,1.548085
-322.179366,312.115853,1.549666
-322.402518,312.313962,1.551167
-322.625634,312.512080,1.552534
-322.848527,312.710260,1.553770
-323.071306,312.908834,1.554852
-323.294040,313.108013,1.555764
-323.516639,313.307735,1.556508
-323.739125,313.507778,1.557091
-323.961652,313.707780,1.557565
-324.184314,313.907393,1.558012
-324.407137,314.106548,1.558500
-324.630111,314.305469,1.559038
-324.853131,314.504318,1.559606
-325.076090,314.703207,1.560185
-325.298982,314.902359,1.560760
-325.521790,315.101959,1.561347
-325.744452,315.302058,1.561985
-325.966966,315.502562,1.562691
-326.189433,315.703126,1.563486
-326.411972,315.903353,1.564387
-326.634678,316.103087,1.565369
-326.857542,316.302461,1.566378
-327.080351,316.501556,1.567335
-327.302514,316.700008,1.568228
-327.523776,316.897785,1.569059
-327.744368,317.095329,1.569807
-327.964368,317.292816,1.570469
-328.183772,317.490257,1.571071
-328.402712,317.687832,1.571648
-328.621325,317.885729,1.572231
-328.839649,318.083990,1.572839
-329.057756,318.282520,1.573454
-329.275816,318.481008,1.574051
-329.494001,318.679094,1.574619
-329.712425,318.876627,1.575146
-329.931104,319.073734,1.575624
-330.150031,319.270668,1.576073
-330.369210,319.467624,1.576516
-330.588656,319.664599,1.576971
-330.808403,319.861328,1.577452
-331.028514,320.057540,1.577950
-331.249075,320.253105,1.578441
-331.470063,320.448023,1.578909
-331.691365,320.642546,1.579347
-331.912939,320.837058,1.579742
-332.134694,321.031803,1.580090
-332.356506,321.226934,1.580387
-332.578363,321.422435,1.580626
-332.800346,321.618051,1.580828
-333.022500,321.813537,1.581028
-333.244842,322.008825,1.581258
-333.467348,322.204063,1.581527
-333.689931,322.399470,1.581829
-333.912537,322.595258,1.582151
-334.135159,322.791657,1.582481
-334.357750,322.988852,1.582820
-334.580228,323.186952,1.583178
-334.802521,323.385949,1.583556
-335.024550,323.585686,1.583964
-335.246201,323.786114,1.584424
-335.467414,323.987458,1.584917
-335.688132,324.189893,1.585413
-335.908219,324.393439,1.585897
-336.127560,324.598182,1.586361
-336.346120,324.804306,1.586782
-336.563756,325.011874,1.587153
-336.780246,325.220917,1.587481
-336.995382,325.431526,1.587774
-337.208922,325.643767,1.588056
-337.420654,325.857723,1.588347
-337.630397,326.073498,1.588651
-337.837922,326.291138,1.588982
-338.043029,326.510715,1.589341
-338.245614,326.732332,1.589712
-338.445622,326.956058,1.590061
-338.642984,327.181958,1.590351
-338.837524,327.410127,1.590675
-339.028818,327.640710,1.591099
-339.216327,327.873908,1.591790
-339.399595,328.109898,1.592864
-339.578164,328.348810,1.594346
-339.751574,328.590732,1.596222
-339.919481,328.835596,1.598444
-340.081729,329.083213,1.600993
-340.238532,329.333597,1.603789
-340.390236,329.586595,1.606795
-340.537110,329.841904,1.609991
-340.679397,330.099366,1.613349
-340.817323,330.358866,1.616837
-340.951041,330.620243,1.620426
-341.080672,330.883378,1.624078
-341.206346,331.148205,1.627755
-341.328170,331.414627,1.631421
-341.446239,331.682541,1.635049
-341.560693,331.951942,1.638606
-341.671684,332.222818,1.642064
-341.779336,332.495117,1.645403
-341.883780,332.768810,1.648603
-341.985157,333.043882,1.651648
-342.083613,333.320291,1.654523
-342.179287,333.597972,1.657224
-342.272314,333.876878,1.659747
-342.362826,334.156988,1.662092
-342.450958,334.438299,1.664262
-342.536856,334.720861,1.666257
-342.620654,335.004695,1.668080
-342.702488,335.289801,1.669738
-342.782494,335.576214,1.671238
-342.860782,335.863969,1.672582
-342.937496,336.153000,1.673746
-343.012976,336.442959,1.674725
-343.087671,336.733341,1.675538
-343.161924,337.023723,1.676195
-343.236025,337.313795,1.676704
-343.310247,337.603317,1.677013
-343.384748,337.892058,1.677103
-343.459247,338.179421,1.676928
-343.532400,338.463714,1.676469
-343.602489,338.742781,1.675833
-343.668442,339.014993,1.675143
-343.729659,339.279081,1.674388
-343.785746,339.533897,1.673458
-343.836539,339.778710,1.672227
-343.890496,340.059147,1.670216
-343.937138,340.325404,1.667574
-343.977372,340.577991,1.664299
-344.018082,340.856122,1.660059
-344.054588,341.117769,1.654939
-344.090855,341.368787,1.648669
-344.131355,341.616984,1.642880
-344.180360,341.868544,1.638460
-344.241237,342.129043,1.635782
-344.314290,342.402320,1.634527
-344.385476,342.648405,1.634184
-344.463086,342.906165,1.634210
-344.545320,343.175687,1.634460
-344.630594,343.456648,1.634813
-344.703080,343.699033,1.635118
-344.776246,343.948290,1.635392
-344.849619,344.203722,1.635587
-344.922719,344.464645,1.635661
-344.994895,344.730438,1.635686
-345.065637,345.000522,1.635640
-345.135021,345.274351,1.635526
-345.203302,345.551351,1.635403
-345.270536,345.830953,1.635292
-345.336814,346.112643,1.635193
-345.402313,346.395959,1.635114
-345.467110,346.680463,1.635058
-345.531221,346.965795,1.635032
-345.594716,347.251748,1.635027
-345.657663,347.538122,1.635035
-345.720099,347.824696,1.635055
-345.782055,348.111324,1.635083
-345.843529,348.397902,1.635114
-345.904496,348.684327,1.635145
-345.964949,348.970519,1.635173
-346.024902,349.256427,1.635196
-346.084358,349.542015,1.635215
-346.143299,349.827270,1.635229
-346.201696,350.112219,1.635240
-346.259516,350.396916,1.635245
-346.316769,350.681411,1.635245
-346.373537,350.965756,1.635241
-346.429955,351.250018,1.635236
-346.486231,351.534328,1.635223
-346.542583,351.818903,1.635135
-346.599098,352.104077,1.634989
-346.656238,352.389992,1.634787
-346.715437,352.676142,1.634544
-346.778213,352.961903,1.634333
-346.845377,353.246924,1.634151
-346.917367,353.530776,1.633965
-346.994580,353.812954,1.633721
-347.077279,354.093149,1.633346
-347.165468,354.371283,1.632835
-347.258918,354.647450,1.632238
-347.357336,354.921824,1.631589
-347.460413,355.194595,1.630912
-347.567776,355.465962,1.630238
-347.679055,355.736126,1.629604
-347.793970,356.005266,1.629026
-347.912258,356.273508,1.628508
-348.033643,356.540951,1.628031
-348.157882,356.807682,1.627559
-348.284760,357.073766,1.627061
-348.414083,357.339243,1.626535
-348.545694,357.604134,1.626001
-348.679465,357.868444,1.625477
-348.815292,358.132154,1.624985
-348.953171,358.395105,1.624541
-349.093268,358.656891,1.624143
-349.235770,358.917102,1.623762
-349.380792,359.175543,1.623363
-349.528330,359.432344,1.622905
-349.678178,359.687777,1.622395
-349.830102,359.942022,1.621869
-349.984039,360.195054,1.621344
-350.139798,360.446366,1.620769
-350.296644,360.694870,1.620203
-350.454269,360.940080,1.619687
-350.612925,361.182415,1.619218
-350.772567,361.422315,1.618812
-350.933048,361.660093,1.618477
-351.094466,361.896203,1.618193
-351.256888,362.131091,1.617932
-351.420271,362.365066,1.617675
-351.584629,362.598406,1.617403
-351.749986,362.831364,1.617121
-351.916354,363.064089,1.616838
-352.083870,363.296482,1.616566
-352.252757,363.528237,1.616299
-352.423175,363.759104,1.616024
-352.595222,363.988919,1.615730
-352.768990,364.217543,1.615402
-352.944441,364.445061,1.615045
-353.121377,364.671838,1.614676
-353.299601,364.898195,1.614301
-353.478776,365.124102,1.613898
-353.658396,365.349133,1.613521
-353.838450,365.573154,1.613193
-354.019123,365.796420,1.612908
-354.200341,366.019166,1.612676
-354.382066,366.241558,1.612493
-354.564385,366.463820,1.612331
-354.747306,366.686159,1.612170
-354.930793,366.908697,1.611996
-355.114916,367.131418,1.611802
-355.299854,367.354036,1.611593
-355.485788,367.576172,1.611385
-355.672843,367.797583,1.611181
-355.861046,368.018260,1.610971
-356.050293,368.238437,1.610744
-356.240461,368.458357,1.610494
-356.431528,368.678050,1.610217
-356.623587,368.897288,1.609917
-356.816740,369.115826,1.609609
-357.011006,369.333593,1.609298
-357.206234,369.550728,1.609000
-357.402279,369.767512,1.608731
-357.599101,369.984246,1.608488
-357.796640,370.201010,1.608271
-357.994934,370.417565,1.608080
-358.194120,370.633602,1.607905
-358.394292,370.848894,1.607736
-358.595508,371.063245,1.607565
-358.797771,371.276628,1.607379
-359.000953,371.489336,1.607172
-359.204859,371.701673,1.606959
-359.409393,371.913814,1.606751
-359.614603,372.125740,1.606550
-359.820577,372.337189,1.606358
-360.027381,372.547914,1.606173
-360.235038,372.757861,1.605986
-360.443466,372.967231,1.605797
-360.652528,373.176306,1.605610
-360.862112,373.385308,1.605434
-361.072123,373.594416,1.605269
-361.282507,373.803622,1.605113
-361.493355,374.012618,1.604972
-361.704806,374.221067,1.604850
-361.916921,374.428778,1.604750
-362.129666,374.635800,1.604670
-362.342938,374.842392,1.604605
-362.556641,375.048790,1.604547
-362.770689,375.255170,1.604490
-362.985023,375.461633,1.604422
-363.199682,375.667990,1.604332
-363.414735,375.873846,1.604226
-363.630260,376.078952,1.604119
-363.846337,376.283324,1.604011
-364.062908,376.487148,1.603905
-364.279867,376.690649,1.603800
-364.497112,376.893998,1.603693
-364.714553,377.097370,1.603590
-364.932168,377.300991,1.603487
-365.149920,377.504965,1.603380
-365.367808,377.709121,1.603264
-365.585901,377.913046,1.603148
-365.804314,378.116391,1.603045
-366.023164,378.319025,1.602955
-366.242430,378.521029,1.602881
-366.462020,378.722630,1.602824
-366.681873,378.924045,1.602782
-366.901926,379.125460,1.602752
-367.122096,379.327051,1.602727
-367.342325,379.528950,1.602700
-367.562604,379.731130,1.602661
-367.783012,379.933281,1.602611
-368.003627,380.135127,1.602562
-368.224412,380.336769,1.602516
-368.445296,380.538407,1.602471
-368.666247,380.740123,1.602426
-368.887222,380.942024,1.602380
-369.108164,381.144249,1.602329
-369.329041,381.346857,1.602267
-369.549878,381.549711,1.602188
-369.770761,381.752477,1.602103
-369.991711,381.955024,1.602024
-370.212692,382.157534,1.601952
-370.433686,382.360129,1.601888
-370.654666,382.562852,1.601837
-370.875590,382.765812,1.601796
-371.096419,382.969098,1.601757
-371.317143,383.172651,1.601710
-371.537837,383.376170,1.601653
-371.758619,383.579326,1.601594
-371.979508,383.782147,1.601537
-372.200452,383.984832,1.601482
-372.421425,384.187477,1.601433
-372.642404,384.390176,1.601390
-372.863340,384.593071,1.601351
-373.084187,384.796249,1.601313
-373.304912,384.999742,1.601274
-373.525485,385.203562,1.601228
-373.745946,385.407521,1.601169
-373.966424,385.611224,1.601108
-374.186993,385.814526,1.601051
-374.407594,386.017594,1.601003
-374.628201,386.220574,1.600966
-374.848843,386.423575,1.600939
-375.069474,386.626728,1.600919
-375.290030,386.830136,1.600906
-375.510484,387.033850,1.600898
-375.730805,387.237904,1.600889
-375.950990,387.442215,1.600867
-376.171141,387.646429,1.600836
-376.391380,387.850250,1.600805
-376.611710,388.053779,1.600776
-376.832089,388.257210,1.600748
-377.052505,388.460617,1.600722
-377.272924,388.664108,1.600698
-377.493290,388.867815,1.600673
-377.713564,389.071803,1.600646
-377.933713,389.276107,1.600618
-378.153701,389.480766,1.600587
-378.373499,389.685798,1.600553
-378.593100,389.891151,1.600506
-378.812546,390.096532,1.600447
-379.031979,390.301557,1.600389
-379.251506,390.506193,1.600337
-379.471103,390.710644,1.600288
-379.690726,390.914996,1.600247
-379.910370,391.119334,1.600214
-380.130011,391.323817,1.600184
-380.349599,391.528537,1.600157
-380.569095,391.733526,1.600134
-380.788474,391.938832,1.600112
-381.007702,392.144492,1.600090
-381.226764,392.350464,1.600061
-381.445732,392.556483,1.600022
-381.664721,392.762237,1.599987
-381.883751,392.967757,1.599958
-382.102791,393.173210,1.599934
-382.321835,393.378650,1.599917
-382.540865,393.584151,1.599905
-382.759825,393.789820,1.599895
-382.978671,393.995705,1.599889
-383.197383,394.201833,1.599885
-383.415945,394.408254,1.599884
-383.634349,394.615002,1.599881
-383.852612,394.821965,1.599867
-384.070841,395.028801,1.599848
-384.289126,395.235318,1.599834
-384.507456,395.441659,1.599824
-384.725804,395.647947,1.599818
-384.944164,395.854226,1.599818
-385.162506,396.060603,1.599822
-385.380786,396.267183,1.599827
-385.598974,396.474006,1.599834
-385.817046,396.681103,1.599842
-386.034970,396.888512,1.599849
-386.252725,397.096238,1.599852
-386.470332,397.304155,1.599843
-386.687901,397.511923,1.599829
-386.905523,397.719347,1.599819
-387.123192,397.926565,1.599812
-387.340879,398.133697,1.599808
-387.558570,398.340767,1.599810
-387.776251,398.547883,1.599817
-387.993898,398.755169,1.599825
-388.211477,398.962669,1.599834
-388.428959,399.170416,1.599843
-388.646319,399.378449,1.599852
-388.863532,399.586776,1.599856
-389.080616,399.795281,1.599849
-389.297687,400.003609,1.599834
-389.514869,400.211466,1.599821
-389.732175,400.418947,1.599814
-389.949574,400.626242,1.599810
-390.167057,400.833427,1.599811
-390.384594,401.040599,1.599817
-390.602133,401.247901,1.599824
-390.819633,401.455407,1.599833
-391.037061,401.663155,1.599841
-391.254395,401.871145,1.599841
-391.471696,402.079134,1.599830
-391.689099,402.286738,1.599817
-391.906647,402.493885,1.599808
-392.124307,402.700780,1.599804
-392.342075,402.907557,1.599804
-392.559927,403.114294,1.599810
-392.777833,403.321159,1.599826
-392.995837,403.528346,1.599843
-393.213970,403.735837,1.599847
-393.432290,403.943299,1.599840
-393.650906,404.150325,1.599827
-393.869889,404.356661,1.599813
-394.089207,404.562328,1.599802
-394.308791,404.767535,1.599794
-394.528569,404.972462,1.599790
-394.748470,405.177263,1.599791
-394.968431,405.382124,1.599797
-395.188404,405.587192,1.599804
-395.408321,405.792532,1.599814
-395.628141,405.998193,1.599821
-395.847917,406.204059,1.599815
-396.067768,406.409749,1.599801
-396.287733,406.615035,1.599788
-396.507753,406.820054,1.599780
-396.727787,407.024955,1.599776
-396.947842,407.229829,1.599781
-397.167903,407.434826,1.599786
-397.387886,407.640032,1.599794
-397.607749,407.845492,1.599804
-397.827477,408.051259,1.599812
-398.047027,408.257317,1.599812
-398.266430,408.463422,1.599792
-398.485623,408.668995,1.599720
-398.703882,408.873061,1.599608
-398.920673,409.074993,1.599491
-399.136373,409.275109,1.599385
-399.351215,409.473800,1.599300
-399.565161,409.671240,1.599241
-399.778437,409.867772,1.599207
-399.991330,410.063791,1.599196
-400.203964,410.259546,1.599209
-400.416455,410.455239,1.599242
-400.628914,410.651058,1.599289
-400.841417,410.847165,1.599346
-401.054018,411.043695,1.599410
-401.266749,411.240739,1.599469
-401.479670,411.438177,1.599511
-401.692902,411.635623,1.599544
-401.906617,411.832752,1.599577
-402.120959,412.029520,1.599613
-402.335927,412.226120,1.599644
-402.551404,412.422732,1.599674
-402.767289,412.619498,1.599704
-402.983580,412.816488,1.599726
-403.200360,413.013476,1.599737
-403.417719,413.210122,1.599746
-403.635718,413.406309,1.599756
-403.854323,413.602218,1.599765
-404.073429,413.798103,1.599775
-404.292984,413.994115,1.599785
-404.513029,414.190148,1.599787
-404.733628,414.385905,1.599780
-404.954761,414.581111,1.599773
-405.176446,414.775740,1.599771
-405.398670,414.970072,1.599768
-405.621293,415.164376,1.599766
-405.844234,415.358754,1.599766
-406.067561,415.553061,1.599762
-406.291364,415.747036,1.599757
-406.515678,415.940478,1.599752
-406.740490,416.133397,1.599750
-406.965723,416.326065,1.599749
-407.191254,416.518756,1.599754
-407.417010,416.711691,1.599765
-407.642934,416.905051,1.599771
-407.868988,417.098721,1.599766
-408.095252,417.292337,1.599755
-408.321825,417.485604,1.599743
-408.548740,417.678406,1.599733
-408.775931,417.870854,1.599728
-409.003309,418.063205,1.599729
-409.230810,418.255689,1.599734
-409.458353,418.448466,1.599744
-409.685866,418.641626,1.599749
-409.913399,418.834992,1.599745
-410.141062,419.028194,1.599733
-410.368897,419.220959,1.599724
-410.596916,419.413328,1.599721
-410.825081,419.605529,1.599722
-411.053325,419.797766,1.599730
-411.281603,419.990222,1.599743
-411.509844,420.183032,1.599748
-411.737953,420.376068,1.599742
-411.966011,420.569006,1.599737
-412.194175,420.761777,1.599737
-412.422409,420.954577,1.599735
-412.650588,421.147514,1.599740
-412.878701,421.340683,1.599753
-413.106759,421.534255,1.599766
-413.334755,421.728209,1.599768
-413.562765,421.922195,1.599756
-413.790851,422.115811,1.599741
-414.019066,422.308809,1.599730
-414.247498,422.501135,1.599724
-414.476130,422.692992,1.599721
-414.704850,422.884646,1.599722
-414.933575,423.076284,1.599732
-415.162291,423.268132,1.599750
-415.390960,423.460397,1.599767
-415.619517,423.653106,1.599775
-415.847988,423.846019,1.599772
-416.076464,424.038760,1.599756
-416.304954,424.230981,1.599738
-416.533517,424.422509,1.599730
-416.762299,424.613521,1.599725
-416.991235,424.804295,1.599726
-417.220246,424.995062,1.599737
-417.449319,425.186033,1.599750
-417.678351,425.377362,1.599766
-417.907295,425.569131,1.599780
-418.136253,425.761178,1.599779
-418.365283,425.953107,1.599760
-418.594316,426.144539,1.599743
-418.823442,426.335435,1.599736
-419.052763,426.526051,1.599730
-419.282166,426.716601,1.599731
-419.511592,426.907274,1.599743
-419.741039,427.098287,1.599755
-419.970438,427.289679,1.599758
-420.199813,427.481188,1.599755
-420.429295,427.672478,1.599747
-420.658942,427.863361,1.599736
-420.888664,428.053857,1.599730
-421.118416,428.244203,1.599735
-421.348219,428.434667,1.599741
-421.577984,428.625391,1.599751
-421.807627,428.816467,1.599762
-422.037218,429.007813,1.599762
-422.266860,429.199084,1.599754
-422.496606,429.389976,1.599745
-422.726464,429.580453,1.599743
-422.956410,429.770733,1.599739
-423.186322,429.960971,1.599739
-423.416138,430.151323,1.599751
-423.645886,430.342033,1.599767
-423.875530,430.533259,1.599787
-424.105043,430.725055,1.599802
-424.334477,430.917257,1.599801
-424.563915,431.109469,1.599788
-424.793425,431.301344,1.599773
-425.023064,431.492728,1.599760
-425.252785,431.683709,1.599751
-425.482503,431.874514,1.599751
-425.712207,432.065378,1.599758
-425.941878,432.256499,1.599769
-426.171450,432.447959,1.599775
-426.400944,432.639577,1.599774
-426.630445,432.831145,1.599776
-426.859930,433.022774,1.599779
-427.089322,433.214651,1.599786
-427.318609,433.406857,1.599796
-427.547752,433.599475,1.599809
-427.776711,433.792586,1.599816
-428.005537,433.986016,1.599809
-428.234354,434.179371,1.599795
-428.463244,434.372340,1.599778
-428.692199,434.564848,1.599765
-428.921176,434.757065,1.599761
-429.150156,434.949222,1.599761
-429.379083,435.141476,1.599768
-429.607909,435.333991,1.599782
-429.836618,435.526936,1.599797
-430.065169,435.720348,1.599806
-430.293590,435.914042,1.599805
-430.522026,436.107670,1.599794
-430.750561,436.300919,1.599781
-430.979185,436.493711,1.599773
-431.207869,436.686244,1.599770
-431.436567,436.878731,1.599772
-431.665239,437.071342,1.599782
-431.893848,437.264263,1.599797
-432.122333,437.457631,1.599811
-432.350635,437.651469,1.599818
-432.578786,437.845593,1.599812
-432.806896,438.039632,1.599798
-433.035053,438.233268,1.599784
-433.263296,438.426451,1.599774
-433.491575,438.619362,1.599768
-433.719818,438.812192,1.599771
-433.948031,439.005150,1.599783
-434.176196,439.198433,1.599796
-434.404224,439.392143,1.599810
-434.632057,439.586336,1.599823
-434.859719,439.780944,1.599824
-435.087334,439.975661,1.599815
-435.315011,440.170127,1.599801
-435.542750,440.364248,1.599792
-435.770508,440.558206,1.599786
-435.998231,440.752168,1.599784
-436.225869,440.946255,1.599791
-436.453401,441.140649,1.599805
-436.680811,441.335504,1.599819
-436.908070,441.530843,1.599826
-437.135207,441.726461,1.599820
-437.362334,441.921976,1.599805
-437.589544,442.117046,1.599789
-437.816888,442.311516,1.599776
-438.044347,442.505505,1.599769
-438.271867,442.699277,1.599767
-438.499385,442.893024,1.599769
-438.726837,443.086907,1.599781
-438.954195,443.281126,1.599793
-439.181395,443.475771,1.599805
-439.408455,443.670777,1.599811
-439.635515,443.865865,1.599802
-439.862642,444.060662,1.599789
-440.089831,444.255072,1.599781
-440.317062,444.449298,1.599777
-440.544278,444.643516,1.599777
-440.771428,444.837853,1.599784
-440.998473,445.032482,1.599796
-441.225372,445.227542,1.599810
-441.452098,445.423068,1.599819
-441.678711,445.618892,1.599816
-441.905336,445.814641,1.599804
-442.132072,446.009993,1.599792
-442.358954,446.204890,1.599784
-442.585932,446.399517,1.599778
-442.812926,446.594061,1.599780
-443.039909,446.788706,1.599789
-443.266846,446.983642,1.599799
-443.493651,447.178980,1.599813
-443.720292,447.374764,1.599820
-443.946817,447.570823,1.599814
-444.173335,447.766777,1.599801
-444.399901,447.962419,1.599792
-444.626492,448.157899,1.599786
-444.853053,448.353390,1.599783
-445.079543,448.548991,1.599789
-445.305938,448.744861,1.599800
-445.532206,448.941156,1.599813
-445.758319,449.137875,1.599808
-445.984225,449.334689,1.599790
-446.210024,449.531203,1.599772
-446.435907,449.727207,1.599753
-446.661882,449.922684,1.599743
-446.887932,450.117871,1.599743
-447.114061,450.313014,1.599748
-447.340217,450.508272,1.599759
-447.566338,450.703813,1.599774
-447.792411,450.899683,1.599779
-448.018527,451.095586,1.599775
-448.244855,451.291102,1.599770
-448.471581,451.485910,1.599747
-448.698881,451.679731,1.599700
-448.926572,451.872685,1.599952
-449.153660,452.065757,1.600835
-449.378941,452.260113,1.602611
-449.601614,452.456564,1.605615
-449.821694,452.655150,1.610305
-450.040051,452.855081,1.616924
-450.257613,453.055450,1.625657
-450.475175,453.255306,1.636622
-450.693772,453.453361,1.649895
-450.914462,453.648310,1.665379
-451.137950,453.839143,1.682838
-451.364565,454.025117,1.702008
-451.594355,454.205760,1.722603
-451.827266,454.380895,1.744307
-452.063192,454.550525,1.766797
-452.301942,454.714729,1.789788
-452.543322,454.873644,1.813012
-452.787134,455.027400,1.836229
-453.033220,455.176128,1.859227
-453.281520,455.320026,1.881805
-453.531926,455.459317,1.903792
-453.784295,455.594221,1.925045
-454.038492,455.724967,1.945442
-454.294407,455.851784,1.964893
-454.551953,455.974892,1.983322
-454.811044,456.094505,2.000679
-455.071633,456.210850,2.016927
-455.333665,456.324148,2.032043
-455.597038,456.434593,2.046024
-455.861654,456.542384,2.058883
-456.127467,456.647713,2.070638
-456.394431,456.750789,2.081293
-456.662435,456.851918,2.090856
-456.931400,456.951336,2.099250
-457.201330,457.049080,2.106394
-457.472163,457.145253,2.112245
-457.743862,457.240119,2.116806
-458.016477,457.333884,2.120104
-458.290103,457.426727,2.122192
-458.564790,457.518856,2.123139
-458.840533,457.610429,2.123038
-459.117306,457.701549,2.121989
-459.395063,457.792290,2.120100
-459.673761,457.882701,2.117493
-459.953387,457.972798,2.114339
-460.233869,458.062560,2.110867
-460.515139,458.151957,2.107276
-460.797193,458.240964,2.103725
-461.079987,458.329514,2.100354
-461.363471,458.417504,2.097266
-461.647628,458.504820,2.094528
-461.932411,458.591330,2.092186
-462.217791,458.676889,2.090265
-462.503770,458.761360,2.088770
-462.790346,458.844633,2.087694
-463.077497,458.926608,2.087022
-463.365191,459.007197,2.086711
-463.653073,459.086269,2.086674
-463.940022,459.163563,2.086887
-464.225315,459.238897,2.087348
-464.509323,459.312253,2.088007
-464.792376,459.383547,2.088802
-465.074504,459.452631,2.089681
-465.355946,459.519423,2.090595
-465.637037,459.583884,2.091501
-465.917941,459.645965,2.092367
-466.198824,459.705642,2.093168
-466.479900,459.762933,2.093884
-466.761328,459.817876,2.094505
-467.043252,459.870520,2.095026
-467.325797,459.920935,2.095443
-467.609044,459.969198,2.095756
-467.893056,460.015395,2.095973
-468.177903,460.059629,2.096096
-468.463625,460.101986,2.096134
-468.750233,460.142556,2.096094
-469.037739,460.181437,2.095986
-469.326150,460.218709,2.095816
-469.615437,460.254435,2.095600
-469.905640,460.288678,2.095344
-470.196782,460.321494,2.095058
-470.488836,460.352922,2.094753
-470.781735,460.382996,2.094446
-471.075438,460.411747,2.094151
-471.369926,460.439202,2.093877
-471.665174,460.465382,2.093631
-471.961143,460.490309,2.093411
-472.257741,460.513999,2.093224
-472.554903,460.536464,2.093073
-472.852606,460.557742,2.092956
-473.150817,460.577866,2.092872
-473.449469,460.596834,2.092819
-473.748507,460.614645,2.092795
-474.047874,460.631293,2.092792
-474.347500,460.646759,2.092808
-474.647323,460.661028,2.092836
-474.947298,460.674091,2.092876
-475.247423,460.685951,2.092924
-475.547700,460.696619,2.092973
-475.848103,460.706113,2.093021
-476.148585,460.714461,2.093066
-476.449148,460.721698,2.093110
-476.749835,460.727852,2.093150
-477.050660,460.732951,2.093185
-477.351623,460.737028,2.093213
-477.652706,460.740121,2.093233
-477.953898,460.742268,2.093245
-478.255181,460.743513,2.093250
-478.556535,460.743894,2.093250
-478.857986,460.743453,2.093247
-479.159570,460.742225,2.093238
-479.461263,460.740242,2.093225
-479.763061,460.737541,2.093210
-480.065000,460.734158,2.093196
-480.367133,460.730117,2.093182
-480.669491,460.725441,2.093167
-480.972072,460.720160,2.093152
-481.274870,460.714326,2.093138
-481.577922,460.707997,2.093125
-481.881246,460.701225,2.093110
-482.184807,460.694056,2.093098
-482.488640,460.686535,2.093091
-482.792806,460.678690,2.093082
-483.097279,460.670545,2.093076
-483.402079,460.662128,2.093073
-483.707236,460.653468,2.093069
-484.012741,460.644589,2.093068
-484.318610,460.635513,2.093069
-484.624886,460.626259,2.093072
-484.931605,460.616844,2.093079
-485.238813,460.607285,2.093083
-485.546508,460.597605,2.093089
-485.854704,460.587824,2.093095
-486.163440,460.577952,2.093102
-486.472759,460.568008,2.093110
-486.782678,460.558012,2.093112
-487.093136,460.547982,2.093105
-487.404035,460.537939,2.093096
-487.715366,460.527893,2.093092
-488.027218,460.517847,2.093090
-488.277109,460.509815,2.093088
-488.527358,460.501790,2.093087
-488.777965,460.493776,2.093084
-489.028910,460.485777,2.093077
-489.280161,460.477795,2.093071
-489.531715,460.469837,2.093068
-489.783616,460.461907,2.093067
-490.035888,460.454005,2.093063
-490.288506,460.446128,2.093056
-490.541438,460.438277,2.093054
-490.794720,460.430455,2.093056
-491.048410,460.422666,2.093059
-491.302539,460.414913,2.093061
-491.557091,460.407197,2.093061
-491.812040,460.399521,2.093062
-492.067401,460.391888,2.093067
-492.323226,460.384305,2.093075
-492.579565,460.376781,2.093083
-492.836431,460.369323,2.093090
-493.093824,460.361938,2.093100
-493.351773,460.354637,2.093114
-493.610346,460.347429,2.093136
-493.869646,460.340322,2.093173
-494.129832,460.333319,2.093228
-494.391105,460.326421,2.093303
-494.653676,460.319631,2.093398
-494.917756,460.312949,2.093519
-495.183573,460.306383,2.093651
-495.451244,460.299981,2.093723
-495.720536,460.293935,2.093701
-495.990936,460.288550,2.093604
-496.261952,460.284088,2.093465
-496.533255,460.280718,2.093308
-496.804646,460.278519,2.093151
-497.076069,460.277463,2.093018
-497.347650,460.277456,2.092909
-497.619553,460.278408,2.092817
-497.891824,460.280257,2.092729
-498.164384,460.282958,2.092501
-498.437075,460.286483,2.091816
-498.709676,460.290843,2.090397
-498.981929,460.296089,2.088033
-499.253653,460.302333,2.084555
-499.524767,460.309767,2.079871
-499.795222,460.318641,2.073990
-500.064994,460.329209,2.067116
-500.334109,460.341610,2.059578
-500.602668,460.355854,2.051701
-500.870788,460.371899,2.043646
-501.138515,460.389707,2.035339
-501.405897,460.409279,2.026684
-501.672998,460.430620,2.017589
-501.939846,460.453698,2.007967
-502.206470,460.478444,1.997767
-502.472953,460.504712,1.987011
-502.739388,460.532277,1.975901
-503.005806,460.560878,1.964739
-503.272207,460.590270,1.953807
-503.538573,460.620238,1.943340
-503.804850,460.650591,1.933528
-504.071010,460.681159,1.924491
-504.337081,460.711820,1.916296
-504.603100,460.742480,1.908978
-504.869075,460.773055,1.902552
-505.135007,460.803466,1.897017
-505.400924,460.833647,1.892274
-505.666869,460.863546,1.888086
-505.932868,460.893109,1.884193
-506.198937,460.922270,1.880370
-506.465109,460.950951,1.876493
-506.731396,460.979112,1.872585
-506.997778,461.006787,1.868725
-507.264229,461.034073,1.864993
-507.530694,461.061127,1.861437
-507.797051,461.088226,1.857989
-508.063128,461.115874,1.854524
-508.328740,461.144752,1.850912
-508.593672,461.175466,1.847050
-508.857663,461.208441,1.842872
-509.120470,461.244031,1.838341
-509.381921,461.282624,1.833487
-509.641899,461.324668,1.828455
-509.900314,461.370674,1.823422
-510.157016,461.421209,1.818549
-510.411721,461.476866,1.813951
-510.664061,461.538182,1.809697
-510.913639,461.605573,1.805826
-511.160066,461.679339,1.802362
-511.402997,461.759677,1.799254
-511.642144,461.846682,1.796361
-511.877247,461.940366,1.793521
-512.108080,462.040669,1.790591
-512.334466,462.147474,1.787464
-512.610994,462.289875,1.783169
-512.880161,462.441835,1.778453
-513.141813,462.602952,1.773483
-513.395846,462.772789,1.768497
-513.642118,462.950947,1.763632
-513.880389,463.137048,1.758825
-514.110455,463.330690,1.753932
-514.332392,463.531424,1.748831
-514.546541,463.738806,1.743503
-514.753192,463.952445,1.737980
-514.952554,464.172010,1.732389
-515.144874,464.397170,1.726939
-515.330328,464.627579,1.721752
-515.508736,464.862637,1.716957
-515.680034,465.101836,1.712581
-515.844822,465.344914,1.708631
-516.003870,465.591423,1.705184
-516.157715,465.840899,1.702261
-516.306822,466.093096,1.699737
-516.451652,466.347865,1.697451
-516.592564,466.605024,1.695262
-516.729856,466.864433,1.693104
-516.863835,467.126002,1.691006
-516.994788,467.389616,1.689027
-517.122940,467.655169,1.687182
-517.248458,467.922603,1.685395
-517.371462,468.191869,1.683568
-517.492023,468.462877,1.681626
-517.610153,468.735508,1.679519
-517.725845,469.009657,1.677223
-517.839104,469.285219,1.674784
-517.949948,469.562084,1.672307
-518.058388,469.840137,1.669890
-518.164439,470.119262,1.667619
-518.268161,470.399421,1.665543
-518.369625,470.680575,1.663692
-518.468888,470.962644,1.662058
-518.566023,471.245572,1.660565
-518.661116,471.529323,1.659126
-518.754255,471.813848,1.657673
-518.845525,472.099103,1.656160
-518.935000,472.385064,1.654586
-519.022749,472.671692,1.652998
-519.108832,472.958891,1.651461
-519.193326,473.246659,1.650027
-519.276315,473.535082,1.648717
-519.357870,473.824249,1.647493
-519.438041,474.114213,1.646296
-519.516847,474.404951,1.645081
-519.594301,474.696427,1.643841
-519.670410,474.988620,1.642614
-519.745169,475.281499,1.641436
-519.818551,475.574942,1.640324
-519.890539,475.868761,1.639334
-519.961173,476.163097,1.638472
-520.030458,476.458071,1.637730
-520.098354,476.753573,1.637117
-520.164843,477.049566,1.636616
-520.229923,477.346082,1.636172
-520.293579,477.643079,1.635729
-520.355798,477.940510,1.635247
-520.416576,478.238369,1.634727
-520.475919,478.536620,1.634185
-520.533848,478.835169,1.633651
-520.590398,479.134009,1.633147
-520.645590,479.433180,1.632680
-520.699449,479.732636,1.632232
-520.752004,480.032337,1.631768
-520.803279,480.332285,1.631253
-520.853287,480.632457,1.630672
-520.902053,480.932816,1.630044
-520.949596,481.233339,1.629400
-520.995920,481.533992,1.628766
-521.041019,481.834707,1.628169
-521.084890,482.135501,1.627621
-521.127524,482.436391,1.627129
-521.168907,482.737337,1.626701
-521.209030,483.038314,1.626336
-521.247896,483.339316,1.626012
-521.285513,483.640325,1.625692
-521.321878,483.941333,1.625347
-521.356993,484.242339,1.624976
-521.390875,484.543341,1.624595
-521.423548,484.844331,1.624221
-521.455029,485.145315,1.623865
-521.485332,485.446300,1.623530
-521.514482,485.747284,1.623196
-521.542510,486.048260,1.622833
-521.569453,486.349204,1.622423
-521.595343,486.650094,1.621968
-521.620203,486.950913,1.621486
-521.644055,487.251644,1.621001
-521.666924,487.552243,1.620529
-521.688851,487.852649,1.620092
-521.709869,488.152907,1.619699
-521.729979,488.453071,1.619351
-521.749194,488.753125,1.619051
-521.767532,489.053062,1.618790
-521.784991,489.352912,1.618537
-521.801588,489.652681,1.618268
-521.817350,489.952363,1.617967
-521.832288,490.251970,1.617639
-521.846418,490.551492,1.617298
-521.859786,490.850927,1.616963
-521.872426,491.150309,1.616645
-521.884330,491.449661,1.616347
-521.895506,491.748988,1.616056
-521.905977,492.048308,1.615755
-521.915755,492.347638,1.615431
-521.924855,492.646988,1.615091
-521.933304,492.946369,1.614747
-521.941136,493.245784,1.614411
-521.948380,493.545183,1.614086
-521.955052,493.844466,1.613796
-521.961175,494.143778,1.613540
-521.966771,494.443226,1.613313
-521.971866,494.742738,1.613119
-521.976490,495.042281,1.612951
-521.980671,495.341865,1.612785
-521.984440,495.641447,1.612606
-521.987824,495.940994,1.612405
-521.990836,496.240521,1.612183
-521.993491,496.539916,1.611914
-521.995831,496.838522,1.611621
-521.997901,497.135966,1.611347
-521.999723,497.432573,1.611094
-522.001309,497.728517,1.610854
-522.002665,498.023799,1.610624
-522.003795,498.318618,1.610390
-522.004703,498.613187,1.610147
-522.005394,498.907586,1.609905
-522.005887,499.201916,1.609674
-522.006206,499.496299,1.609456
-522.006374,499.790802,1.609261
-522.006412,500.085504,1.609089
-522.006345,500.380471,1.608943
-522.006211,500.675732,1.608823
-522.006036,500.971309,1.608726
-522.005825,501.267231,1.608641
-522.005590,501.563514,1.608553
-522.005357,501.860174,1.608453
-522.005163,502.157232,1.608341
-522.005045,502.454694,1.608222
-522.005049,502.752545,1.608100
-522.005195,503.050772,1.607982
-522.005466,503.349365,1.607868
-522.005825,503.648308,1.607751
-522.006270,503.947571,1.607623
-522.006826,504.247117,1.607477
-522.007493,504.546912,1.607316
-522.008254,504.846935,1.607145
-522.009098,505.147155,1.606971
-522.010031,505.447508,1.606804
-522.011058,505.747981,1.606651
-522.012190,506.048612,1.606513
-522.013440,506.349379,1.606392
-522.014837,506.650241,1.606291
-522.016407,506.951202,1.606205
-522.018179,507.252269,1.606127
-522.020212,507.553458,1.606049
-522.022611,507.854834,1.605966
-522.025523,508.156466,1.605878
-522.029102,508.458382,1.605788
-522.033565,508.760579,1.605705
-522.039286,509.063044,1.605634
-522.046841,509.365686,1.605585
-522.056993,509.668304,1.605570
-522.070628,509.970626,1.605600
-522.088602,510.272425,1.605679
-522.111649,510.573577,1.605802
-522.140362,510.874009,1.605955
-522.175178,511.173676,1.606112
-522.216344,511.472567,1.606238
-522.263902,511.770668,1.606307
-522.317770,512.067904,1.606332
-522.377958,512.363922,1.606323
-522.444526,512.658257,1.606277
-522.517427,512.950603,1.606202
-522.596581,513.240676,1.606105
-522.681922,513.528140,1.605974
-522.773321,513.812785,1.605790
-522.870485,514.094619,1.605509
-522.972851,514.373886,1.605134
-523.079776,514.650909,1.604719
-523.190782,514.926103,1.604293
-523.305453,515.199809,1.603881
-523.423368,515.472243,1.603505
-523.544177,515.743607,1.603172
-523.667610,516.014071,1.602881
-523.793441,516.283729,1.602632
-523.921481,516.552642,1.602426
-524.051576,516.820861,1.602259
-524.183596,517.088377,1.602129
-524.317504,517.355059,1.602041
-524.453457,517.620597,1.601991
-524.591617,517.884674,1.601960
-524.731926,518.147262,1.601939
-524.874219,518.408541,1.601925
-525.018374,518.668644,1.601910
-525.164263,518.927696,1.601891
-525.311726,519.185870,1.601866
-525.460646,519.443294,1.601836
-525.610989,519.699967,1.601806
-525.762869,519.955649,1.601780
-525.916480,520.209984,1.601760
-526.071963,520.462720,1.601743
-526.229337,520.713807,1.601714
-526.388454,520.963457,1.601668
-526.549126,521.211949,1.601609
-526.711206,521.459497,1.601541
-526.874555,521.706300,1.601470
-527.039095,521.952444,1.601403
-527.204916,522.197692,1.601342
-527.372175,522.441704,1.601292
-527.540963,522.684394,1.601246
-527.711191,522.925935,1.601199
-527.882681,523.166563,1.601154
-528.055294,523.406495,1.601114
-528.228897,523.645943,1.601077
-528.403377,523.885048,1.601043
-528.578778,524.123673,1.601011
-528.755266,524.361481,1.600983
-528.932969,524.598211,1.600959
-529.111923,524.833778,1.600935
-529.292027,525.068353,1.600907
-529.473118,525.302217,1.600879
-529.655070,525.535582,1.600852
-529.837764,525.768638,1.600827
-530.021080,526.001574,1.600804
-530.204954,526.234469,1.600777
-530.389457,526.467125,1.600744
-530.574762,526.699162,1.600709
-530.761000,526.930284,1.600675
-530.948213,527.160386,1.600638
-531.136323,527.389615,1.600597
-531.325198,527.618226,1.600555
-531.514722,527.846429,1.600514
-531.704791,528.074414,1.600474
-531.895305,528.302359,1.600436
-532.086205,528.530346,1.600396
-532.277562,528.758178,1.600350
-532.469546,528.985466,1.600302
-532.662286,529.211891,1.600256
-532.855831,529.437321,1.600214
-533.050134,529.661921,1.600173
-533.245078,529.885964,1.600133
-533.440551,530.109653,1.600099
-533.636463,530.333175,1.600070
-533.832728,530.556712,1.600045
-534.029293,530.780339,1.600019
-534.226228,531.003853,1.599988
-534.423695,531.226865,1.599956
-534.621806,531.449040,1.599923
-534.820613,531.670148,1.599899
-535.020151,531.890275,1.599877
-535.220337,532.109746,1.599856
-535.421035,532.328807,1.599840
-535.622158,532.547648,1.599830
-535.823625,532.766481,1.599824
-536.025367,532.985421,1.599817
-536.227437,533.204277,1.599804
-536.429990,533.422668,1.599790
-536.633146,533.640298,1.599778
-536.836953,533.857053,1.599769
-537.041351,534.073082,1.599762
-537.246231,534.288660,1.599757
-537.451504,534.503991,1.599757
-537.657090,534.719256,1.599761
-537.862906,534.934631,1.599769
-538.068892,535.150222,1.599777
-538.275066,535.365940,1.599775
-538.481553,535.581427,1.599767
-538.688485,535.796299,1.599756
-538.895940,536.010326,1.599750
-539.103932,536.223561,1.599746
-539.312382,536.436257,1.599744
-539.521197,536.648637,1.599747
-539.730307,536.860878,1.599754
-539.939640,537.073168,1.599764
-540.149130,537.285640,1.599774
-540.358786,537.498214,1.599775
-540.568724,537.710549,1.599768
-540.779038,537.922264,1.599755
-540.989757,538.133112,1.599749
-541.200954,538.343188,1.599747
-541.412599,538.552771,1.599746
-541.624586,538.762057,1.599749
-541.836845,538.971224,1.599759
-542.049318,539.180475,1.599770
-542.261945,539.389910,1.599777
-542.474761,539.599350,1.599776
-542.687855,539.808540,1.599776
-542.901194,540.017553,1.599777
-543.114693,540.226575,1.599779
-543.328315,540.435675,1.599786
-543.542026,540.644953,1.599799
-543.755805,540.854584,1.599816
-543.969644,541.064649,1.599826
-544.183558,541.274983,1.599822
-544.397652,541.485189,1.599809
-544.612056,541.694880,1.599793
-544.826843,541.903815,1.599776
-545.041898,542.111908,1.599727
-545.256670,542.318892,1.599663
-545.470846,542.524720,1.599609
-545.684607,542.729788,1.599566
-545.898020,542.934364,1.599536
-546.111050,543.138565,1.599528
-546.323816,543.342610,1.599536
-546.536429,543.546709,1.599554
-546.748909,543.750973,1.599582
-546.961290,543.955512,1.599617
-547.173595,544.160415,1.599649
-547.385796,544.365696,1.599680
-547.597971,544.571243,1.599698
-547.810273,544.776751,1.599712
-548.022771,544.982136,1.599728
-548.235425,545.187581,1.599744
-548.448205,545.393184,1.599761
-548.661102,545.599002,1.599782
-548.874099,545.805134,1.599795
-549.087218,546.011426,1.599795
-549.300586,546.217460,1.599789
-549.514347,546.422933,1.599785
-549.728579,546.627828,1.599784
-549.943245,546.832335,1.599789
-550.158289,547.036698,1.599795
-550.373626,547.241086,1.599802
-550.589159,547.445623,1.599808
-550.804902,547.650240,1.599806
-551.020957,547.854628,1.599800
-551.237335,548.058703,1.599794
-551.453902,548.262662,1.599782
-551.670543,548.466621,1.599785
-551.887333,548.670793,1.599795
-552.104266,548.875392,1.599803
-552.321221,549.080468,1.599810
-552.538183,549.285916,1.599807
-552.755280,549.491414,1.599793
-552.972644,549.696590,1.599777
-553.190306,549.901323,1.599765
-553.408200,550.105772,1.599756
-553.626246,550.310108,1.599752
-553.844398,550.514477,1.599757
-554.062611,550.719057,1.599764
-554.280800,550.923969,1.599774
-554.498922,551.129253,1.599780
-554.717030,551.334744,1.599775
-554.935264,551.540056,1.599761
-555.153711,551.744834,1.599747
-555.372400,551.949008,1.599740
-555.591315,552.152780,1.599735
-555.810357,552.356331,1.599731
-556.029427,552.559785,1.599737
-556.248518,552.763375,1.599749
-556.467585,552.967276,1.599761
-556.686563,553.171523,1.599772
-556.905505,553.375965,1.599771
-557.124506,553.580308,1.599769
-557.343578,553.784556,1.599773
-557.562694,553.988937,1.599779
-557.781824,554.193538,1.599785
-558.000908,554.398381,1.599791
-558.219914,554.603436,1.599789
-558.438944,554.808430,1.599779
-558.658043,555.013182,1.599772
-558.877141,555.217859,1.599771
-559.096221,555.422643,1.599775
-559.315296,555.627611,1.599780
-559.534281,555.832811,1.599783
-559.753159,556.038149,1.599780
-559.972098,556.243355,1.599775
-560.191137,556.448363,1.599770
-560.410142,556.653333,1.599767
-560.629065,556.858367,1.599769
-560.847912,557.063545,1.599778
-561.066656,557.269017,1.599789
-561.285277,557.474821,1.599793
-561.503854,557.680701,1.599786
-561.722466,557.886365,1.599779
-561.941086,558.091888,1.599775
-562.159655,558.297437,1.599775
-562.378166,558.503072,1.599778
-562.596593,558.708881,1.599788
-562.814896,558.914997,1.599798
-563.033036,559.121469,1.599807
-563.251013,559.328225,1.599808
-563.468932,559.534989,1.599799
-563.686872,559.741532,1.599793
-563.904808,559.947961,1.599791
-564.122692,560.154428,1.599790
-564.340508,560.360982,1.599794
-564.558202,560.567697,1.599795
-564.775673,560.774619,1.599802
-564.992948,560.981852,1.599814
-565.210062,561.189462,1.599816
-565.427008,561.397259,1.599810
-565.643927,561.604917,1.599801
-565.860895,561.812361,1.599795
-566.077846,562.019749,1.599793
-566.294773,562.227201,1.599797
-566.511677,562.434776,1.599800
-566.728459,562.642531,1.599806
-566.945074,562.850548,1.599816
-567.161530,563.058893,1.599824
-567.377796,563.267569,1.599828
-567.593916,563.476428,1.599822
-567.810042,563.685098,1.599808
-568.026268,563.893384,1.599800
-568.242584,564.101465,1.599797
-568.458962,564.309509,1.599796
-568.675379,564.517577,1.599800
-568.891764,564.725766,1.599804
-569.108036,564.934167,1.599811
-569.324169,565.142841,1.599820
-569.540146,565.351845,1.599830
-569.755934,565.561220,1.599838
-569.971529,565.770927,1.599837
-570.187024,565.980682,1.599824
-570.402577,566.190122,1.599811
-570.618228,566.399204,1.599800
-570.833918,566.608096,1.599794
-571.049628,566.816904,1.599792
-571.265332,567.025700,1.599795
-571.480972,567.234616,1.599804
-571.696542,567.443786,1.599816
-571.912020,567.653266,1.599825
-572.127339,567.863040,1.599829
-572.342527,568.072955,1.599823
-572.557744,568.282704,1.599815
-572.773054,568.492210,1.599811
-572.988403,568.701639,1.599807
-573.203734,568.911055,1.599804
-573.418999,569.120479,1.599807
-573.634176,569.330056,1.599816
-573.849265,569.539916,1.599825
-574.064245,569.750087,1.599835
-574.279082,569.960575,1.599840
-574.493810,570.171229,1.599831
-574.708526,570.381681,1.599817
-574.923279,570.591831,1.599809
-575.138051,570.801881,1.599803
-575.352813,571.011919,1.599801
-575.567553,571.221986,1.599806
-575.782251,571.432222,1.599814
-575.996861,571.642715,1.599820
-576.211331,571.853461,1.599827
-576.425637,572.064494,1.599835
-576.639760,572.275858,1.599841
-576.853694,572.487497,1.599837
-577.067519,572.699119,1.599823
-577.281357,572.910427,1.599809
-577.495171,573.121425,1.599791
-577.708879,573.332213,1.599787
-577.922604,573.542968,1.599790
-578.136386,573.753830,1.599795
-578.350136,573.964866,1.599804
-578.563823,574.176145,1.599816
-578.777440,574.387728,1.599825
-578.990957,574.599579,1.599824
-579.204427,574.811416,1.599813
-579.417962,575.022948,1.599802
-579.631524,575.234188,1.599781
-579.844977,575.445211,1.599774
-580.058444,575.656207,1.599775
-580.271980,575.867332,1.599775
-580.485478,576.078637,1.599783
-580.698914,576.290202,1.599794
-580.912296,576.502095,1.599802
-581.125585,576.714263,1.599800
-581.338824,576.926439,1.599792
-581.552090,577.138437,1.599787
-581.765362,577.350372,1.599784
-581.978598,577.562357,1.599783
-582.191789,577.774412,1.599787
-582.404908,577.986608,1.599794
-582.617917,578.199026,1.599803
-582.830807,578.411709,1.599812
-583.043557,578.624662,1.599817
-583.256167,578.837760,1.599811
-583.468777,579.050649,1.599799
-583.681530,579.263066,1.599786
-583.894356,579.475047,1.599769
-584.107140,579.686680,1.599767
-584.320010,579.898184,1.599771
-584.533001,580.109743,1.599775
-584.745996,580.321427,1.599785
-584.958973,580.533333,1.599799
-585.171929,580.745544,1.599810
-585.384817,580.958016,1.599811
-585.597700,581.170472,1.599803
-585.810702,581.382637,1.599795
-586.023791,581.594546,1.599781
-586.236824,581.806267,1.599775
-586.449851,582.017912,1.599778
-586.662928,582.229655,1.599781
-586.875967,582.441576,1.599788
-587.088932,582.653733,1.599800
-587.301826,582.866180,1.599807
-587.514651,583.078808,1.599802
-587.727500,583.291277,1.599793
-587.940462,583.503431,1.599787
-588.153502,583.715434,1.599784
-588.366577,583.927404,1.599784
-588.579671,584.139381,1.599789
-588.792742,584.351472,1.599796
-589.005736,584.563772,1.599804
-589.218618,584.776314,1.599813
-589.431361,584.989124,1.599822
-589.643933,585.202231,1.599829
-589.856341,585.415548,1.599823
-590.068691,585.628748,1.599809
-590.281049,585.841554,1.599791
-590.493333,586.053997,1.599783
-590.705585,586.266289,1.599782
-590.917887,586.478555,1.599785
-591.130196,586.690871,1.599794
-591.342469,586.903354,1.599806
-591.554690,587.116076,1.599815
-591.766808,587.329023,1.599820
-591.978843,587.542041,1.599816
-592.190967,587.754789,1.599806
-592.403269,587.967059,1.599796
-592.615698,588.178983,1.599795
-592.828259,588.390770,1.599797
-593.040955,588.602511,1.599802
-593.253714,588.814310,1.599811
-593.466478,589.026295,1.599821
-593.679223,589.238494,1.599824
-593.891989,589.450705,1.599818
-594.104879,589.662632,1.599813
-594.317911,589.874290,1.599805
-594.530929,590.085762,1.599778
-594.743752,590.296966,1.599768
-594.956559,590.508186,1.599766
-595.169447,590.719698,1.599759
-595.382290,590.931434,1.599751
-595.595132,591.143164,1.599742
-595.808181,591.354605,1.599730
-596.021474,591.565648,1.599721
-596.234922,591.776439,1.599718
-596.448491,591.987130,1.599717
-596.662034,592.197688,1.599675
-596.874984,592.407714,1.599615
-597.087065,592.617087,1.599569
-597.298528,592.826143,1.599532
-597.509477,593.034997,1.599505
-597.719894,593.243628,1.599498
-597.929908,593.452172,1.599505
-598.139643,593.660751,1.599519
-598.349127,593.869394,1.599542
-598.558402,594.078162,1.599570
-598.767504,594.287120,1.599599
-598.976435,594.496289,1.599633
-599.185250,594.705749,1.599671
-599.394021,594.915595,1.599707
-599.602760,595.125810,1.599732
-599.811548,595.336151,1.599746
-600.020574,595.546228,1.599749
-600.229969,595.755721,1.599755
-600.439820,595.964617,1.599764
-600.650130,596.173137,1.599774
-600.860813,596.381461,1.599782
-601.071789,596.589736,1.599800
-601.283069,596.798222,1.599817
-601.494576,597.007061,1.599829
-601.706240,597.216199,1.599835
-601.918164,597.425370,1.599829
-602.130495,597.634206,1.599821
-602.343351,597.842453,1.599813
-602.556754,598.050057,1.599805
-602.770598,598.257189,1.599800
-602.984791,598.464101,1.599795
-603.199233,598.670961,1.599797
-603.413853,598.877970,1.599805
-603.628593,599.085320,1.599814
-603.843396,599.293065,1.599817
-604.058292,599.501008,1.599810
-604.273419,599.708767,1.599796
-604.488884,599.916023,1.599779
-604.704676,600.122692,1.599767
-604.920730,600.328968,1.599759
-605.136963,600.535054,1.599752
-605.353282,600.741081,1.599754
-605.569651,600.947249,1.599763
-605.786028,601.153736,1.599776
-606.002382,601.360601,1.599782
-606.218742,601.567646,1.599777
-606.435239,601.774476,1.599766
-606.651988,601.980768,1.599753
-606.869000,602.186440,1.599744
-607.086223,602.391678,1.599740
-607.303602,602.596705,1.599742
-607.521092,602.801703,1.599750
-607.738631,603.006854,1.599765
-607.956178,603.212335,1.599783
-608.173693,603.418211,1.599790
-608.391180,603.624265,1.599787
-608.608778,603.830108,1.599777
-608.826615,604.035432,1.599764
-609.044695,604.240155,1.599756
-609.262970,604.444474,1.599754
-609.481396,604.648621,1.599754
-609.699889,604.852743,1.599760
-609.918378,605.057013,1.599774
-610.136835,605.261618,1.599787
-610.355246,605.466554,1.599791
-610.573669,605.671528,1.599785
-610.792153,605.876330,1.599782
-611.010657,606.081118,1.599785
-611.229156,606.286085,1.599789
-611.447629,606.491283,1.599795
-611.665986,606.696761,1.599798
-611.884150,606.902512,1.599798
-612.102244,607.108361,1.599793
-612.320350,607.314160,1.599790
-612.538409,607.520034,1.599793
-612.756402,607.726128,1.599797
-612.974320,607.932474,1.599803
-613.192105,608.139106,1.599806
-613.409761,608.345906,1.599797
-613.627404,608.552544,1.599786
-613.845075,608.758951,1.599780
-614.062716,608.965329,1.599777
-614.280300,609.171784,1.599777
-614.497804,609.378360,1.599785
-614.715209,609.585211,1.599795
-614.932464,609.792415,1.599801
-615.149557,609.999875,1.599799
-615.366588,610.207296,1.599789
-615.583629,610.414470,1.599784
-615.800676,610.621541,1.599783
-616.017690,610.828663,1.599780
-616.234623,611.035857,1.599786
-616.451470,611.243263,1.599795
-616.668194,611.450994,1.599802
-616.884776,611.658976,1.599800
-617.101320,611.866912,1.599793
-617.317920,612.074623,1.599789
-617.534549,612.282242,1.599788
-617.751157,612.489910,1.599789
-617.967724,612.697680,1.599794
-618.184193,612.905638,1.599802
-618.400513,613.113887,1.599812
-618.616656,613.322479,1.599822
-618.832594,613.531437,1.599831
-619.048354,613.740718,1.599828
-619.264030,613.949998,1.599815
-619.479709,614.159034,1.599806
-619.695386,614.367962,1.599801
-619.911023,614.576923,1.599797
-620.126590,614.785928,1.599797
-620.342040,614.995053,1.599802
-620.557344,615.204424,1.599811
-620.772500,615.414114,1.599820
-620.987484,615.624140,1.599829
-621.202307,615.834444,1.599826
-621.417069,616.044711,1.599814
-621.631850,616.254693,1.599806
-621.846649,616.464533,1.599801
-622.061442,616.674391,1.599800
-622.276225,616.884314,1.599804
-622.490957,617.094389,1.599810
-622.705574,617.304707,1.599817
-622.920032,617.515297,1.599824
-623.134305,617.726190,1.599833
-623.348391,617.937441,1.599840
-623.562281,618.148992,1.599835
-623.776050,618.360528,1.599822
-623.989884,618.571716,1.599809
-624.203839,618.782556,1.599800
-624.417846,618.993221,1.599795
-624.631887,619.203813,1.599796
-624.845952,619.414422,1.599800
-625.059971,619.625168,1.599807
-625.273894,619.836142,1.599818
-625.487727,620.047421,1.599829
-625.701430,620.259016,1.599832
-625.915024,620.470749,1.599826
-626.128653,620.682298,1.599816
-626.342353,620.893580,1.599809
-626.556057,621.104758,1.599806
-626.769761,621.315944,1.599806
-626.983457,621.527194,1.599812
-627.197101,621.738624,1.599820
-627.410653,621.950327,1.599829
-627.624083,622.162325,1.599838
-627.837355,622.374620,1.599839
-628.050483,622.587025,1.599828
-628.263602,622.799201,1.599817
-628.476794,623.011094,1.599808
-628.690000,623.222863,1.599801
-628.903169,623.434567,1.599799
-629.116306,623.646275,1.599804
-629.329400,623.858140,1.599813
-629.542414,624.070253,1.599822
-629.755317,624.282638,1.599832
-629.968087,624.495313,1.599836
-630.180757,624.708113,1.599827
-630.393431,624.920676,1.599815
-630.606163,625.132931,1.599807
-630.818922,625.345072,1.599801
-631.031633,625.557131,1.599785
-631.244178,625.769034,1.599782
-631.456635,625.981014,1.599787
-631.669076,626.193260,1.599788
-631.881474,626.405649,1.599784
-632.093933,626.617892,1.599778
-632.306552,626.829829,1.599771
-632.519258,627.041574,1.599771
-632.732017,627.253298,1.599776
-632.944845,627.465099,1.599781
-633.157650,627.677023,1.599785
-633.370332,627.889120,1.599796
-633.582925,628.101500,1.599807
-633.795426,628.314199,1.599810
-634.007839,628.527016,1.599804
-634.220313,628.739581,1.599792
-634.432947,628.951726,1.599784
-634.645707,629.163631,1.599781
-634.858563,629.375460,1.599782
-635.071492,629.587278,1.599786
-635.284426,629.799186,1.599791
-635.497284,630.011269,1.599800
-635.710046,630.223595,1.599811
-635.922703,630.436229,1.599821
-636.135209,630.649200,1.599830
-636.347554,630.862445,1.599828
-636.559833,631.075680,1.599816
-636.772160,631.288623,1.599807
-636.984535,631.501340,1.599801
-637.196922,631.713986,1.599797
-637.409295,631.926589,1.599795
-637.621607,632.139199,1.599800
-637.833831,632.351954,1.599807
-638.045949,632.564929,1.599816
-638.257942,632.778155,1.599826
-638.469786,632.991671,1.599835
-638.681448,633.205479,1.599838
-638.892952,633.419429,1.599832
-639.104440,633.633193,1.599821
-639.316001,633.846632,1.599813
-639.527555,634.059846,1.599780
-639.738695,634.272541,1.599716
-639.949040,634.484362,1.599660
-640.158713,634.695585,1.599614
-640.367861,634.906472,1.599578
-640.576481,635.117015,1.599561
-640.784661,635.327317,1.599560
-640.992537,635.537550,1.599569
-641.200185,635.747796,1.599587
-641.407648,635.958108,1.599612
-641.614953,636.168560,1.599641
-641.822141,636.379229,1.599674
-642.029258,636.590181,1.599707
-642.236316,636.801458,1.599740
-642.443310,637.013091,1.599768
-642.650256,637.225023,1.599786
-642.857279,637.436992,1.599794
-643.064523,637.648751,1.599802
-643.271997,637.860396,1.599812
-643.479671,638.072111,1.599823
-643.687578,638.283863,1.599828
-643.895819,638.495405,1.599829
-644.104453,638.706626,1.599835
-644.313459,638.917740,1.599843
-644.522792,639.128939,1.599851
-644.732427,639.340235,1.599855
-644.942423,639.551445,1.599853
-645.152898,639.762250,1.599846
-645.363930,639.972401,1.599839
-645.575496,640.181920,1.599829
-645.787454,640.390998,1.599815
-645.999666,640.599799,1.599812
-646.212143,640.808601,1.599814
-646.424832,641.017625,1.599816
-646.637609,641.226957,1.599821
-646.850490,641.436566,1.599819
-647.063607,641.646152,1.599806
-647.277060,641.855324,1.599790
-647.490901,642.063906,1.599778
-647.705095,642.272019,1.599766
-647.919514,642.479839,1.599758
-648.134082,642.687539,1.599761
-648.348789,642.895357,1.599768
-648.563562,643.103459,1.599777
-648.778335,643.311899,1.599784
-648.993164,643.520508,1.599779
-649.208180,643.728902,1.599767
-649.423481,643.936757,1.599756
-649.639090,644.144020,1.599748
-649.854950,644.350883,1.599745
-650.070985,644.557556,1.599746
-650.287127,644.764205,1.599752
-650.503309,644.971010,1.599764
-650.719461,645.178118,1.599778
-650.935548,645.385586,1.599786
-651.151620,645.593227,1.599782
-651.367802,645.800649,1.599772
-651.584202,646.007537,1.599761
-651.800844,646.213844,1.599754
-652.017668,646.419765,1.599750
-652.234595,646.625499,1.599751
-652.451563,646.831207,1.599759
-652.668529,647.037082,1.599773
-652.885441,647.243279,1.599788
-653.102264,647.449842,1.599798
-653.319053,647.656585,1.599795
-653.535942,647.863119,1.599785
-653.753044,648.069104,1.599774
-653.970425,648.274391,1.599766
-654.188051,648.479108,1.599759
-654.405793,648.683465,1.599750
-654.623536,648.887622,1.599754
-654.841318,649.091865,1.599765
-655.059114,649.296419,1.599777
-655.276849,649.501332,1.599787
-655.494579,649.706436,1.599787
-655.712432,649.911409,1.599782
-655.930415,650.116167,1.599779
-656.148449,650.320914,1.599780
-656.366484,650.525784,1.599782
-656.584469,650.730844,1.599790
-656.802349,650.936231,1.599802
-657.020092,651.142052,1.599812
-657.237736,651.348217,1.599809
-657.455390,651.554363,1.599797
-657.673179,651.760103,1.599781
-657.891200,651.965193,1.599768
-658.109466,652.169634,1.599759
-658.327909,652.373657,1.599754
-658.546441,652.577479,1.599753
-658.764989,652.781268,1.599760
-658.983511,652.985238,1.599774
-659.201974,653.189556,1.599787
-659.420372,653.394162,1.599788
-659.638789,653.598717,1.599782
-659.857361,653.802872,1.599773
-660.076168,654.006480,1.599767
-660.295174,654.209658,1.599765
-660.514302,654.412640,1.599767
-660.733494,654.615616,1.599773
-660.952667,654.818739,1.599783
-661.171737,655.022157,1.599799
-661.390711,655.225990,1.599809
-661.609645,655.430072,1.599804
-661.828627,655.633986,1.599792
-662.047772,655.837435,1.599782
-662.267137,656.040393,1.599775
-662.486659,656.243046,1.599772
-662.706261,656.445601,1.599775
-662.925892,656.648237,1.599784
-663.145491,656.851126,1.599796
-663.364991,657.054409,1.599812
-663.584355,657.258167,1.599825
-663.803597,657.462317,1.599825
-664.022817,657.666506,1.599812
-664.242141,657.870343,1.599796
-664.461634,658.073654,1.599782
-664.681254,658.276543,1.599774
-664.900930,658.479237,1.599772
-665.120630,658.681932,1.599775
-665.340285,658.884783,1.599782
-665.559808,659.087923,1.599797
-665.779196,659.291491,1.599811
-665.998487,659.495434,1.599811
-666.217764,659.699398,1.599801
-666.437152,659.903006,1.599788
-666.656726,660.106100,1.599778
-666.876454,660.308788,1.599772
-667.096265,660.511291,1.599772
-667.316106,660.713790,1.599777
-667.535911,660.916444,1.599786
-667.755610,661.119412,1.599801
-667.975189,661.322790,1.599810
-668.194702,661.526407,1.599806
-668.414261,661.729876,1.599795
-668.633968,661.932893,1.599784
-668.853854,662.135421,1.599777
-669.073857,662.337654,1.599774
-669.293912,662.539805,1.599777
-669.513965,662.742041,1.599783
-669.733915,662.944493,1.599787
-669.953645,663.147251,1.599802
-670.173200,663.350490,1.599822
-670.392619,663.554308,1.599832
-670.611903,663.758517,1.599827
-670.831169,663.962719,1.599813
-671.050561,664.166557,1.599795
-671.270144,664.369820,1.599780
-671.489903,664.572553,1.599770
-671.709776,664.774999,1.599766
-671.929694,664.977370,1.599765
-672.149581,665.179817,1.599773
-672.369393,665.382531,1.599787
-672.589106,665.585646,1.599798
-672.808742,665.789040,1.599797
-673.028407,665.992361,1.599790
-673.248160,666.195463,1.599787
-673.467945,666.398524,1.599786
-673.687707,666.601701,1.599789
-673.907415,666.805077,1.599797
-674.127017,667.008790,1.599809
-674.346456,667.212962,1.599820
-674.565734,667.417547,1.599820
-674.784944,667.622247,1.599812
-675.004147,667.826858,1.599806
-675.223296,668.031519,1.599803
-675.442330,668.236378,1.599801
-675.661214,668.441474,1.599805
-675.879917,668.646918,1.599814
-676.098404,668.852823,1.599822
-676.316633,669.059160,1.599820
-676.534655,669.265684,1.599809
-676.752626,669.472044,1.599795
-676.970615,669.678154,1.599785
-677.188579,669.884193,1.599781
-677.406490,670.090292,1.599783
-677.624323,670.296539,1.599789
-677.842009,670.503079,1.599800
-678.059482,670.710020,1.599808
-678.276734,670.917287,1.599803
-678.493827,671.124544,1.599788
-678.710841,671.331507,1.599778
-678.927829,671.538272,1.599774
-679.144753,671.745064,1.599774
-679.361565,671.951993,1.599780
-679.578234,672.159183,1.599794
-679.794718,672.366791,1.599808
-680.010975,672.574849,1.599813
-680.227015,672.783147,1.599807
-680.442861,672.991484,1.599802
-680.658442,673.199924,1.599794
-680.873663,673.408580,1.599797
-681.088597,673.617626,1.599807
-681.303237,673.827227,1.599820
-681.517462,674.037485,1.599837
-681.731205,674.248492,1.599857
-681.944433,674.460326,1.599875
-682.157093,674.673017,1.599891
-682.369152,674.886572,1.599904
-682.580607,675.100995,1.599914
-682.791448,675.316256,1.599918
-683.001675,675.532305,1.599921
-683.211317,675.749120,1.599920
-683.420392,675.966655,1.599914
-683.628893,676.184827,1.599904
-683.836830,676.403560,1.599892
-684.044226,676.622775,1.599877
-684.251116,676.842380,1.599860
-684.457564,677.062251,1.599841
-684.663665,677.282236,1.599821
-684.869539,677.502163,1.599801
-685.075332,677.721840,1.599785
-685.281230,677.941058,1.599773
-685.487440,678.159578,1.599769
-685.694170,678.377161,1.599774
-685.901621,678.593593,1.599790
-686.109992,678.808694,1.599818
-686.319468,679.022328,1.599853
-686.530185,679.234386,1.599891
-686.742212,679.444701,1.599931
-686.955578,679.653000,1.599968
-687.170301,679.859045,1.600006
-687.386467,680.062789,1.600043
-687.604153,680.264256,1.600074
-687.823369,680.463446,1.600097
-688.044091,680.660396,1.600109
-688.266284,680.855204,1.600108
-688.489902,681.048063,1.600094
-688.714902,681.239333,1.600069
-688.941234,681.429442,1.600033
-689.168790,681.618674,1.599998
-689.397534,681.807061,1.599970
-689.627493,681.994526,1.599942
-689.858623,682.180988,1.599914
-690.090870,682.366349,1.599891
-690.324222,682.550509,1.599872
-690.558667,682.733385,1.599855
-690.794176,682.914916,1.599841
-691.030729,683.095055,1.599831
-691.268314,683.273766,1.599823
-691.506924,683.451019,1.599819
-691.746557,683.626788,1.599819
-691.987222,683.801049,1.599821
-692.228935,683.973777,1.599827
-692.471711,684.144941,1.599835
-692.715565,684.314500,1.599847
-692.960522,684.482375,1.599863
-693.206629,684.648408,1.599890
-693.454032,684.812282,1.599966
-693.703261,684.973371,1.600132
-693.955169,685.130806,1.600387
-694.210474,685.283823,1.600736
-694.469716,685.431840,1.601152
-694.733268,685.574387,1.601567
-695.001152,685.711073,1.601912
-695.273014,685.841528,1.602162
-695.548430,685.965479,1.602314
-695.827049,686.082778,1.602372
-696.108516,686.193321,1.602357
-696.392501,686.297007,1.602288
-696.678750,686.393793,1.602169
-696.967035,686.483731,1.602010
-697.257145,686.566928,1.601826
-697.548906,686.643507,1.601620
-697.842192,686.713633,1.601408
-698.137035,686.777521,1.601201
-698.433580,686.835413,1.600991
-698.731854,686.887569,1.600770
-699.031763,686.934273,1.600537
-699.333180,686.975840,1.600288
-699.635913,687.012610,1.600024
-699.939733,687.044938,1.599757
-700.244448,687.073192,1.599496
-700.549854,687.097715,1.599252
-700.855722,687.118806,1.599034
-701.161832,687.136716,1.598849
-701.467963,687.151617,1.598703
-701.773903,687.163619,1.598593
-702.079483,687.172860,1.598509
-702.384589,687.179579,1.598447
-702.689148,687.184040,1.598405
-702.993141,687.186488,1.598381
-703.296639,687.187178,1.598372
-703.599731,687.186354,1.598379
-703.902518,687.184221,1.598403
-704.205175,687.180958,1.598445
-704.507911,687.176718,1.598500
-704.810844,687.171631,1.598564
-705.114055,687.165830,1.598632
-705.417627,687.159466,1.598697
-705.721598,687.152691,1.598756
-706.025975,687.145666,1.598809
-706.330800,687.138544,1.598856
-706.636146,687.131448,1.598896
-706.942021,687.124514,1.598919
-707.248299,687.117941,1.598925
-707.554810,687.111941,1.598921
-707.861405,687.106695,1.598909
-708.167929,687.102373,1.598894
-708.474246,687.099122,1.598882
-708.780285,687.097044,1.598873
-709.086014,687.096212,1.598867
-709.391406,687.096668,1.598863
-709.696452,687.098411,1.598861
-710.001160,687.101397,1.598859
-710.305516,687.105559,1.598855
-710.609464,687.110800,1.598852
-710.912961,687.117117,1.598861
-711.216019,687.124755,1.598884
-711.518599,687.134137,1.598919
-711.820513,687.145702,1.598964
-712.121579,687.159856,1.599044
-712.421679,687.177220,1.599169
-712.720439,687.198619,1.599324
-713.017471,687.224645,1.599504
-713.312616,687.255647,1.599701
-713.605819,687.291913,1.599918
-713.897046,687.333864,1.600206
-714.186231,687.382263,1.600582
-714.473069,687.437989,1.601038
-714.756989,687.501781,1.601557
-715.037566,687.574162,1.602039
-715.314815,687.655396,1.602502
-715.588716,687.745786,1.602973
-715.859030,687.845723,1.603374
-716.125611,687.955344,1.603665
-716.388399,688.074538,1.603838
-716.647279,688.203094,1.603862
-716.902170,688.340670,1.603733
-717.153034,688.486816,1.603479
-717.399803,688.641071,1.603131
-717.642424,688.802971,1.602704
-717.880876,688.972003,1.602225
-718.115151,689.147649,1.601729
-718.345236,689.329441,1.601242
-718.571103,689.516959,1.600785
-718.792706,689.709826,1.600370
-719.010001,689.907706,1.600002
-719.222965,690.110288,1.599678
-719.431614,690.317283,1.599397
-719.635969,690.528401,1.599148
-719.836004,690.743315,1.598942
-720.031733,690.961805,1.598772
-720.223309,691.183666,1.598578
-720.411265,691.408506,1.598337
-720.596358,691.635828,1.598077
-720.779252,691.865167,1.597808
-720.960613,692.095948,1.597539
-721.141156,692.327478,1.597307
-721.321448,692.559212,1.597134
-721.501693,692.790741,1.596984
-721.681521,693.021372,1.596866
-721.860881,693.250959,1.596802
-722.040211,693.480064,1.596775
-722.219619,693.708895,1.596785
-722.399052,693.937476,1.596839
-722.578610,694.166096,1.596923
-722.758347,694.395000,1.597023
-722.938206,694.624261,1.597144
-723.118173,694.853970,1.597270
-723.298329,695.084055,1.597382
-723.478840,695.314153,1.597483
-723.659883,695.543963,1.597575
-723.841503,695.773423,1.597659
-724.023601,696.002705,1.597744
-724.206075,696.232061,1.597828
-724.388829,696.461686,1.597913
-724.571746,696.691713,1.597993
-724.754811,696.922079,1.598059
-724.938172,697.152470,1.598112
-725.121971,697.382578,1.598152
-725.306252,697.612236,1.598189
-725.490997,697.841572,1.598224
-725.676123,698.070885,1.598254
-725.861519,698.300406,1.598283
-726.047096,698.530331,1.598306
-726.232790,698.760713,1.598313
-726.418679,698.991288,1.598308
-726.604931,699.221722,1.598299
-726.791616,699.451856,1.598294
-726.978670,699.681797,1.598294
-727.165960,699.911759,1.598298
-727.353374,700.141910,1.598309
-727.540829,700.372423,1.598322
-727.728271,700.603333,1.598326
-727.915785,700.834355,1.598325
-728.103561,701.065158,1.598325
-728.291708,701.295586,1.598332
-728.480179,701.525728,1.598348
-728.668873,701.755818,1.598368
-728.857681,701.986022,1.598392
-729.046507,702.216494,1.598421
-729.235325,702.447302,1.598437
-729.424219,702.678179,1.598441
-729.613358,702.908775,1.598441
-729.802867,703.138901,1.598439
-729.992738,703.368542,1.598441
-730.182878,703.597918,1.598450
-730.373184,703.827282,1.598467
-730.563563,704.056824,1.598491
-730.753921,704.286649,1.598509
-730.944259,704.516606,1.598520
-731.134726,704.746419,1.598530
-731.325362,704.976101,1.598542
-731.516058,705.205877,1.598556
-731.706730,705.435867,1.598573
-731.897322,705.666143,1.598599
-732.087790,705.896777,1.598615
-732.278196,706.127543,1.598623
-732.468746,706.358080,1.598628
-732.659589,706.588133,1.598627
-732.850755,706.817534,1.598630
-733.042231,707.046396,1.598637
-733.233919,707.275016,1.598645
-733.425703,707.503624,1.598655
-733.617471,707.732366,1.598668
-733.809124,707.961416,1.598686
-734.000616,708.190904,1.598702
-734.192010,708.420725,1.598708
-734.383469,708.650537,1.598705
-734.575098,708.880012,1.598700
-734.766913,709.109055,1.598701
-734.958872,709.337850,1.598708
-735.150905,709.566639,1.598720
-735.342913,709.795555,1.598738
-735.534794,710.024728,1.598765
-735.726486,710.254313,1.598800
-735.917962,710.484392,1.598831
-736.109275,710.714807,1.598850
-736.300575,710.945191,1.598858
-736.491997,711.175209,1.598862
-736.683564,711.404739,1.598867
-736.875215,711.633933,1.598877
-737.066888,711.863028,1.598891
-737.258533,712.092206,1.598909
-737.450081,712.321633,1.598929
-737.641457,712.551448,1.598949
-737.832640,712.781674,1.598960
-738.023740,713.012085,1.598960
-738.214924,713.242320,1.598952
-738.406284,713.472089,1.598943
-738.597858,713.701326,1.598942
-738.789623,713.930251,1.598944
-738.981466,714.159087,1.598947
-739.173263,714.387965,1.598961
-739.364978,714.617111,1.598983
-739.556551,714.846705,1.599004
-739.747922,715.076726,1.599019
-739.939200,715.306946,1.599025
-740.130566,715.537031,1.599020
-740.322105,715.766682,1.599013
-740.513853,715.995824,1.599012
-740.705772,716.224661,1.599013
-740.897745,716.453417,1.599016
-741.089678,716.682255,1.599026
-741.281500,716.911354,1.599039
-741.473121,717.140856,1.599054
-741.664490,717.370828,1.599066
-741.855670,717.601148,1.599067
-742.046819,717.831467,1.599058
-742.238045,718.061425,1.599047
-742.429413,718.290853,1.599046
-742.620963,718.519892,1.599055
-742.812607,718.748777,1.599071
-743.004233,718.977679,1.599099
-743.195788,719.206785,1.599136
-743.387197,719.436264,1.599178
-743.578390,719.666200,1.599220
-743.769429,719.896485,1.599250
-743.960469,720.126783,1.599269
-744.151619,720.356751,1.599287
-744.342964,720.586250,1.599310
-744.534494,720.815389,1.599336
-744.726094,721.044390,1.599370
-744.917702,721.273484,1.599414
-745.109291,721.502899,1.599463
-745.300778,721.732793,1.599513
-745.492086,721.963225,1.599555
-745.683262,722.194045,1.599579
-745.874435,722.424877,1.599588
-746.065710,722.655399,1.599595
-746.257124,722.885548,1.599606
-746.448626,723.115501,1.599622
-746.640134,723.345470,1.599642
-746.831568,723.575607,1.599667
-747.022847,723.806061,1.599696
-747.213896,724.036944,1.599720
-747.404719,724.268165,1.599730
-747.595451,724.499409,1.599733
-747.786177,724.730517,1.599736
-747.976814,724.961609,1.599739
-748.167271,725.192800,1.599749
-748.357561,725.424220,1.599766
-748.547649,725.656012,1.599784
-748.737455,725.888263,1.599803
-748.926981,726.120949,1.599810
-749.116354,726.353809,1.599803
-749.305737,726.586471,1.599789
-749.495240,726.818702,1.599777
-749.684857,727.050529,1.599768
-749.874492,727.282143,1.599766
-750.064078,727.513742,1.599771
-750.253555,727.745489,1.599782
-750.442838,727.977533,1.599797
-750.631871,728.209979,1.599810
-750.820689,728.442747,1.599811
-751.009440,728.675511,1.599801
-751.198275,728.907946,1.599788
-751.387251,729.139923,1.599778
-751.576319,729.371583,1.599773
-751.765386,729.603134,1.599774
-751.954386,729.834745,1.599783
-752.143256,730.066588,1.599797
-752.331923,730.298812,1.599813
-752.520324,730.531477,1.599825
-752.708495,730.764487,1.599825
-752.896592,730.997523,1.599814
-753.084761,731.230277,1.599802
-753.273037,731.462733,1.599794
-753.461328,731.695058,1.599789
-753.649544,731.927388,1.599791
-753.837648,732.159886,1.599801
-754.025579,732.392715,1.599812
-754.213254,732.625954,1.599825
-754.400700,732.859574,1.599828
-754.588066,733.093305,1.599818
-754.775509,733.326789,1.599803
-754.963141,733.559801,1.599789
-755.150974,733.792338,1.599779
-755.338901,734.024593,1.599775
-755.526815,734.256788,1.599777
-755.714647,734.489103,1.599787
-755.902326,734.721723,1.599802
-756.089782,734.954781,1.599817
-756.277013,735.188242,1.599821
-756.464143,735.421812,1.599811
-756.651326,735.655145,1.599798
-756.838667,735.888095,1.599789
-757.026138,736.120765,1.599784
-757.213634,736.353357,1.599784
-757.401078,736.586038,1.599791
-757.588400,736.818961,1.599804
-757.775517,737.052271,1.599819
-757.962378,737.286045,1.599830
-758.149043,737.520141,1.599826
-758.335669,737.754212,1.599813
-758.522406,737.987953,1.599798
-758.709339,738.221223,1.599787
-758.896432,738.454120,1.599780
-759.083569,738.686872,1.599773
-759.270551,738.919510,1.599739
-759.456920,739.151664,1.599689
-759.642407,739.383223,1.599653
-759.827153,739.614562,1.599626
-760.011232,739.845863,1.599609
-760.194633,740.077169,1.599612
-760.377461,740.308666,1.599626
-760.559818,740.540518,1.599645
-760.741713,740.772749,1.599669
-760.923160,741.005397,1.599696
-761.104183,741.238515,1.599723
-761.284802,741.472125,1.599748
-761.465103,741.706158,1.599759
-761.645274,741.940305,1.599757
-761.825525,742.174222,1.599753
-762.005953,742.407836,1.599756
-762.186550,742.641364,1.599764
-762.367265,742.875008,1.599776
-762.548028,743.108884,1.599794
-762.728773,743.343122,1.599807
-762.909508,743.577629,1.599807
-763.090403,743.812086,1.599805
-763.271680,744.046293,1.599802
-763.453412,744.280156,1.599799
-763.635513,744.513765,1.599799
-763.817847,744.747354,1.599803
-764.000308,744.981142,1.599813
-764.182802,745.215297,1.599824
-764.365278,745.449857,1.599827
-764.547842,745.684580,1.599819
-764.730644,745.919147,1.599806
-764.913734,746.153409,1.599797
-765.097058,746.387499,1.599793
-765.280510,746.621647,1.599793
-765.463982,746.856018,1.599799
-765.647377,747.090764,1.599811
-765.830626,747.325984,1.599816
-766.013791,747.561516,1.599809
-766.197036,747.797014,1.599796
-766.380458,748.032291,1.599784
-766.563992,748.267431,1.599777
-766.747533,748.502615,1.599776
-766.931023,748.738000,1.599782
-767.114384,748.973727,1.599793
-767.297549,749.209875,1.599798
-767.480593,749.446278,1.599791
-767.663686,749.682598,1.599779
-767.846956,749.918575,1.599765
-768.030453,750.154125,1.599756
-768.214107,750.389390,1.599750
-768.397760,750.624551,1.599746
-768.581299,750.859759,1.599754
-768.764695,751.095259,1.599768
-768.947877,751.331214,1.599783
-769.130830,751.567597,1.599789
-769.313696,751.804150,1.599784
-769.496638,752.040555,1.599774
-769.679732,752.276647,1.599766
-769.862938,752.512519,1.599764
-770.046151,752.748373,1.599763
-770.229250,752.984329,1.599767
-770.412138,753.220511,1.599782
-770.594787,753.457138,1.599799
-770.777151,753.694312,1.599814
-770.959231,753.931950,1.599818
-771.141168,754.169766,1.599808
-771.323140,754.407427,1.599793
-771.505230,754.644749,1.599779
-771.687377,754.881788,1.599770
-771.869477,755.118742,1.599769
-772.051478,755.355816,1.599775
-772.233311,755.593156,1.599784
-772.414941,755.830780,1.599787
-772.596487,756.068469,1.599783
-772.778056,756.306031,1.599781
-772.959577,756.543588,1.599783
-773.140953,756.781333,1.599788
-773.322144,757.019348,1.599798
-773.503091,757.257725,1.599808
-773.683794,757.496430,1.599805
-773.864395,757.735142,1.599791
-774.045056,757.973546,1.599778
-774.225851,758.211574,1.599769
-774.406721,758.449376,1.599765
-774.587562,758.687146,1.599768
-774.768295,758.925051,1.599778
-774.948833,759.163255,1.599793
-775.129095,759.401895,1.599811
-775.309046,759.641018,1.599820
-775.488767,759.880433,1.599814
-775.668414,760.119784,1.599801
-775.848136,760.358813,1.599787
-776.028012,760.597442,1.599778
-776.207977,760.835804,1.599774
-776.387916,761.074124,1.599776
-776.567743,761.312579,1.599785
-776.747375,761.551324,1.599800
-776.926729,761.790501,1.599818
-777.105769,762.030167,1.599828
-777.284577,762.270132,1.599818
-777.463237,762.509970,1.599789
-777.641816,762.749342,1.599770
-777.820533,762.988332,1.599758
-777.999404,763.227141,1.599749
-778.178263,763.465922,1.599750
-778.357030,763.704864,1.599761
-778.535650,763.944162,1.599775
-778.714018,764.183934,1.599791
-778.892113,764.424156,1.599796
-779.070067,764.664566,1.599786
-779.248012,764.904818,1.599771
-779.426026,765.144761,1.599762
-779.604105,765.384526,1.599759
-779.782147,765.624313,1.599760
-779.960050,765.864268,1.599770
-780.137740,766.104535,1.599781
-780.315178,766.345137,1.599784
-780.492476,766.585855,1.599781
-780.669749,766.826510,1.599780
-780.846936,767.067222,1.599783
-781.023933,767.308162,1.599789
-781.200700,767.549410,1.599800
-781.377181,767.791068,1.599814
-781.553335,768.033181,1.599817
-781.729268,768.275521,1.599808
-781.905155,768.517747,1.599793
-782.081100,768.759673,1.599780
-782.257081,769.001348,1.599771
-782.432991,769.242939,1.599770
-782.608748,769.484628,1.599773
-782.784244,769.726527,1.599778
-782.959379,769.968746,1.599797
-783.134158,770.211489,1.599815
-783.308600,770.454775,1.599820
-783.482797,770.698328,1.599813
-783.656929,770.941822,1.599799
-783.831108,771.185052,1.599784
-784.005307,771.428039,1.599777
-784.179438,771.670992,1.599775
-784.353417,771.914082,1.599777
-784.527118,772.157373,1.599780
-784.700433,772.400964,1.599797
-784.873375,772.645085,1.599817
-785.045947,772.889806,1.599826
-785.218191,773.134929,1.599823
-785.390284,773.380134,1.599809
-785.562386,773.625160,1.599793
-785.734523,773.869924,1.599781
-785.906612,774.114574,1.599776
-786.078557,774.359296,1.599776
-786.250268,774.604209,1.599783
-786.421662,774.849450,1.599797
-786.592674,775.095154,1.599813
-786.763307,775.341344,1.599819
-786.933677,775.587794,1.599812
-787.103953,775.834176,1.599798
-787.274261,776.080269,1.599783
-787.444637,776.326026,1.599774
-787.614996,776.571610,1.599771
-787.785220,776.817234,1.599773
-787.955206,777.063029,1.599782
-788.124862,777.309133,1.599800
-788.294141,777.555734,1.599819
-788.463034,777.802857,1.599827
-788.631640,778.050259,1.599821
-788.800131,778.297633,1.599809
-788.968617,778.544797,1.599797
-789.137078,778.791787,1.599791
-789.305412,779.038787,1.599791
-789.473530,779.285965,1.599798
-789.641351,779.533456,1.599809
-789.808816,779.781313,1.599813
-789.976013,780.029370,1.599808
-790.143119,780.277358,1.599797
-790.310244,780.525085,1.599787
-790.477402,780.772532,1.599782
-790.644505,781.019882,1.599783
-790.811432,781.267355,1.599791
-790.978087,781.515113,1.599805
-791.144392,781.763285,1.599818
-791.310355,782.011807,1.599818
-791.476113,782.260410,1.599811
-791.641813,782.508889,1.599803
-791.807473,782.757228,1.599799
-791.972995,783.005588,1.599801
-792.138276,783.254162,1.599810
-792.303229,783.503100,1.599824
-792.467799,783.752477,1.599831
-792.632056,784.002146,1.599827
-792.796145,784.251838,1.599816
-792.960166,784.501371,1.599805
-793.124126,784.750734,1.599799
-793.287930,785.000108,1.599801
-793.451454,785.249708,1.599810
-793.614600,785.499692,1.599822
-793.777297,785.750130,1.599830
-793.939604,786.000893,1.599828
-794.101665,786.251747,1.599819
-794.263574,786.502521,1.599808
-794.425333,786.753200,1.599804
-794.586846,787.003968,1.599807
-794.747992,787.255034,1.599818
-794.908677,787.506553,1.599835
-795.068825,787.758651,1.599851
-795.228426,788.011289,1.599853
-795.387579,788.264228,1.599845
-795.546370,788.517261,1.599834
-795.704801,788.770377,1.599828
-795.862783,789.023733,1.599831
-796.020219,789.277502,1.599838
-796.177009,789.531780,1.599847
-796.333113,789.786564,1.599850
-796.488622,790.041726,1.599844
-796.643615,790.297077,1.599831
-796.798120,790.552481,1.599818
-796.952122,790.807956,1.599814
-797.105514,791.063706,1.599822
-797.258164,791.319995,1.599847
-797.409997,791.577135,1.599898
-797.561000,791.835581,1.599980
-797.711163,792.095814,1.600082
-797.860457,792.358140,1.600170
-798.008877,792.622485,1.600203
-798.156462,792.888393,1.600184
-798.303235,793.155419,1.600136
-798.449090,793.423372,1.600083
-798.593746,793.692279,1.600038
-798.736938,793.962230,1.600011
-798.878530,794.233393,1.600010
-799.018408,794.506011,1.600029
-799.156441,794.780262,1.600059
-799.292543,795.056239,1.600093
-799.426618,795.333945,1.600106
-799.558467,795.613120,1.600078
-799.687817,795.893233,1.600010
-799.814404,796.173691,1.599921
-799.938000,796.453947,1.599821
-800.058428,796.733453,1.599726
-800.175294,797.011440,1.599717
-800.286982,797.286137,1.599929
-800.391074,797.555107,1.600471
-800.485854,797.816185,1.601446
-800.570364,798.067511,1.602784
-800.644055,798.307586,1.604177
-800.718277,798.579658,1.605572
-800.777948,798.833802,1.606473
-800.831008,799.107784,1.606684
-800.868668,799.358536,1.606029
-800.896185,799.618589,1.604530
-800.911483,799.880263,1.602344
-800.913830,800.136699,1.599931
-800.901550,800.401711,1.597619
-800.870916,800.656773,1.596054
-800.808105,800.901414,1.595731
-800.636217,801.089155,1.597681
-800.415213,800.966095,1.597936
-800.273869,800.752213,1.594693
-800.165374,800.524227,1.593379
-800.077438,800.289638,1.594034
-800.008480,800.046570,1.596361
