x,y
0.000000,0.000000
-0.085055,0.243989
-0.193317,0.473956
-0.323036,0.714840
-0.450288,0.933345
-0.594415,1.172207
-0.732834,1.396081
-0.882001,1.632358
-1.018188,1.843736
-1.161979,2.062512
-1.313241,2.288138
-1.471904,2.520190
-1.638002,2.758443
-1.811604,3.002768
-1.962079,3.210945
-2.117925,3.423250
-2.279254,3.639646
-2.446238,3.860086
-2.619085,4.084454
-2.797864,4.312418
-2.982164,4.543308
-3.171210,4.776320
-3.364303,5.010766
-3.560844,5.246044
-3.760245,5.481600
-3.962020,5.716976
-4.165798,5.951806
-4.371271,6.185782
-4.578197,6.418644
-4.786408,6.650189
-4.995767,6.880268
-5.206100,7.108882
-5.417125,7.336304
-5.628561,7.562869
-5.840210,7.788806
-6.051919,8.014314
-6.263554,8.239570
-6.475024,8.464679
-6.686267,8.689701
-6.897229,8.914677
-7.107858,9.139609
-7.318139,9.364498
-7.528074,9.589356
-7.737639,9.814152
-7.946810,10.038841
-8.155621,10.263438
-8.364101,10.487958
-8.572243,10.712375
-8.780031,10.936644
-8.987458,11.160738
-9.194513,11.384633
-9.401193,11.608312
-9.607517,11.831778
-9.813499,12.055023
-10.019146,12.278034
-10.224464,12.500810
-10.429487,12.723378
-10.634254,12.945763
-10.838785,13.167977
-11.043102,13.390038
-11.247234,13.611974
-11.451199,13.833808
-11.655003,14.055553
-11.858656,14.277235
-12.062190,14.498896
-12.265631,14.720549
-12.468982,14.942213
-12.672254,15.163918
-12.875440,15.385676
-13.078549,15.607506
-13.281602,15.829440
-13.484612,16.051472
-13.687647,16.273419
-13.890892,16.494879
-14.094518,16.715565
-14.298534,16.935582
-14.502899,17.155167
-14.707600,17.374455
-14.912593,17.593588
-15.117828,17.812725
-15.323332,18.031778
-15.529246,18.250379
-15.735711,18.468201
-15.942813,18.685017
-16.150564,18.900768
-16.358863,19.115700
-16.567583,19.330119
-16.776633,19.544228
-16.985926,19.758222
-17.195376,19.972289
-17.404927,20.186537
-17.614585,20.400904
-17.824457,20.615070
-18.034639,20.828778
-18.245090,21.042134
-18.455740,21.255317
-18.666555,21.468404
-18.877484,21.681512
-19.088469,21.894769
-19.299471,22.108235
-19.510475,22.321916
-19.721535,22.535624
-19.932761,22.749036
-20.144160,22.962127
-20.355670,23.175076
-20.567258,23.387957
-20.778893,23.600842
-20.990513,23.813868
-21.202070,24.027122
-21.413571,24.240523
-21.625093,24.453756
-21.836694,24.666588
-22.048358,24.879135
-22.260040,25.091565
-22.471740,25.303961
-22.683448,25.516426
-22.895127,25.729078
-23.106752,25.941969
-23.318327,26.154988
-23.529891,26.367864
-23.741467,26.580480
-23.953014,26.792998
-24.164474,27.005578
-24.375798,27.218331
-24.586926,27.431425
-24.797784,27.645009
-25.008308,27.859157
-25.218438,28.073906
-25.428166,28.289299
-25.637506,28.505347
-25.846451,28.722025
-26.054999,28.939311
-26.263154,29.157184
-26.470913,29.375608
-26.678267,29.594545
-26.885209,29.813966
-27.091735,30.033839
-27.297842,30.254125
-27.503532,30.474797
-27.708815,30.695826
-27.913708,30.917187
-28.118233,31.138856
-28.322420,31.360808
-28.526301,31.583002
-28.729903,31.805389
-28.933281,32.027964
-29.136478,32.250709
-29.339517,32.473562
-29.542464,32.696476
-29.745404,32.919408
-29.948397,33.142290
-30.151507,33.365039
-30.354809,33.587594
-30.558345,33.809940
-30.762150,34.032058
-30.966274,34.253892
-31.170778,34.475376
-31.375747,34.696420
-31.581337,34.916835
-31.787742,35.136363
-31.995144,35.354751
-32.203721,35.571753
-32.413673,35.787104
-32.625183,36.000571
-32.838332,36.212049
-33.053119,36.421541
-33.269543,36.629089
-33.487601,36.834779
-33.707245,37.038695
-33.928418,37.240904
-34.151068,37.441477
-34.375138,37.640479
-34.600562,37.837973
-34.827271,38.033996
-35.055226,38.228570
-35.284428,38.421711
-35.514874,38.613396
-35.746563,38.803576
-35.979521,38.992223
-36.213782,39.179338
-36.449349,39.364980
-36.686204,39.549259
-36.924315,39.732278
-37.163654,39.914123
-37.404200,40.094862
-37.645938,40.274540
-37.888829,40.453153
-38.132826,40.630680
-38.377894,40.807100
-38.623973,40.982389
-38.870989,41.156520
-39.118876,41.329468
-39.367564,41.501198
-39.616977,41.671662
-39.867042,41.840812
-40.117741,42.008651
-40.369067,42.175187
-40.621011,42.340389
-40.873590,42.504240
-41.126838,42.666739
-41.380770,42.827864
-41.635356,42.987575
-41.890660,43.145911
-42.146770,43.302948
-42.403676,43.458719
-42.661364,43.613281
-42.919835,43.766762
-43.179048,43.919316
-43.438941,44.071074
-43.699456,44.222163
-43.960529,44.372716
-44.222080,44.522860
-44.484031,44.672711
-44.746312,44.822380
-45.008845,44.971974
-45.271552,45.121564
-45.534386,45.271133
-45.797345,45.420623
-46.060482,45.570003
-46.323665,45.719328
-46.586425,45.868891
-46.848236,46.019155
-47.108674,46.170651
-47.367489,46.323867
-47.624811,46.479043
-47.880917,46.636246
-48.135970,46.795502
-48.390066,46.956729
-48.643418,47.119868
-48.896205,47.284901
-49.148432,47.451746
-49.400084,47.620300
-49.651181,47.790507
-49.901700,47.962307
-50.151612,48.135607
-50.400912,48.310328
-50.649595,48.486390
-50.897628,48.663692
-51.144987,48.842163
-51.391652,49.021776
-51.637599,49.202495
-51.882812,49.384289
-52.127267,49.567148
-52.370920,49.751045
-52.613718,49.935965
-52.855646,50.121938
-53.096689,50.308996
-53.336821,50.497153
-53.576037,50.686447
-53.814347,50.876907
-54.051780,51.068526
-54.288375,51.261300
-54.523916,51.455222
-54.757807,51.650302
-54.989526,51.846603
-55.218868,52.044223
-55.445908,52.243234
-55.671046,52.443648
-55.894756,52.645435
-56.117390,52.848555
-56.339264,53.052929
-56.560640,53.258451
-56.781447,53.465055
-57.001193,53.672767
-57.219414,53.881649
-57.435848,54.091760
-57.650298,54.303058
-57.862921,54.515358
-58.074166,54.728412
-58.284391,54.942002
-58.493875,55.155919
-58.702902,55.370015
-58.911683,55.584207
-59.120324,55.798454
-59.328902,56.012742
-59.537512,56.227083
-59.746209,56.441492
-59.955006,56.655991
-60.163911,56.870617
-60.372934,57.085423
-60.582066,57.300461
-60.791299,57.515756
-61.000691,57.731155
-61.210363,57.946255
-61.420380,58.160727
-61.630752,58.374688
-61.841436,58.588366
-62.052353,58.801845
-62.263436,59.015246
-62.474604,59.228716
-62.685789,59.442346
-62.896966,59.656203
-63.108105,59.870347
-63.319170,60.084729
-63.530198,60.299047
-63.741344,60.513038
-63.952633,60.726778
-64.163990,60.940396
-64.375390,61.153932
-64.586819,61.367470
-64.798221,61.581120
-65.009556,61.794928
-65.220798,62.008915
-65.431911,62.223107
-65.642854,62.437498
-65.853628,62.652093
-66.064233,62.866902
-66.274650,63.081911
-66.484876,63.297109
-66.694912,63.512493
-66.904757,63.728052
-67.114409,63.943777
-67.323875,64.159664
-67.533162,64.375711
-67.742276,64.591920
-67.951226,64.808293
-68.160017,65.024826
-68.368657,65.241517
-68.577200,65.458428
-68.785773,65.675694
-68.994411,65.893353
-69.203089,66.111330
-69.411877,66.329381
-69.620937,66.547077
-69.830418,66.764039
-70.040434,66.980091
-70.251002,67.195339
-70.462050,67.410043
-70.673487,67.624408
-70.885216,67.838595
-71.097138,68.052774
-71.309169,68.267070
-71.521241,68.481538
-71.733318,68.696046
-71.945485,68.910227
-72.157889,69.123907
-72.370502,69.337222
-72.583225,69.550290
-72.796048,69.763193
-73.008949,69.976073
-73.221862,70.189036
-73.434751,70.402139
-73.647600,70.615435
-73.860344,70.828927
-74.072898,71.042573
-74.285330,71.256466
-74.497673,71.470634
-74.709922,71.684850
-74.922216,71.898708
-75.134721,72.111921
-75.347448,72.324533
-75.560340,72.536726
-75.773375,72.748609
-75.986416,72.960186
-76.198939,73.171106
-76.410651,73.381185
-76.621806,73.590738
-76.832536,73.799934
-77.042823,74.008741
-77.252809,74.217268
-77.462638,74.425633
-77.672352,74.633702
-77.882023,74.841123
-78.091762,75.047592
-78.301655,75.252942
-78.511771,75.457244
-78.722172,75.660783
-78.932904,75.863831
-79.144004,76.066603
-79.355497,76.269320
-79.567414,76.472127
-79.779831,76.674901
-79.992869,76.877341
-80.206626,77.079215
-80.421141,77.280447
-80.636382,77.481198
-80.852270,77.681732
-81.068738,77.882239
-81.285768,78.082696
-81.503406,78.282860
-81.721701,78.482485
-81.940678,78.681426
-82.160306,78.879725
-82.380478,79.077673
-82.601075,79.275569
-82.822021,79.473547
-83.043327,79.671475
-83.265062,79.869067
-83.487284,80.066096
-83.710018,80.262449
-83.933208,80.458276
-84.156740,80.653898
-84.380522,80.849559
-84.604481,81.045447
-84.828542,81.241740
-85.052684,81.438414
-85.276981,81.635137
-85.501520,81.831559
-85.726362,82.027444
-85.951549,82.222639
-86.177036,82.417272
-86.402712,82.611673
-86.628487,82.806091
-86.854287,83.000715
-87.080039,83.195728
-87.305730,83.391112
-87.531446,83.586537
-87.757289,83.781663
-87.983331,83.976270
-88.209601,84.170296
-88.436046,84.363954
-88.662586,84.557530
-88.889159,84.751227
-89.115706,84.945225
-89.342178,85.139651
-89.568608,85.334343
-89.795100,85.528927
-90.021742,85.723110
-90.248591,85.916724
-90.475646,86.109812
-90.702835,86.302645
-90.930084,86.495480
-91.157336,86.688500
-91.384528,86.881895
-91.611607,87.075782
-91.838578,87.270016
-92.065482,87.464288
-92.292325,87.658393
-92.519074,87.852254
-92.745672,88.045978
-92.972020,88.239867
-93.197975,88.434248
-93.423366,88.629417
-93.647983,88.825682
-93.871577,89.023332
-94.093894,89.222599
-94.314668,89.423679
-94.533617,89.626748
-94.750477,89.831934
-94.965019,90.039320
-95.177043,90.248964
-95.386381,90.460911
-95.592900,90.675184
-95.796493,90.891797
-95.997078,91.110753
-96.194581,91.332065
-96.388782,91.555852
-96.579273,91.782330
-96.765676,92.011706
-96.947676,92.244128
-97.124909,92.479728
-97.297058,92.718604
-97.464097,92.960700
-97.626242,93.205817
-97.783692,93.453747
-97.936622,93.704314
-98.085236,93.957377
-98.229607,94.212872
-98.369403,94.470865
-98.504086,94.731487
-98.633251,94.994803
-98.756568,95.260823
-98.873795,95.529500
-98.985357,95.800568
-99.092657,96.073450
-99.197185,96.347545
-99.299893,96.622445
-99.400904,96.898022
-99.499587,97.174437
-99.595216,97.451864
-99.687079,97.730422
-99.774411,98.010251
-99.856619,98.291421
-99.933490,98.573822
-100.005177,98.857291
-100.071930,99.141809
-100.133964,99.427318
-100.191498,99.713695
-100.244732,100.000881
-100.293818,100.288837
-100.338896,100.577495
-100.380149,100.866813
-100.417788,101.156781
-100.452005,101.447383
-100.482975,101.738605
-100.510846,102.030454
-100.535731,102.322944
-100.557721,102.616101
-100.576891,102.909959
-100.593326,103.204527
-100.607130,103.499824
-100.618424,103.795881
-100.627445,104.092646
-100.634686,104.389898
-100.640700,104.687381
-100.645873,104.984900
-100.650508,105.282277
-100.654878,105.579340
-100.659208,105.875937
-100.663680,106.171931
-100.668460,106.467202
-100.673687,106.761657
-100.679478,107.055232
-100.685946,107.347867
-100.693200,107.639565
-100.701346,107.930363
-100.710498,108.220251
-100.720765,108.509251
-100.732226,108.797444
-100.744924,109.084912
-100.758872,109.371714
-100.774036,109.657889
-100.790335,109.943496
-100.807655,110.228606
-100.825868,110.513278
-100.844838,110.797593
-100.864437,111.081636
-100.884544,111.365490
-100.905045,111.649234
-100.925839,111.932972
-100.946825,112.216791
-100.967903,112.500727
-100.988976,112.784821
-101.009949,113.069112
-101.030740,113.353632
-101.051276,113.638401
-101.071492,113.923457
-101.091325,114.208832
-101.110721,114.494540
-101.129636,114.780603
-101.148042,115.067055
-101.165923,115.353862
-101.183273,115.640960
-101.200096,115.928340
-101.216401,116.215999
-101.232193,116.503915
-101.247484,116.792051
-101.262292,117.080407
-101.276622,117.368942
-101.290478,117.657607
-101.303868,117.946411
-101.316803,118.235323
-101.329292,118.524287
-101.341346,118.813305
-101.352977,119.102384
-101.364189,119.391476
-101.374988,119.680594
-101.385383,119.969716
-101.395379,120.258790
-101.404980,120.547838
-101.414190,120.836901
-101.423010,121.125931
-101.431441,121.414894
-101.439482,121.703791
-101.447134,121.992618
-101.454400,122.281388
-101.461280,122.570142
-101.467778,122.858884
-101.473895,123.147621
-101.479637,123.436392
-101.485004,123.725144
-101.489994,124.013870
-101.494603,124.302645
-101.498837,124.591413
-101.502694,124.880118
-101.506177,125.168847
-101.509290,125.457606
-101.512048,125.746359
-101.514456,126.035132
-101.516505,126.323951
-101.518195,126.612794
-101.519529,126.901674
-101.520509,127.190600
-101.521135,127.479533
-101.521404,127.768454
-101.521307,128.057369
-101.520839,128.346313
-101.520004,128.635298
-101.518815,128.924305
-101.517286,129.213361
-101.515436,129.502460
-101.513270,129.791547
-101.510775,130.080636
-101.507941,130.369767
-101.504775,130.658890
-101.501282,130.947974
-101.497469,131.237055
-101.493350,131.526115
-101.488939,131.815108
-101.484244,132.104070
-101.479270,132.393015
-101.474031,132.681908
-101.468542,132.970762
-101.462813,133.259572
-101.456856,133.548310
-101.450691,133.836983
-101.444335,134.125595
-101.437806,134.414155
-101.431123,134.702674
-101.424303,134.991147
-101.417363,135.279563
-101.410317,135.567903
-101.403177,135.856175
-101.395956,136.144352
-101.388673,136.432390
-101.381354,136.720337
-101.374023,137.008235
-101.366704,137.296082
-101.359417,137.583883
-101.352178,137.871605
-101.345006,138.159243
-101.337920,138.446831
-101.330934,138.734348
-101.324065,139.021801
-101.317338,139.309218
-101.310774,139.596614
-101.304381,139.883963
-101.298169,140.171256
-101.292154,140.458525
-101.286343,140.745776
-101.280743,141.032986
-101.275358,141.320180
-101.270191,141.607369
-101.265250,141.894387
-101.260552,142.180640
-101.256103,142.465783
-101.251911,142.750057
-101.248005,143.033615
-101.244425,143.316433
-101.241200,143.598672
-101.238358,143.880521
-101.235918,144.162031
-101.233888,144.443308
-101.232257,144.724490
-101.231016,145.005644
-101.230151,145.286826
-101.229633,145.568113
-101.229431,145.849560
-101.229511,146.131184
-101.229827,146.413014
-101.230333,146.695090
-101.230984,146.977450
-101.231745,147.260121
-101.232585,147.543102
-101.233471,147.826368
-101.234374,148.109918
-101.235280,148.393769
-101.236172,148.677947
-101.237029,148.962446
-101.237840,149.247253
-101.238596,149.532358
-101.239290,149.817730
-101.239915,150.103354
-101.240460,150.389226
-101.240916,150.675313
-101.241284,150.961612
-101.241565,151.248118
-101.241764,151.534802
-101.241884,151.821632
-101.241934,152.108578
-101.241917,152.395639
-101.241840,152.682810
-101.241705,152.970035
-101.241515,153.257210
-101.241262,153.544360
-101.240925,153.831601
-101.240481,154.118927
-101.239902,154.406303
-101.239134,154.693755
-101.238105,154.981280
-101.236738,155.268867
-101.234942,155.556547
-101.232635,155.844380
-101.229749,156.132383
-101.226241,156.420551
-101.222065,156.708894
-101.217157,156.997414
-101.211479,157.286094
-101.205027,157.574922
-101.197807,157.863924
-101.189833,158.153107
-101.181151,158.442449
-101.171846,158.731953
-101.162025,159.021656
-101.151819,159.311552
-101.141376,159.601632
-101.130867,159.891855
-101.120458,160.182132
-101.110293,160.472419
-101.100479,160.762685
-101.091063,161.052868
-101.082025,161.342923
-101.073310,161.632811
-101.064867,161.922500
-101.056650,162.212047
-101.048619,162.501507
-101.040734,162.790911
-101.032977,163.080309
-101.025356,163.369768
-101.017860,163.659357
-101.010477,163.949161
-101.003242,164.239253
-100.996204,164.529758
-100.989290,164.821014
-100.982339,165.113442
-100.975198,165.407362
-100.967724,165.702929
-100.959757,166.000287
-100.951176,166.299567
-100.941929,166.600780
-100.932489,166.903596
-100.924444,167.207276
-100.919708,167.511106
-100.919632,167.814416
-100.925072,168.116028
-100.937019,168.415277
-100.956460,168.712400
-100.984226,169.007213
-101.021363,169.299134
-101.069062,169.587702
-101.128051,169.872419
-101.197658,170.152989
-101.275236,170.429984
-101.357453,170.704421
-101.441555,170.977113
-101.525147,171.248878
-101.606018,171.520542
-101.682522,171.792738
-101.753565,172.065999
-101.818234,172.340774
-101.875583,172.617222
-101.924857,172.894354
-101.965721,173.169467
-101.998114,173.439845
-102.022210,173.703682
-102.038297,173.959335
-102.047739,174.253438
-102.048236,174.533161
-102.042078,174.800204
-102.030156,175.058218
-102.014003,175.311817
-101.995518,175.564372
-101.977547,175.815234
-101.962006,176.102131
-101.953359,176.382308
-101.952508,176.653505
-101.961408,176.913431
-101.985392,177.194597
-102.026269,177.456167
-102.093692,177.724776
-102.184383,177.962719
-102.311290,178.187995
-102.478050,178.388166
-102.683511,178.559929
-102.905800,178.693689
-103.138011,178.796905
-103.391633,178.887171
-103.636995,178.966055
-103.882656,179.041265
-104.125515,179.110303
-104.361179,179.196240
-104.154390,179.337333
-103.907956,179.400524
-103.661533,179.472291
-103.910407,179.503325
-104.160057,179.470241
-104.422676,179.437117
-104.678282,179.407387
-104.939392,179.381403
-105.197273,179.366060
-105.446767,179.384756
-105.377888,179.629685
-105.271207,179.857570
-105.165463,179.625536
-105.153865,179.375397
-105.133112,179.123536
-105.103660,178.870146
-105.065583,178.598965
-105.025422,178.341531
-104.981235,178.072784
-104.940297,177.825544
-104.898972,177.570860
-104.857226,177.308316
-104.814734,177.037351
-104.772245,176.757815
-104.741199,176.507352
-104.725339,176.253401
-104.731857,175.997779
-104.766218,175.742263
-104.830536,175.488271
-104.924652,175.236952
-105.047521,174.989485
-105.197708,174.747072
-105.346900,174.544653
-105.513784,174.348508
-105.697398,174.159614
-105.896762,173.978830
-106.110741,173.806688
-106.338036,173.643434
-106.577436,173.489533
-106.827932,173.345304
-107.088512,173.210729
-107.358325,173.085605
-107.589746,172.988131
-107.826762,172.896444
-108.069094,172.810313
-108.316547,172.729552
-108.568957,172.654030
-108.826276,172.583797
-109.088628,172.519047
-109.356141,172.459993
-109.628893,172.406862
-109.906968,172.359934
-110.190421,172.319483
-110.479301,172.285556
-110.773697,172.257921
-111.073587,172.236392
-111.378787,172.220947
-111.689055,172.211567
-111.940655,172.208455
-112.194511,172.209439
-112.449044,172.214855
-112.702269,172.224974
-112.952499,172.239939
-113.259238,172.265581
-113.557249,172.298904
-113.844674,172.339666
-114.120588,172.387497
-114.384819,172.441602
-114.637457,172.500799
-114.925496,172.577158
-115.197634,172.657983
-115.456788,172.741566
-115.707832,172.826330
-115.954785,172.910851
-116.201958,172.993298
-116.453742,173.071592
-116.713170,173.143511
-116.982410,173.206519
-117.262608,173.257900
-117.553840,173.295704
-117.804572,173.316113
-118.061966,173.326115
-118.325260,173.325666
-118.593724,173.314997
-118.866638,173.294500
-119.143240,173.264601
-119.422797,173.225768
-119.704613,173.178574
-119.987989,173.123744
-120.272308,173.062037
-120.557079,172.994209
-120.841906,172.921157
-121.126460,172.843864
-121.410494,172.763226
-121.694053,172.680070
-121.977362,172.595353
-122.260608,172.510059
-122.543948,172.424889
-122.827530,172.340398
-123.111432,172.257397
-123.395692,172.176837
-123.680381,172.099513
-123.965575,172.026126
-124.251324,171.957278
-124.537669,171.893395
-124.824635,171.834766
-125.112219,171.781591
-125.400396,171.733956
-125.689142,171.691867
-125.978438,171.655347
-126.268259,171.624405
-126.558538,171.598907
-126.849163,171.578603
-127.140009,171.563196
-127.431011,171.552362
-127.722165,171.545811
-128.013502,171.543430
-128.305075,171.545531
-128.596848,171.552531
-128.888770,171.564168
-129.180839,171.579743
-129.473027,171.598810
-129.765260,171.621020
-130.057479,171.645938
-130.349672,171.673410
-130.641702,171.704005
-130.933313,171.738668
-131.224297,171.778113
-131.514457,171.822903
-131.803554,171.873563
-132.091407,171.930455
-132.377896,171.993730
-132.662791,172.063311
-132.945459,172.138830
-133.225455,172.219968
-133.502913,172.306678
-133.777939,172.398859
-134.050542,172.496364
-134.320910,172.599138
-134.589258,172.707018
-134.855771,172.819648
-135.120914,172.936643
-135.385346,173.057575
-135.649662,173.181855
-135.914492,173.308818
-136.180312,173.437738
-136.447266,173.567793
-136.715294,173.698232
-136.984304,173.828467
-137.254139,173.958035
-137.524555,174.086608
-137.795240,174.214042
-138.065837,174.340319
-138.336027,174.465459
-138.605521,174.589506
-138.873971,174.712535
-139.140971,174.834686
-139.406273,174.956380
-139.669865,175.078434
-139.931820,175.201608
-140.192264,175.326436
-140.451318,175.453494
-140.709029,175.583353
-140.965398,175.716403
-141.220416,175.853107
-141.473980,175.994055
-141.725923,176.139671
-141.976029,176.290403
-142.223968,176.446842
-142.469215,176.609466
-142.711129,176.778690
-142.949073,176.955034
-143.182422,177.138875
-143.410700,177.330114
-143.633616,177.528351
-143.850949,177.733059
-144.062627,177.943488
-144.268741,178.159093
-144.469510,178.379179
-144.665119,178.601764
-144.855634,178.824474
-145.040631,179.047133
-145.219243,179.271044
-145.390937,179.496825
-145.555390,179.724942
-145.712157,179.956307
-145.860891,180.191637
-146.001350,180.431328
-146.133304,180.675699
-146.256769,180.924753
-146.372003,181.178108
-146.479271,181.435257
-146.578859,181.695658
-146.671168,181.958724
-146.756625,182.223869
-146.835665,182.490479
-146.908973,182.757963
-146.977550,183.025843
-147.042161,183.293143
-147.102839,183.557774
-147.159375,183.817477
-147.211592,184.070535
-147.268411,184.363252
-147.319355,184.641719
-147.365005,184.904654
-147.405587,185.151599
-147.447505,185.418582
-147.489913,185.694793
-147.532711,185.969172
-147.579043,186.234965
-147.633010,186.489347
-147.697749,186.746549
-147.767894,186.999537
-147.838924,187.243896
-147.929946,187.487345
-148.090646,187.682752
-148.317962,187.789795
-148.464697,188.009362
-148.519665,188.257671
-148.551111,188.516429
-148.571809,188.794967
-148.584206,189.074642
-148.591552,189.340990
-148.597696,189.625257
-148.603735,189.882135
-148.611173,190.150545
-148.619715,190.429840
-148.629143,190.719469
-148.639568,191.019012
-148.649112,191.275981
-148.659556,191.539496
-148.671004,191.809484
-148.683425,192.085901
-148.696730,192.368729
-148.710882,192.657941
-148.725841,192.953264
-148.741482,193.253826
-148.757674,193.558469
-148.774409,193.866240
-148.791663,194.176262
-148.809318,194.487611
-148.827249,194.799464
-148.845254,195.111021
-148.862976,195.421400
-148.880050,195.729740
-148.896195,196.035244
-148.911285,196.337321
-148.925380,196.635674
-148.938479,196.930118
-148.950478,197.220508
-148.961336,197.506833
-148.971062,197.789143
-148.979638,198.067373
-148.987000,198.341415
-148.993019,198.611195
-148.997715,198.876529
-149.001279,199.137547
-149.003778,199.395683
-149.005143,199.652984
-149.005363,199.910949
-149.004773,200.170735
-149.003928,200.433550
-149.002949,200.700184
-149.001726,200.970958
-149.000497,201.246049
-148.999562,201.525398
-148.998959,201.808583
-148.998717,202.094943
-148.998844,202.383841
-148.999053,202.674871
-148.998977,202.967680
-148.998428,203.262028
-148.997260,203.557821
-148.995109,203.854911
-148.991599,204.153174
-148.986508,204.452567
-148.979494,204.752944
-148.969966,205.053985
-148.957158,205.355240
-148.940300,205.656250
-148.918792,205.956692
-148.892158,206.256304
-148.859962,206.554791
-148.821862,206.851895
-148.777615,207.147418
-148.727093,207.441234
-148.670280,207.733333
-148.607225,208.023801
-148.538049,208.312770
-148.463071,208.600421
-148.382779,208.886958
-148.297742,209.172711
-148.208801,209.458000
-148.117164,209.742975
-148.023983,210.027722
-147.930056,210.312304
-147.836085,210.596738
-147.742784,210.881032
-147.650678,211.165191
-147.560091,211.449234
-147.471257,211.733226
-147.384301,212.017234
-147.299269,212.301319
-147.216208,212.585550
-147.135187,212.869993
-147.056267,213.154704
-146.979521,213.439729
-146.905058,213.725103
-146.832969,214.010914
-146.763261,214.297298
-146.695930,214.584345
-146.631006,214.872133
-146.568556,215.160730
-146.508693,215.450145
-146.451562,215.740285
-146.397311,216.030956
-146.346054,216.322045
-146.297685,216.613650
-146.251780,216.906159
-146.207896,217.200026
-146.165778,217.495100
-146.125206,217.790958
-146.085827,218.088060
-146.047392,218.386787
-146.009788,218.686832
-145.972882,218.987906
-145.936540,219.289919
-145.900866,219.592577
-145.866523,219.895431
-145.834802,220.198123
-145.807629,220.500460
-145.786870,220.802177
-145.773871,221.102907
-145.769758,221.402497
-145.775526,221.700972
-145.791887,221.998225
-145.819345,222.294063
-145.858220,222.588286
-145.908345,222.880671
-145.969006,223.170980
-146.039415,223.459049
-146.118944,223.744817
-146.207009,224.028185
-146.303041,224.309062
-146.406492,224.587414
-146.516814,224.863132
-146.633478,225.136048
-146.756021,225.406077
-146.884027,225.673212
-147.017105,225.937423
-147.154914,226.198712
-147.297133,226.457135
-147.443479,226.712773
-147.593690,226.965718
-147.747376,227.216274
-147.903999,227.464980
-148.063107,227.712270
-148.224484,227.958310
-148.388109,228.203005
-148.553964,228.446179
-148.722023,228.687704
-148.892300,228.927467
-149.064731,229.165460
-149.239066,229.401951
-149.415047,229.637306
-149.592534,229.871785
-149.771488,230.105396
-149.951979,230.337912
-150.134115,230.569114
-150.317924,230.798919
-150.503287,231.027524
-150.690027,231.255258
-150.877981,231.482251
-151.067129,231.708374
-151.257599,231.933412
-151.449484,232.157210
-151.642717,232.379813
-151.837135,232.601487
-152.032597,232.822488
-152.229025,233.042934
-152.426422,233.262660
-152.624882,233.481372
-152.824524,233.698901
-153.025343,233.915258
-153.227210,234.130708
-153.429976,234.345543
-153.633483,234.559950
-153.837628,234.774160
-154.042372,234.988249
-154.247764,235.201879
-154.453830,235.414580
-154.660593,235.626096
-154.868213,235.836594
-155.076675,236.046389
-155.285827,236.255707
-155.495583,236.464752
-155.705872,236.673745
-155.916589,236.882724
-156.127794,237.091429
-156.339646,237.299499
-156.552158,237.506642
-156.765364,237.712871
-156.979256,237.918495
-157.193708,238.123800
-157.408587,238.328996
-157.623783,238.534313
-157.839202,238.739989
-158.054767,238.946060
-158.270499,239.152223
-158.486451,239.358260
-158.702542,239.564321
-158.918725,239.770632
-159.135007,239.977299
-159.351289,240.184405
-159.567453,240.392069
-159.783451,240.600388
-159.999227,240.809411
-160.214686,241.019140
-160.429757,241.229555
-160.644398,241.440617
-160.858567,241.652267
-161.072265,241.864464
-161.285534,242.077176
-161.498387,242.290309
-161.710861,242.503784
-161.923026,242.717548
-162.134918,242.931501
-162.346616,243.145576
-162.558219,243.359755
-162.769759,243.573998
-162.981270,243.788286
-163.192799,244.002624
-163.404340,244.217010
-163.615871,244.431470
-163.827394,244.646060
-164.038886,244.860807
-164.250302,245.075727
-164.461608,245.290842
-164.672770,245.506160
-164.883721,245.721655
-165.094399,245.937314
-165.304810,246.153185
-165.514955,246.369325
-165.724781,246.585768
-165.934241,246.802558
-166.143313,247.019747
-166.351966,247.237390
-166.560165,247.455527
-166.767889,247.674180
-166.975167,247.893396
-167.182010,248.113158
-167.388475,248.333392
-167.594806,248.553738
-167.801388,248.773569
-168.008394,248.992666
-168.215749,249.211264
-168.423423,249.429506
-168.631418,249.647434
-168.839663,249.865161
-169.048125,250.082803
-169.256825,250.300402
-169.465722,250.517945
-169.674779,250.735418
-169.884022,250.952822
-170.093465,251.170140
-170.303122,251.387349
-170.513023,251.604410
-170.723179,251.821265
-170.933597,252.037861
-171.144306,252.254178
-171.355277,252.470167
-171.566541,252.685842
-171.778150,252.901245
-171.990089,253.116334
-172.202372,253.331092
-172.415032,253.545531
-172.628068,253.759620
-172.841484,253.973319
-173.055306,254.186595
-173.269524,254.399384
-173.484136,254.611645
-173.699234,254.823447
-173.914883,255.034833
-174.131077,255.245753
-174.347866,255.456195
-174.565317,255.666131
-174.783486,255.875480
-175.002456,256.084191
-175.222292,256.292173
-175.443028,256.499245
-175.664733,256.705288
-175.887510,256.910241
-176.111444,257.114003
-176.336613,257.316497
-176.563070,257.517646
-176.790775,257.717163
-177.019702,257.914710
-177.249972,258.110213
-177.481727,258.303662
-177.715021,258.494946
-177.949901,258.683952
-178.186505,258.870632
-178.424936,259.054904
-178.665181,259.236647
-178.907198,259.415804
-179.150906,259.592362
-179.396182,259.766325
-179.642945,259.937779
-179.891117,260.106831
-180.140590,260.273486
-180.391201,260.437745
-180.642705,260.599937
-180.894807,260.760632
-181.147257,260.920309
-181.399919,261.079437
-181.652747,261.238579
-181.905710,261.398290
-182.158732,261.558984
-182.411703,261.720859
-182.664526,261.883836
-182.917112,262.047546
-183.169296,262.211541
-183.420989,262.375490
-183.672396,262.539249
-183.923747,262.702742
-184.175206,262.865958
-184.426972,263.028985
-184.679283,263.192099
-184.932178,263.355574
-185.185550,263.519348
-185.439314,263.683150
-185.693407,263.846815
-185.947760,264.010224
-186.202357,264.173230
-186.457161,264.335709
-186.712072,264.497603
-186.967016,264.659085
-187.221916,264.820523
-187.476683,264.982217
-187.731252,265.144378
-187.985570,265.307190
-188.239645,265.470661
-188.493475,265.634488
-188.747020,265.798335
-189.000311,265.962065
-189.253377,266.125757
-189.506167,266.289601
-189.758632,266.453765
-190.010741,266.618383
-190.262465,266.783592
-190.513806,266.949507
-190.764815,267.116128
-191.015534,267.283182
-191.265969,267.450288
-191.516162,267.617197
-191.766147,267.783865
-192.015917,267.950471
-192.265447,268.117225
-192.514702,268.284270
-192.763685,268.451777
-193.012382,268.619887
-193.260750,268.788624
-193.508820,268.957827
-193.756671,269.127166
-194.004354,269.296333
-194.251869,269.465169
-194.499220,269.633787
-194.746399,269.802432
-194.993381,269.971283
-195.240118,270.140477
-195.486597,270.310173
-195.732849,270.480509
-195.978901,270.651434
-196.224800,270.822637
-196.470587,270.993761
-196.716275,271.164565
-196.961849,271.335035
-197.207312,271.505403
-197.452641,271.675892
-197.697803,271.846656
-197.942788,272.017875
-198.187560,272.189674
-198.432115,272.362079
-198.676526,272.534898
-198.920860,272.707766
-199.165157,272.880384
-199.409423,273.052640
-199.653632,273.224681
-199.897770,273.396760
-200.141748,273.569014
-200.385149,273.741306
-200.627546,273.913476
-200.869025,274.085698
-201.109732,274.258135
-201.349690,274.430818
-201.589006,274.603828
-201.827859,274.777301
-202.066343,274.951305
-202.304479,275.125853
-202.542302,275.300977
-202.779818,275.476689
-203.017052,275.652997
-203.254070,275.829796
-203.490961,276.006714
-203.727824,276.183368
-203.964769,276.359612
-204.201848,276.535578
-204.439087,276.711516
-204.676503,276.887618
-204.914074,277.063833
-205.151835,277.239881
-205.389909,277.415522
-205.628353,277.590720
-205.867117,277.765697
-206.106138,277.940730
-206.345344,278.115999
-206.584651,278.291517
-206.824101,278.467066
-207.063796,278.642359
-207.303750,278.817162
-207.543970,278.991290
-207.784505,279.164780
-208.025321,279.337957
-208.266309,279.511127
-208.507428,279.684462
-208.748675,279.857906
-208.990044,280.031230
-209.231550,280.204261
-209.473183,280.376993
-209.714866,280.549633
-209.956522,280.722451
-210.198161,280.895691
-210.439758,281.069535
-210.681262,281.244044
-210.922664,281.419059
-211.163940,281.594448
-211.405075,281.770348
-211.646097,281.946936
-211.887040,282.124292
-212.127889,282.302504
-212.368412,282.481677
-212.608032,282.661967
-212.846175,282.843609
-213.082550,283.026752
-213.317265,283.211335
-213.550628,283.397228
-213.782931,283.584282
-214.014404,283.772057
-214.245246,283.959936
-214.475666,284.147477
-214.705854,284.334332
-214.935936,284.520117
-215.166021,284.704537
-215.396260,284.887444
-215.626798,285.068711
-215.857740,285.248207
-216.089177,285.425839
-216.321189,285.601559
-216.553829,285.775360
-216.787178,285.947289
-217.021316,286.117430
-217.256227,286.285840
-217.491888,286.452601
-217.728348,286.617852
-217.965604,286.781710
-218.203594,286.944254
-218.442281,287.105583
-218.681641,287.265797
-218.921650,287.424970
-219.162317,287.583165
-219.403639,287.740420
-219.645614,287.896756
-219.888242,288.052208
-220.131504,288.207059
-220.375314,288.361850
-220.619630,288.516863
-220.864450,288.672069
-221.109771,288.827419
-221.355626,288.982774
-221.602098,289.137887
-221.849254,289.292644
-222.097135,289.447185
-222.345758,289.601662
-222.595121,289.756146
-222.845241,289.910721
-223.096117,290.065430
-223.347715,290.220231
-223.599981,290.375034
-223.852897,290.529760
-224.106463,290.684318
-224.360683,290.838610
-224.615598,290.992558
-224.871230,291.146065
-225.127556,291.299010
-225.384566,291.451265
-225.642268,291.602699
-225.900658,291.753182
-226.159734,291.902589
-226.419504,292.050800
-226.679982,292.197701
-226.941183,292.343183
-227.203102,292.487146
-227.465732,292.629504
-227.729099,292.770211
-227.993207,292.909232
-228.258038,293.046537
-228.523589,293.182110
-228.789860,293.315932
-229.056839,293.447994
-229.324513,293.578285
-229.592874,293.706792
-229.861912,293.833491
-230.131613,293.958355
-230.401962,294.081351
-230.672942,294.202442
-230.944559,294.321511
-231.217026,294.437934
-231.490774,294.550593
-231.766143,294.658535
-232.043374,294.761056
-232.322678,294.857346
-232.604183,294.946483
-232.887912,295.027526
-233.173804,295.099574
-233.461747,295.162003
-233.751692,295.214862
-234.043541,295.258650
-234.336994,295.293811
-234.631650,295.321132
-234.927040,295.342354
-235.222687,295.359256
-235.518317,295.373178
-235.813973,295.385350
-236.109686,295.396600
-236.405279,295.407114
-236.700602,295.416877
-236.995611,295.425852
-237.290211,295.433871
-237.584279,295.440747
-237.877737,295.446400
-238.170533,295.450782
-238.462671,295.453832
-238.754177,295.455518
-239.045079,295.455828
-239.335404,295.454753
-239.625188,295.452303
-239.914474,295.448502
-240.203299,295.443373
-240.491702,295.436937
-240.779720,295.429220
-241.067386,295.420310
-241.354734,295.410812
-241.641859,295.401869
-241.928858,295.393842
-242.215758,295.386440
-242.502581,295.380317
-242.789396,295.376510
-243.076261,295.374804
-243.363189,295.374745
-243.650118,295.377103
-243.937016,295.382596
-244.224002,295.390779
-244.511095,295.401426
-244.798207,295.415009
-245.085401,295.431034
-245.372798,295.448352
-245.660412,295.466331
-245.948251,295.484488
-246.236341,295.502154
-246.524640,295.518867
-246.813112,295.534405
-247.101789,295.548536
-247.390645,295.561077
-247.679627,295.571942
-247.968712,295.581063
-248.257879,295.588384
-248.547089,295.593900
-248.836337,295.597634
-249.125661,295.599614
-249.415019,295.599891
-249.704340,295.598541
-249.993655,295.595631
-250.282954,295.591241
-250.572173,295.585740
-250.861306,295.580139
-251.150376,295.575166
-251.439383,295.570556
-251.728332,295.565939
-252.017234,295.561182
-252.306069,295.555996
-252.594812,295.550047
-252.883477,295.543182
-253.172053,295.535301
-253.460510,295.526287
-253.748831,295.516082
-254.037007,295.504673
-254.325022,295.492050
-254.612868,295.478223
-254.900541,295.463218
-255.188032,295.447049
-255.475337,295.429735
-255.762458,295.411310
-256.049391,295.391824
-256.336155,295.371640
-256.622819,295.351920
-256.909466,295.334055
-257.196149,295.319039
-257.482905,295.307696
-257.769760,295.300761
-258.056713,295.298684
-258.343755,295.301704
-258.630856,295.309958
-258.917963,295.323468
-259.205012,295.342142
-259.492004,295.365481
-259.779058,295.392314
-260.066290,295.421403
-260.353754,295.451823
-260.641493,295.482744
-260.929524,295.513406
-261.217830,295.543285
-261.506409,295.571982
-261.795243,295.599091
-262.084289,295.624269
-262.373515,295.647266
-262.662893,295.667888
-262.952385,295.686026
-263.241958,295.701656
-263.531586,295.714811
-263.821226,295.725556
-264.110847,295.733994
-264.400453,295.740240
-264.690033,295.744423
-264.979560,295.746674
-265.269013,295.747118
-265.558114,295.745934
-265.845260,295.743586
-266.127718,295.740743
-266.403373,295.737937
-266.670792,295.735543
-266.928438,295.733885
-267.223101,295.733567
-267.500890,295.735876
-267.761260,295.741400
-268.043455,295.752744
-268.303670,295.770113
-268.576046,295.798317
-268.824267,295.836632
-269.078647,295.893714
-269.335893,295.977471
-269.571569,296.085385
-269.802954,296.219779
-270.026401,296.364261
-270.245558,296.511753
-270.452832,296.654205
-270.671309,296.807174
-270.897951,296.967807
-271.130479,297.132420
-271.368892,297.297964
-271.579307,297.438787
-271.796996,297.577079
-272.024195,297.711002
-272.262886,297.838329
-272.514385,297.956999
-272.779429,298.065380
-273.057933,298.162404
-273.299899,298.234185
-273.550367,298.297661
-273.808745,298.352977
-274.074195,298.400252
-274.345782,298.439459
-274.622632,298.470636
-274.903939,298.493945
-275.188885,298.509745
-275.476683,298.518632
-275.766621,298.521345
-276.058002,298.518750
-276.350210,298.511663
-276.642785,298.500707
-276.935398,298.486363
-277.227795,298.469020
-277.519823,298.448955
-277.811475,298.426442
-278.102835,298.401801
-278.394003,298.375323
-278.685098,298.347267
-278.976289,298.317896
-279.267739,298.287455
-279.559590,298.256153
-279.852005,298.224191
-280.145125,298.191756
-280.438986,298.159018
-280.733596,298.126058
-281.028747,298.092741
-281.324066,298.058999
-281.619325,298.025294
-281.914367,297.992014
-282.208948,297.958872
-282.502844,297.925509
-282.795951,297.891771
-283.088200,297.857421
-283.379517,297.822194
-283.669881,297.785969
-283.959318,297.748664
-284.247858,297.710186
-284.535539,297.670481
-284.822399,297.629532
-285.108504,297.587317
-285.393957,297.543875
-285.679071,297.499559
-285.964264,297.455225
-286.249683,297.412016
-286.535358,297.370935
-286.821389,297.332784
-287.107822,297.298235
-287.394633,297.267768
-287.681812,297.241666
-287.969312,297.220083
-288.256994,297.203061
-288.544903,297.190262
-288.833133,297.180647
-289.121635,297.173029
-289.410366,297.166523
-289.699332,297.160345
-289.988497,297.153791
-290.277798,297.146385
-290.567195,297.137826
-290.856648,297.127868
-291.146092,297.116344
-291.435499,297.103172
-291.724866,297.088298
-292.014158,297.071689
-292.303330,297.053355
-292.592367,297.033666
-292.881275,297.013725
-293.170066,296.994766
-293.458742,296.977621
-293.747290,296.962940
-294.035686,296.951263
-294.323915,296.942867
-294.612022,296.937487
-294.900093,296.934267
-295.188191,296.932321
-295.476356,296.930974
-295.764622,296.929601
-296.053026,296.927710
-296.341711,296.925186
-296.630996,296.922305
-296.921155,296.919419
-297.212222,296.916953
-297.503945,296.915605
-297.796006,296.916075
-298.088147,296.918802
-298.380120,296.924126
-298.671700,296.932348
-298.962746,296.943623
-299.253170,296.957991
-299.542907,296.975452
-299.832024,296.995832
-300.121000,297.018518
-300.410537,297.042749
-300.701211,297.067968
-300.993407,297.093744
-301.287311,297.119739
-301.582974,297.145766
-301.880405,297.171803
-302.179609,297.198025
-302.480486,297.224724
-302.782727,297.252172
-303.085803,297.281035
-303.388904,297.312942
-303.691193,297.349725
-303.992059,297.392792
-304.290966,297.443348
-304.587428,297.502318
-304.881096,297.570105
-305.171719,297.646792
-305.459061,297.732461
-305.742945,297.827123
-306.023277,297.930595
-306.299981,298.042610
-306.572949,298.162846
-306.842086,298.290911
-307.107333,298.426380
-307.368629,298.568864
-307.625905,298.718023
-307.879142,298.873486
-308.128353,299.034853
-308.373539,299.201760
-308.614703,299.373878
-308.851858,299.550913
-309.085028,299.732596
-309.314231,299.918696
-309.539484,300.108995
-309.760803,300.303282
-309.978282,300.501323
-310.192375,300.702700
-310.403811,300.906828
-310.613200,301.113148
-310.821135,301.321107
-311.028298,301.530004
-311.235243,301.739145
-311.442332,301.948104
-311.649776,302.156807
-311.857674,302.365337
-312.066059,302.573781
-312.274960,302.782177
-312.484468,302.990308
-312.694673,303.197814
-312.905657,303.404485
-313.117466,303.610379
-313.329988,303.815757
-313.543050,304.020892
-313.756535,304.226025
-313.970333,304.431379
-314.184366,304.637000
-314.398687,304.842605
-314.613399,305.047845
-314.828547,305.252487
-315.044136,305.456438
-315.260155,305.659958
-315.476539,305.863409
-315.693172,306.066987
-315.909975,306.270805
-316.126980,306.474748
-316.344289,306.678476
-316.561979,306.881703
-316.780093,307.084293
-316.998572,307.286335
-317.217300,307.488127
-317.436192,307.689941
-317.655169,307.891966
-317.874175,308.094292
-318.093275,308.296703
-318.312588,308.498830
-318.532190,308.700431
-318.752085,308.901492
-318.972191,309.102225
-319.192390,309.302859
-319.412629,309.503621
-319.632867,309.704726
-319.853053,309.906253
-320.073240,310.107979
-320.293566,310.309523
-320.514146,310.510608
-320.735007,310.711139
-320.956078,310.911278
-321.177278,311.111293
-321.398538,311.311380
-321.619786,311.511707
-321.840989,311.712341
-322.062224,311.913036
-322.283613,312.113415
-322.505226,312.313285
-322.727045,312.512737
-322.948997,312.712005
-323.171015,312.911284
-323.393034,313.110749
-323.614976,313.310547
-323.836838,313.510664
-324.058731,313.710794
-324.280768,313.910577
-324.503019,314.109797
-324.725492,314.308484
-324.948118,314.506886
-325.170822,314.705238
-325.393550,314.903728
-325.616233,315.102536
-325.838471,315.301479
-326.059675,315.500111
-326.279943,315.698614
-326.499533,315.897285
-326.718436,316.096083
-326.936740,316.295044
-327.154628,316.494327
-327.372159,316.693972
-327.589366,316.893988
-327.806307,317.094418
-328.023025,317.295178
-328.239652,317.495950
-328.456316,317.696544
-328.673019,317.897128
-328.889750,318.097874
-329.106555,318.298789
-329.323537,318.499681
-329.540825,318.700228
-329.758548,318.900207
-329.976749,319.099674
-330.195357,319.298869
-330.414315,319.498019
-330.633571,319.697267
-330.853119,319.896547
-331.073036,320.095582
-331.293363,320.294107
-331.514139,320.491953
-331.735411,320.689026
-331.957103,320.885476
-332.179071,321.081664
-332.401194,321.277875
-332.623388,321.474352
-332.845588,321.671354
-333.067725,321.868894
-333.289810,322.066679
-333.511904,322.264438
-333.734021,322.462085
-333.956131,322.659746
-334.178222,322.857658
-334.400266,323.056019
-334.622200,323.254992
-334.844019,323.454812
-335.065680,323.655659
-335.287034,323.857588
-335.507981,324.060712
-335.728452,324.265151
-335.948338,324.470940
-336.167489,324.678084
-336.385716,324.886579
-336.602834,325.096431
-336.818666,325.307649
-337.033069,325.520271
-337.245893,325.734329
-337.456963,325.949878
-337.666086,326.167015
-337.873056,326.385836
-338.077717,326.606445
-338.279884,326.828980
-338.479098,327.053632
-338.674785,327.280694
-338.866478,327.510447
-339.053727,327.743154
-339.236073,327.979018
-339.413284,328.218055
-339.585491,328.460087
-339.752914,328.704911
-339.915694,328.952337
-340.074009,329.202207
-340.228010,329.454344
-340.377770,329.708609
-340.523364,329.964890
-340.664899,330.223072
-340.802496,330.483051
-340.936263,330.744746
-341.066280,331.008060
-341.192608,331.272881
-341.315180,331.538952
-341.433514,331.805395
-341.546989,332.071021
-341.655197,332.335005
-341.757812,332.596551
-341.854526,332.854562
-341.945111,333.108080
-342.029368,333.356537
-342.107202,333.599491
-342.192338,333.883250
-342.269293,334.157074
-342.339581,334.418851
-342.404881,334.667685
-342.476438,334.940198
-342.545316,335.191840
-342.624425,335.453071
-342.718626,335.712220
-342.838953,335.954443
-342.999092,336.164222
-343.211351,336.328740
-343.461425,336.431683
-343.719246,336.475778
-343.972487,336.474885
-344.239160,336.433229
-344.487053,336.357686
-344.739271,336.243083
-344.964614,336.107306
-345.188522,335.939670
-345.380773,335.767254
-345.567351,335.571139
-345.746771,335.352134
-345.894255,335.147138
-346.035811,334.927192
-346.171420,334.693299
-346.300958,334.446424
-346.424021,334.187404
-346.540491,333.916930
-346.632750,333.683257
-346.721012,333.442437
-346.805663,333.194734
-346.886853,332.940334
-346.964521,332.679346
-347.038499,332.411802
-347.108472,332.137737
-347.173962,331.857147
-347.234493,331.569981
-347.289655,331.276255
-347.339072,330.976068
-347.382410,330.669532
-347.412502,330.419844
-347.438361,330.166320
-347.459843,329.909114
-347.476811,329.648430
-347.489132,329.384529
-347.496708,329.117751
-347.499603,328.848530
-347.498122,328.577381
-347.492668,328.304834
-347.483592,328.031376
-347.471206,327.757435
-347.455842,327.483395
-347.437864,327.209599
-347.417666,326.936329
-347.395637,326.663712
-347.371980,326.391760
-347.346375,326.120519
-347.318039,325.850106
-347.286177,325.580600
-347.250164,325.311993
-347.209433,325.044361
-347.163420,324.777934
-347.111644,324.512985
-347.053798,324.249745
-346.989714,323.988432
-346.919290,323.729335
-346.842464,323.472804
-346.759231,323.219196
-346.669621,322.968853
-346.573655,322.722076
-346.471377,322.479112
-346.363002,322.240151
-346.248982,322.005318
-346.129861,321.774674
-346.006074,321.548246
-345.877938,321.326048
-345.745741,321.108080
-345.609814,320.894280
-345.470508,320.684435
-345.328122,320.478243
-345.146134,320.225322
-344.959955,319.977585
-344.769860,319.734783
-344.576195,319.496551
-344.380035,319.262001
-344.183504,319.029437
-343.988792,318.797105
-343.797662,318.563595
-343.611837,318.327618
-343.432912,318.088008
-343.262105,317.843869
-343.100431,317.594585
-342.948812,317.339803
-342.807930,317.079347
-342.678173,316.813275
-342.559754,316.541884
-342.452790,316.265565
-342.357224,315.984807
-342.272668,315.700186
-342.198568,315.412323
-342.134493,315.121799
-342.080147,314.829109
-342.035303,314.534698
-341.999869,314.238972
-341.973814,313.942293
-341.956991,313.644996
-341.949150,313.347402
-341.950048,313.049770
-341.959403,312.752318
-341.976868,312.455290
-342.001986,312.158865
-342.034055,311.863129
-342.072075,311.568074
-342.114981,311.273575
-342.162034,310.979363
-342.212868,310.685030
-342.267142,310.390237
-342.324481,310.094755
-342.384435,309.798575
-342.446331,309.502093
-342.509515,309.205671
-342.573544,308.909343
-342.638140,308.613266
-342.703372,308.318151
-342.769549,308.024857
-342.836659,307.733770
-342.904080,307.444752
-342.971865,307.157933
-343.042023,306.874090
-343.117093,306.594043
-343.199041,306.318547
-343.289724,306.048702
-343.390773,305.786010
-343.503184,305.531910
-343.627536,305.287452
-343.764164,305.053391
-343.913073,304.830210
-344.074060,304.618030
-344.246658,304.416742
-344.429959,304.226207
-344.622877,304.046183
-344.824429,303.876293
-345.033703,303.716147
-345.249895,303.565378
-345.472406,303.423625
-345.700846,303.290548
-345.934894,303.165873
-346.174192,303.049349
-346.418341,302.940621
-346.666921,302.839385
-346.919630,302.745542
-347.176285,302.659035
-347.436685,302.579722
-347.700642,302.507546
-347.968120,302.442607
-348.238886,302.385067
-348.511737,302.335198
-348.784996,302.293415
-349.057679,302.260191
-349.329228,302.235926
-349.598857,302.220834
-349.865930,302.215094
-350.130315,302.218953
-350.391935,302.232523
-350.650621,302.255732
-350.906278,302.288491
-351.158809,302.330674
-351.407886,302.381995
-351.653080,302.442150
-351.893931,302.510865
-352.176728,302.603951
-352.454493,302.707628
-352.730517,302.820901
-352.960373,302.922033
-353.190764,303.029058
-353.422515,303.141765
-353.655725,303.259098
-353.889592,303.379901
-354.123444,303.503398
-354.356693,303.628569
-354.588760,303.754081
-354.819578,303.878526
-355.049573,304.000393
-355.279326,304.118146
-355.509746,304.230309
-355.742039,304.335423
-355.977318,304.432032
-356.216558,304.518690
-356.460549,304.594173
-356.709621,304.657884
-356.962881,304.709945
-357.217652,304.750825
-357.470934,304.781103
-357.720380,304.801405
-358.011608,304.813569
-358.292462,304.813428
-358.565963,304.801312
-358.835968,304.777435
-359.105479,304.742226
-359.377710,304.696400
-359.654936,304.641143
-359.938373,304.577910
-360.228756,304.508419
-360.476153,304.446931
-360.728330,304.382962
-360.985074,304.317153
-361.246114,304.250104
-361.511133,304.182367
-361.779815,304.114474
-362.051805,304.046963
-362.326684,303.980353
-362.604115,303.915115
-362.883927,303.851676
-363.166061,303.790413
-363.450318,303.731626
-363.736563,303.675531
-364.024787,303.622311
-364.314878,303.572123
-364.606699,303.525085
-364.900141,303.481280
-365.195044,303.440775
-365.491243,303.403619
-365.788608,303.369824
-366.086990,303.339371
-366.386221,303.312210
-366.686098,303.288118
-366.986318,303.266577
-367.286560,303.247040
-367.586596,303.229092
-367.886258,303.212354
-368.185410,303.196488
-368.483970,303.181235
-368.781882,303.166363
-369.079048,303.151643
-369.375258,303.136880
-369.670476,303.121893
-369.964824,303.106511
-370.258266,303.090596
-370.550750,303.074037
-370.842339,303.056748
-371.133086,303.038654
-371.423012,303.019677
-371.712182,302.999751
-372.000665,302.978858
-372.288522,302.957027
-372.575867,302.934315
-372.862815,302.910816
-373.149451,302.886651
-373.435872,302.861958
-373.722176,302.836877
-374.008442,302.811558
-374.294735,302.786149
-374.581121,302.760781
-374.867620,302.735574
-375.154080,302.710638
-375.440532,302.686060
-375.727239,302.661944
-376.014217,302.638428
-376.301479,302.615762
-376.589286,302.594473
-376.877869,302.575148
-377.167299,302.558189
-377.457634,302.543927
-377.748886,302.532683
-378.040959,302.524695
-378.333834,302.520120
-378.627512,302.519062
-378.921885,302.521575
-379.216834,302.527677
-379.512277,302.537349
-379.808109,302.550528
-380.104221,302.567123
-380.400543,302.587030
-380.697036,302.610107
-380.993689,302.636163
-381.290491,302.664863
-381.587374,302.695667
-381.884225,302.728027
-382.180955,302.761492
-382.477500,302.795620
-382.773740,302.829961
-383.069542,302.864104
-383.364817,302.897659
-383.659490,302.930218
-383.953455,302.961391
-384.246851,302.991015
-384.540235,303.019317
-384.834225,303.046657
-385.129398,303.073346
-385.426432,303.099821
-385.725960,303.126621
-386.028243,303.154178
-386.333188,303.182796
-386.640537,303.212711
-386.949866,303.244052
-387.260692,303.276867
-387.510178,303.304221
-387.760248,303.332598
-388.010754,303.362034
-388.261500,303.392542
-388.512250,303.424122
-388.762769,303.456764
-389.012838,303.490442
-389.262221,303.525077
-389.510561,303.560488
-389.818798,303.605450
-390.124008,303.651032
-390.426226,303.698052
-390.725790,303.747868
-391.022931,303.801606
-391.317863,303.860378
-391.610797,303.925324
-391.901789,303.997277
-392.190736,304.076823
-392.477489,304.164468
-392.761893,304.260534
-393.043794,304.365120
-393.323095,304.478182
-393.599693,304.599509
-393.873411,304.728708
-394.144029,304.865285
-394.411388,305.008751
-394.675388,305.158745
-394.935930,305.315053
-395.192913,305.477501
-395.446191,305.645931
-395.695521,305.820233
-395.940609,306.000436
-396.180750,306.186727
-396.414245,306.379532
-396.639080,306.579443
-396.853861,306.786931
-397.057587,307.002207
-397.249333,307.225280
-397.428436,307.455946
-397.594538,307.693728
-397.747591,307.937905
-397.887963,308.187719
-398.016259,308.442447
-398.133069,308.701412
-398.238957,308.964048
-398.334478,309.229888
-398.420140,309.498525
-398.496403,309.769604
-398.563800,310.042775
-398.622872,310.317679
-398.673908,310.594126
-398.716990,310.872040
-398.752138,311.151301
-398.779295,311.431797
-398.798416,311.713359
-398.809739,311.995313
-398.813656,312.276689
-398.810397,312.556821
-398.800080,312.835318
-398.782828,313.111808
-398.758786,313.385879
-398.728138,313.657232
-398.691133,313.926289
-398.648325,314.194072
-398.600641,314.461593
-398.548921,314.729723
-398.493830,314.999144
-398.436195,315.270344
-398.376681,315.543616
-398.315458,315.819029
-398.252367,316.096479
-398.187214,316.375720
-398.119902,316.656444
-398.050476,316.938352
-397.979237,317.220553
-397.906517,317.501520
-397.832564,317.779950
-397.757819,318.054998
-397.682869,318.326316
-397.608101,318.594612
-397.533703,318.861024
-397.459823,319.126457
-397.386529,319.391795
-397.313708,319.657905
-397.241159,319.925363
-397.168920,320.194541
-397.097319,320.465688
-397.026554,320.738829
-396.956732,321.013840
-396.888192,321.290622
-396.821352,321.568929
-396.756425,321.848792
-396.693558,322.130412
-396.632912,322.413648
-396.574524,322.698335
-396.518321,322.984493
-396.464261,323.272119
-396.412325,323.561123
-396.362487,323.851404
-396.314777,324.142824
-396.269271,324.435175
-396.226028,324.728281
-396.185070,325.021975
-396.146416,325.316062
-396.110088,325.610374
-396.076113,325.904787
-396.044524,326.199181
-396.015334,326.493456
-395.988547,326.787539
-395.964164,327.081308
-395.942159,327.373960
-395.922474,327.664286
-395.905026,327.952330
-395.889579,328.238770
-395.875823,328.523900
-395.863621,328.807977
-395.853089,329.091281
-395.844391,329.373878
-395.837621,329.655799
-395.832862,329.937154
-395.830179,330.218019
-395.829580,330.498483
-395.831056,330.778664
-395.834604,331.058651
-395.840186,331.338525
-395.847719,331.618378
-395.857077,331.898282
-395.868036,332.178251
-395.880348,332.458299
-395.893784,332.738453
-395.908100,333.018717
-395.923043,333.299085
-395.938312,333.579561
-395.953181,333.860180
-395.966781,334.141014
-395.979131,334.422116
-395.990642,334.703525
-396.001445,334.985297
-396.011730,335.267466
-396.021837,335.550046
-396.031990,335.833103
-396.042319,336.116714
-396.052921,336.400895
-396.063824,336.685614
-396.075030,336.970849
-396.086567,337.256579
-396.098466,337.542772
-396.110751,337.829394
-396.123428,338.116390
-396.136473,338.403695
-396.149830,338.691257
-396.163439,338.979026
-396.177249,339.266955
-396.191213,339.555004
-396.205312,339.843145
-396.219554,340.131360
-396.233954,340.419631
-396.248495,340.707934
-396.263132,340.996243
-396.277810,341.284538
-396.292479,341.572805
-396.307094,341.861035
-396.321608,342.149226
-396.335983,342.437381
-396.350186,342.725511
-396.364188,343.013628
-396.377960,343.301749
-396.391489,343.589888
-396.404797,343.878057
-396.417909,344.166251
-396.430819,344.454483
-396.443516,344.742777
-396.455993,345.031124
-396.468225,345.319509
-396.480181,345.607927
-396.491842,345.896372
-396.503207,346.184834
-396.514307,346.473314
-396.525187,346.761814
-396.535849,347.050325
-396.546259,347.338838
-396.556399,347.627345
-396.566257,347.915848
-396.575830,348.204351
-396.584970,348.492852
-396.592910,348.781413
-396.598643,349.070112
-396.601742,349.358914
-396.601622,349.647732
-396.596970,349.936519
-396.586658,350.225215
-396.569977,350.513763
-396.546715,350.802148
-396.517543,351.090406
-396.483667,351.378614
-396.446191,351.666891
-396.406219,351.955373
-396.364936,352.244176
-396.323403,352.533408
-396.282503,352.823148
-396.242743,353.113377
-396.204227,353.403987
-396.166995,353.694867
-396.131119,353.985921
-396.096599,354.277055
-396.063426,354.568188
-396.031627,354.859262
-396.001207,355.150233
-395.972197,355.441064
-395.944728,355.731721
-395.918970,356.022167
-395.895075,356.312411
-395.873179,356.602474
-395.853383,356.892283
-395.835656,357.180879
-395.819768,357.465821
-395.805463,357.744659
-395.792530,358.015714
-395.780726,358.277483
-395.769718,358.528722
-395.756931,358.815486
-395.743944,359.085829
-395.730254,359.339426
-395.712866,359.613937
-395.693063,359.867376
-395.665364,360.140188
-395.630371,360.406772
-395.586447,360.678714
-395.540090,360.929075
-395.486507,361.196397
-395.435733,361.441229
-395.381804,361.701250
-395.326273,361.976400
-395.271013,362.265641
-395.226090,362.516244
-395.182186,362.774352
-395.138802,363.038779
-395.095696,363.308472
-395.053469,363.582569
-395.013289,363.860363
-394.976259,364.141224
-394.943404,364.424578
-394.915770,364.709919
-394.894121,364.996895
-394.878748,365.285260
-394.869467,365.574639
-394.865757,365.864736
-394.866689,366.155380
-394.871307,366.446418
-394.878755,366.737543
-394.888057,367.027511
-394.898102,367.313980
-394.907705,367.594724
-394.915666,367.867842
-394.921118,368.131684
-394.923683,368.385206
-394.922930,368.675275
-394.918187,368.949862
-394.909657,369.209258
-394.895876,369.493890
-394.879937,369.761101
-394.864342,370.014825
-394.851024,370.297901
-394.846758,370.583677
-394.852750,370.843159
-394.867533,371.116329
-394.889538,371.405769
-394.913337,371.667648
-394.941271,371.942176
-394.972831,372.228714
-395.007236,372.526239
-395.037326,372.781762
-395.068065,373.043475
-395.099115,373.310594
-395.130420,373.582300
-395.161958,373.857806
-395.193738,374.136369
-395.225891,374.417307
-395.258576,374.700026
-395.291929,374.984018
-395.326113,375.268851
-395.361358,375.554194
-395.397978,375.839814
-395.436259,376.125524
-395.476400,376.411157
-395.518567,376.696568
-395.562890,376.981639
-395.609395,377.266286
-395.657919,377.550495
-395.708129,377.834322
-395.759671,378.117869
-395.812235,378.401283
-395.865569,378.684756
-395.919514,378.968486
-395.974009,379.252638
-396.029123,379.537354
-396.085213,379.822712
-396.143213,380.108465
-396.204466,380.394025
-396.270134,380.678838
-396.341190,380.962329
-396.418498,381.243810
-396.502293,381.522910
-396.592312,381.799562
-396.688447,382.073653
-396.790625,382.345087
-396.898569,382.613883
-397.011970,382.880090
-397.130547,383.143757
-397.253996,383.404969
-397.382016,383.663832
-397.514336,383.920457
-397.650680,384.174925
-397.790801,384.427307
-397.934490,384.677692
-398.081553,384.926161
-398.231802,385.172790
-398.385069,385.417654
-398.541199,385.660822
-398.700042,385.902351
-398.861458,386.142298
-399.025306,386.380720
-399.191462,386.617673
-399.359813,386.853219
-399.530158,387.087582
-399.702192,387.321136
-399.875804,387.553978
-400.051044,387.785957
-400.227883,388.016977
-400.406288,388.246991
-400.586263,388.475940
-400.767676,388.704003
-400.950263,388.931586
-401.133819,389.159005
-401.318251,389.386373
-401.503610,389.613554
-401.689996,389.840258
-401.877476,390.066252
-402.066116,390.291360
-402.255950,390.515473
-402.446861,390.738772
-402.638648,390.961617
-402.831182,391.184229
-403.024475,391.406537
-403.218632,391.628290
-403.413734,391.849288
-403.609764,392.069554
-403.806604,392.289354
-404.004142,392.508961
-404.202260,392.728455
-404.400954,392.947656
-404.600373,393.166289
-404.800642,393.384141
-405.001750,393.601149
-405.203584,393.817520
-405.406037,394.033557
-405.609032,394.249500
-405.812462,394.465528
-406.016232,394.681653
-406.220392,394.897580
-406.425061,395.112930
-406.630379,395.327578
-406.836333,395.541641
-407.042786,395.755312
-407.249648,395.968791
-407.456847,396.182262
-407.664305,396.395847
-407.872043,396.609387
-408.080211,396.822536
-408.288891,397.035010
-408.498019,397.246740
-408.707561,397.457966
-408.917501,397.668965
-409.127747,397.879883
-409.338192,398.090870
-409.548791,398.302112
-409.759505,398.513665
-409.970366,398.725311
-410.181505,398.936657
-410.393038,399.147402
-410.604982,399.357505
-410.817281,399.567163
-411.029844,399.776560
-411.242615,399.985875
-411.455542,400.195309
-411.668531,400.404985
-411.881536,400.614938
-412.094622,400.824988
-412.307865,401.034836
-412.521269,401.244542
-412.734755,401.454284
-412.948252,401.664090
-413.161757,401.874063
-413.375251,402.084361
-413.588704,402.295046
-413.802132,402.505963
-414.015642,402.716778
-414.229254,402.927349
-414.442908,403.137833
-414.656572,403.348341
-414.870230,403.558915
-415.083869,403.769690
-415.297440,403.980756
-415.510902,404.192029
-415.724363,404.403242
-415.937928,404.614161
-416.151574,404.824881
-416.365238,405.035543
-416.578885,405.246185
-416.792499,405.456924
-417.006031,405.667879
-417.219437,405.879091
-417.432684,406.090587
-417.645763,406.302428
-417.858670,406.514637
-418.071403,406.727124
-418.284051,406.939559
-418.496761,407.151582
-418.709582,407.363207
-418.922473,407.574621
-419.135402,407.785899
-419.348364,407.997152
-419.561316,408.208530
-419.774204,408.420109
-419.987003,408.631935
-420.199693,408.844067
-420.412282,409.056418
-420.624870,409.268646
-420.837554,409.480575
-421.050321,409.692389
-421.263102,409.904188
-421.475866,410.115991
-421.688584,410.327913
-421.901210,410.540064
-422.113718,410.752475
-422.326088,410.965173
-422.538292,411.178199
-422.750304,411.391524
-422.962181,411.604931
-423.174050,411.818067
-423.385652,412.030558
-423.596501,412.242095
-423.806701,412.452875
-424.016469,412.663173
-424.225778,412.873058
-424.434691,413.082653
-424.643347,413.292134
-424.851805,413.501610
-425.060105,413.711172
-425.268287,413.920899
-425.476302,414.130775
-425.684165,414.340846
-425.891987,414.551264
-426.099789,414.762044
-426.307605,414.972950
-426.515579,415.183664
-426.723800,415.394197
-426.932223,415.604725
-427.140845,415.815350
-427.349670,416.026165
-427.558608,416.237196
-427.767735,416.448277
-427.977267,416.659126
-428.187227,416.869702
-428.397505,417.080192
-428.608058,417.290734
-428.818844,417.501426
-429.029803,417.712334
-429.241001,417.923241
-429.452589,418.133753
-429.664642,418.343588
-429.877195,418.552711
-430.090209,418.761316
-430.303580,418.969637
-430.517201,419.177852
-430.731000,419.386154
-430.944899,419.594715
-431.158840,419.803626
-431.372866,420.012755
-431.587064,420.221698
-431.801447,420.430039
-432.016107,420.637728
-432.231106,420.845014
-432.446339,421.052077
-432.661717,421.259067
-432.877211,421.466201
-433.092742,421.673631
-433.308243,421.881442
-433.523732,422.089607
-433.739297,422.297797
-433.955023,422.505575
-434.171001,422.712746
-434.387251,422.919416
-434.603679,423.125775
-434.820307,423.332094
-435.037287,423.538751
-435.254614,423.745769
-435.472300,423.952773
-435.690467,424.159426
-435.909131,424.365588
-436.128154,424.571344
-436.347424,424.776924
-436.566862,424.982528
-436.786349,425.188299
-437.005794,425.394300
-437.225261,425.600344
-437.444822,425.806206
-437.664395,426.011977
-437.883908,426.217849
-438.103323,426.423877
-438.322562,426.630117
-438.541617,426.836734
-438.760489,427.043781
-438.979194,427.251040
-439.197833,427.458181
-439.416450,427.665165
-439.634999,427.872170
-439.853445,428.079271
-440.071768,428.286527
-440.289920,428.494049
-440.507840,428.701881
-440.725496,428.910037
-440.942869,429.118551
-441.159946,429.327452
-441.376709,429.536729
-441.593145,429.746372
-441.809238,429.956371
-442.024971,430.166701
-442.240350,430.377354
-442.455368,430.588302
-442.670012,430.799516
-442.884324,431.011024
-443.098341,431.222847
-443.312052,431.434955
-443.525452,431.647320
-443.738570,431.859961
-443.951430,432.072890
-444.164033,432.286089
-444.376388,432.499555
-444.588506,432.713296
-444.800393,432.927304
-445.012052,433.141568
-445.223493,433.356091
-445.434721,433.570878
-445.645738,433.785928
-445.856550,434.001240
-446.067160,434.216817
-446.277571,434.432660
-446.487784,434.648764
-446.697772,434.865080
-446.907499,435.081551
-447.117035,435.298246
-447.326432,435.515202
-447.535706,435.732280
-447.744994,435.949135
-447.954461,436.165486
-448.164132,436.381410
-448.373967,436.597092
-448.583946,436.812616
-448.794052,437.028107
-449.004238,437.243718
-449.214455,437.459469
-449.424759,437.675149
-449.635305,437.890443
-449.846144,438.105307
-450.057212,438.319936
-450.268452,438.534448
-450.479808,438.748910
-450.691220,438.963471
-450.902630,439.178246
-451.113981,439.393232
-451.325318,439.608274
-451.536761,439.823075
-451.748319,440.037574
-451.959917,440.251948
-452.171529,440.466286
-452.383132,440.680640
-452.594673,440.895118
-452.806115,441.109800
-453.017428,441.324707
-453.228553,441.539840
-453.439458,441.755223
-453.650156,441.970883
-453.860635,442.186809
-454.070871,442.402984
-454.280862,442.619405
-454.490607,442.836061
-454.700098,443.052935
-454.909336,443.270016
-455.118316,443.487281
-455.327015,443.704686
-455.535467,443.922239
-455.743709,444.139965
-455.951731,444.357855
-456.159546,444.575850
-456.367243,444.793711
-456.574918,445.011217
-456.782572,445.228470
-456.990185,445.445642
-457.197756,445.662795
-457.405269,445.880011
-457.612695,446.097409
-457.820006,446.315055
-458.027172,446.532996
-458.234153,446.751294
-458.440903,446.969994
-458.647411,447.189001
-458.853750,447.408010
-459.059990,447.626842
-459.266113,447.845644
-459.472082,448.064572
-459.677909,448.283708
-459.883580,448.503175
-460.089036,448.723081
-460.294234,448.943467
-460.499142,449.164349
-460.703727,449.385727
-460.907967,449.607569
-461.111860,449.829816
-461.315404,450.052380
-461.518620,450.275140
-461.721610,450.498003
-461.924488,450.720845
-462.127356,450.943470
-462.330408,451.165608
-462.533942,451.386874
-462.738258,451.606875
-462.943620,451.825271
-463.150300,452.041653
-463.358570,452.255541
-463.568598,452.466510
-463.780521,452.674264
-463.994447,452.878618
-464.210410,453.079442
-464.428435,453.276647
-464.648563,453.470178
-464.870825,453.659993
-465.095246,453.846056
-465.321850,454.028355
-465.550626,454.206896
-465.781559,454.381713
-466.014659,454.552862
-466.249907,454.720413
-466.487254,454.884443
-466.726658,455.045035
-466.968060,455.202253
-467.211386,455.356135
-467.456611,455.506744
-467.703714,455.654145
-467.952563,455.798364
-468.202551,455.939241
-468.453124,456.076609
-468.704497,456.210558
-468.956829,456.341187
-469.209998,456.468536
-469.464070,456.592706
-469.719182,456.713826
-469.975333,456.831983
-470.232513,456.947252
-470.490739,457.059684
-470.750019,457.169297
-471.010436,457.276144
-471.272051,457.380313
-471.534858,457.481901
-471.798870,457.581022
-472.064098,457.677795
-472.330541,457.772343
-472.598235,457.864796
-472.867205,457.955287
-473.137454,458.043951
-473.408982,458.130920
-473.681823,458.216329
-473.955989,458.300302
-474.231452,458.382946
-474.508187,458.464360
-474.786169,458.544635
-475.065349,458.623829
-475.345659,458.701967
-475.627063,458.779063
-475.909528,458.855112
-476.192979,458.930080
-476.477385,459.003945
-476.762731,459.076691
-477.048965,459.148297
-477.336032,459.218740
-477.623893,459.288002
-477.912488,459.356060
-478.201748,459.422882
-478.491647,459.488434
-478.782146,459.552676
-479.073222,459.615566
-479.364858,459.677060
-479.657020,459.737109
-479.949676,459.795659
-480.242803,459.852659
-480.536374,459.908052
-480.830365,459.961796
-481.124764,460.013861
-481.419542,460.064211
-481.714683,460.112813
-482.010188,460.159639
-482.306070,460.204668
-482.602337,460.247887
-482.898981,460.289284
-483.195999,460.328849
-483.493383,460.366578
-483.791116,460.402463
-484.089171,460.436498
-484.387531,460.468682
-484.686174,460.499026
-484.985059,460.527539
-485.284189,460.554236
-485.583570,460.579145
-485.883164,460.602296
-486.182927,460.623721
-486.482866,460.643464
-486.782981,460.661574
-487.083221,460.678100
-487.383561,460.693083
-487.684017,460.706550
-487.984574,460.718529
-488.285204,460.729055
-488.585899,460.738174
-488.886651,460.745931
-489.187442,460.752366
-489.488261,460.757525
-489.789112,460.761470
-490.089998,460.764260
-490.390923,460.765945
-490.691893,460.766576
-490.992886,460.766197
-491.293912,460.764856
-491.595019,460.762611
-491.896225,460.759513
-492.197538,460.755606
-492.498985,460.750940
-492.800588,460.745560
-493.102364,460.739511
-493.404335,460.732835
-493.706513,460.725582
-494.008878,460.717799
-494.311536,460.709530
-494.614745,460.700814
-494.918800,460.691678
-495.224009,460.682149
-495.530723,460.672275
-495.839270,460.662114
-496.149882,460.651730
-496.399964,460.643321
-496.651465,460.634884
-496.904283,460.626484
-497.158240,460.618200
-497.413112,460.610123
-497.668674,460.602361
-497.924705,460.595043
-498.180953,460.588311
-498.437125,460.582295
-498.692912,460.577112
-498.948033,460.572888
-499.202293,460.569807
-499.455649,460.568150
-499.708135,460.568225
-499.959781,460.570290
-500.210598,460.574550
-500.460701,460.581147
-500.772646,460.592658
-501.084162,460.607542
-501.395440,460.625576
-501.706628,460.646690
-502.017837,460.670724
-502.329127,460.697357
-502.578322,460.720224
-502.827796,460.744146
-503.077646,460.768769
-503.327935,460.793751
-503.578726,460.818794
-503.830020,460.843689
-504.081701,460.868334
-504.333626,460.892675
-504.585730,460.916650
-504.837991,460.940195
-505.090389,460.963257
-505.342913,460.985795
-505.595577,461.007767
-505.848410,461.029143
-506.101418,461.049900
-506.354592,461.070021
-506.607960,461.089510
-506.861575,461.108410
-507.115461,461.126831
-507.369586,461.144962
-507.623871,461.163113
-507.878213,461.181691
-508.132464,461.201186
-508.386421,461.222164
-508.639848,461.245181
-508.892526,461.270692
-509.144303,461.299089
-509.395095,461.330751
-509.644847,461.366065
-509.893503,461.405467
-510.140913,461.449517
-510.386734,461.498874
-510.691083,461.568978
-510.991456,461.649224
-511.287209,461.740120
-511.577739,461.841899
-511.862550,461.954527
-512.141280,462.077773
-512.413612,462.211300
-512.679321,462.354699
-512.938344,462.507504
-513.190524,462.669298
-513.435554,462.839760
-513.673217,463.018521
-513.903395,463.205131
-514.125984,463.399149
-514.341091,463.600137
-514.549023,463.807661
-514.750005,464.021322
-514.944199,464.240778
-515.131849,464.465778
-515.313110,464.696120
-515.488097,464.931585
-515.657096,465.171923
-515.820428,465.416876
-515.978427,465.666099
-516.131563,465.919135
-516.280275,466.175583
-516.424871,466.435115
-516.565667,466.697400
-516.703018,466.962194
-516.837183,467.229329
-516.968346,467.498656
-517.096672,467.770033
-517.222295,468.043347
-517.345308,468.318491
-517.465768,468.595316
-517.583690,468.873641
-517.699060,469.153298
-517.811874,469.434127
-517.922151,469.716021
-518.029915,469.998879
-518.135209,470.282595
-518.238087,470.567085
-518.338618,470.852274
-518.436889,471.138086
-518.532994,471.424473
-518.627026,471.711398
-518.719070,471.998808
-518.809200,472.286647
-518.897506,472.574950
-518.984082,472.863726
-519.069011,473.152935
-519.152370,473.442573
-519.234241,473.732648
-519.314690,474.023153
-519.393765,474.314085
-519.471508,474.605452
-519.547958,474.897240
-519.623142,475.189431
-519.697085,475.482055
-519.769805,475.775127
-519.841307,476.068636
-519.911581,476.362579
-519.980618,476.656962
-520.048414,476.951767
-520.114963,477.246982
-520.180258,477.542599
-520.244284,477.838609
-520.307031,478.134993
-520.368489,478.431700
-520.428628,478.728731
-520.487443,479.026132
-520.544946,479.323885
-520.601142,479.621961
-520.656037,479.920360
-520.709637,480.219071
-520.761960,480.518060
-520.813023,480.817307
-520.862840,481.116795
-520.911413,481.416501
-520.958742,481.716397
-521.004832,482.016457
-521.049677,482.316658
-521.093255,482.616976
-521.135552,482.917389
-521.176557,483.217876
-521.216267,483.518419
-521.254680,483.819005
-521.291804,484.119622
-521.327661,484.420256
-521.362276,484.720903
-521.395682,485.021561
-521.427909,485.322233
-521.458980,485.622923
-521.488923,485.923630
-521.517771,486.224353
-521.545551,486.525078
-521.572279,486.825722
-521.597962,487.125802
-521.622590,487.424743
-521.646179,487.722645
-521.668761,488.019751
-521.690365,488.316076
-521.711029,488.611735
-521.730778,488.906946
-521.749625,489.201824
-521.767585,489.496458
-521.784677,489.790948
-521.800934,490.085319
-521.816391,490.379668
-521.831054,490.674129
-521.844929,490.968741
-521.858039,491.263522
-521.870399,491.558521
-521.882028,491.853758
-521.892961,492.149231
-521.903224,492.444950
-521.912835,492.740928
-521.921811,493.037161
-521.930177,493.333647
-521.937964,493.630384
-521.945196,493.927364
-521.951893,494.224585
-521.958078,494.522040
-521.963779,494.819710
-521.969023,495.117571
-521.973839,495.415591
-521.978259,495.713717
-521.982299,496.011903
-521.985963,496.310201
-521.989266,496.608649
-521.992224,496.907230
-521.994851,497.205951
-521.997164,497.504859
-521.999185,497.804003
-522.000906,498.103379
-522.002326,498.402965
-522.003472,498.702731
-522.004356,499.002666
-522.004991,499.302787
-522.005404,499.603084
-522.005630,499.903543
-522.005694,500.204160
-522.005637,500.504918
-522.005501,500.805800
-522.005301,501.106808
-522.005056,501.407949
-522.004808,501.709217
-522.004605,502.010597
-522.004487,502.312115
-522.004466,502.613779
-522.004528,502.915558
-522.004649,503.217436
-522.004811,503.519411
-522.005011,503.821463
-522.005270,504.123559
-522.005613,504.425682
-522.006063,504.727799
-522.006620,505.029863
-522.007276,505.331885
-522.008066,505.633893
-522.009031,505.935863
-522.010172,506.237785
-522.011503,506.539667
-522.013065,506.841506
-522.014878,507.143318
-522.016970,507.445148
-522.019434,507.747042
-522.022382,508.049040
-522.025945,508.351208
-522.030348,508.653598
-522.035932,508.956191
-522.043217,509.258906
-522.052912,509.561633
-522.065794,509.864175
-522.082686,510.166279
-522.104408,510.467754
-522.131682,510.768462
-522.165017,511.068287
-522.204711,511.367231
-522.250895,511.665347
-522.303510,511.962617
-522.362403,512.258903
-522.427538,512.553828
-522.498897,512.846974
-522.576355,513.138063
-522.659776,513.426804
-522.749044,513.712883
-522.843993,513.996108
-522.944333,514.276587
-523.049542,514.554666
-523.159068,514.830699
-523.272479,515.104979
-523.389367,515.377794
-523.509341,515.649394
-523.632094,515.919952
-523.757380,516.189600
-523.884978,516.458438
-524.014687,516.726544
-524.146347,516.993969
-524.279829,517.260745
-524.415036,517.526868
-524.552021,517.792136
-524.691005,518.056127
-524.832186,518.318478
-524.975645,518.579010
-525.121285,518.837811
-525.268871,519.095093
-525.418218,519.351042
-525.569227,519.605928
-525.721744,519.860000
-525.875625,520.113374
-526.030906,520.365957
-526.187761,520.617448
-526.346319,520.867574
-526.506584,521.116291
-526.668429,521.363799
-526.831687,521.610326
-526.996215,521.856044
-527.161903,522.101159
-527.328694,522.345744
-527.496694,522.589549
-527.666073,522.832249
-527.836894,523.073713
-528.009061,523.314075
-528.182405,523.553589
-528.356792,523.792469
-528.532098,524.030897
-528.708263,524.268942
-528.885389,524.506371
-529.063635,524.742859
-529.243069,524.978260
-529.423614,525.212704
-529.605130,525.446437
-529.787493,525.679664
-529.970586,525.912575
-530.154294,526.145352
-530.338510,526.378111
-530.523155,526.610835
-530.708334,526.843351
-530.894255,527.075329
-531.080979,527.306584
-531.268413,527.537266
-531.456477,527.767565
-531.645105,527.997582
-531.834205,528.227452
-532.023688,528.457324
-532.213497,528.687271
-532.403641,528.917223
-532.594250,529.146845
-532.785506,529.375732
-532.977506,529.603670
-533.170215,529.830743
-533.363533,530.057184
-533.557386,530.283201
-533.751680,530.508958
-533.946315,530.734612
-534.141207,530.960262
-534.336332,531.185837
-534.531851,531.411104
-534.727862,531.635934
-534.924271,531.860471
-535.121007,532.084867
-535.318063,532.309203
-535.515407,532.533594
-535.713017,532.757936
-535.911022,532.981834
-536.109609,533.204943
-536.308871,533.427085
-536.508757,533.648271
-536.709158,533.868743
-536.909990,534.088760
-537.111172,534.308509
-537.312620,534.528172
-537.514277,534.747897
-537.716163,534.967612
-537.918413,535.186970
-538.121159,535.405608
-538.324468,535.623399
-538.528323,535.840513
-538.732646,536.057197
-538.937349,536.273630
-539.142350,536.489985
-539.347558,536.706420
-539.552916,536.923036
-539.758447,537.139739
-539.964291,537.356179
-540.170598,537.571992
-540.377448,537.786964
-540.584820,538.001123
-540.792622,538.214716
-541.000786,538.427988
-541.209242,538.641113
-541.417903,538.854262
-541.626698,539.067559
-541.835640,539.280933
-542.044835,539.494091
-542.254311,539.706948
-542.464000,539.919690
-542.673856,540.132436
-542.883865,540.345251
-543.093989,540.558231
-543.304254,540.771248
-543.514782,540.983894
-543.725683,541.195838
-543.937017,541.407048
-544.148762,541.617714
-544.360817,541.828009
-544.573094,542.038081
-544.785542,542.248124
-544.998109,542.458303
-545.210731,542.668684
-545.423429,542.879111
-545.636309,543.089302
-545.849391,543.299264
-546.062599,543.509193
-546.275892,543.719171
-546.489239,543.929253
-546.702610,544.139590
-546.915970,544.350233
-547.129351,544.560966
-547.342869,544.771477
-547.556538,544.981745
-547.770282,545.191925
-547.984104,545.402125
-548.197994,545.612429
-548.411892,545.822948
-548.625750,546.033750
-548.839505,546.244760
-549.053221,546.455738
-549.267031,546.666420
-549.480960,546.876861
-549.694939,547.087209
-549.908921,547.297501
-550.122897,547.507833
-550.336837,547.718340
-550.550726,547.929103
-550.764500,548.140109
-550.978036,548.351236
-551.191482,548.562320
-551.405070,548.773161
-551.618796,548.983788
-551.832578,549.194352
-552.046389,549.404899
-552.260222,549.615524
-552.474040,549.826359
-552.687803,550.037396
-552.901422,550.248247
-553.114252,550.457931
-553.325670,550.665664
-553.535969,550.871721
-553.745457,551.076523
-553.954115,551.280184
-554.162130,551.482992
-554.369788,551.685335
-554.577168,551.887381
-554.784354,552.089280
-554.991447,552.291203
-555.198407,552.493183
-555.405385,552.695436
-555.612556,552.898185
-555.819967,553.101305
-556.027732,553.304409
-556.236052,553.507189
-556.445064,553.709489
-556.654800,553.911392
-556.865194,554.113171
-557.076144,554.315051
-557.287547,554.517120
-557.499422,554.719280
-557.711911,554.921272
-557.925104,555.122827
-558.139062,555.323758
-558.353801,555.524045
-558.569208,555.723949
-558.785158,555.923807
-559.001558,556.123792
-559.218386,556.323794
-559.435693,556.523530
-559.653542,556.722854
-559.871900,556.921948
-560.090653,557.121078
-560.309705,557.320412
-560.529041,557.519956
-560.748736,557.719468
-560.968850,557.918629
-561.189387,558.117325
-561.410291,558.315757
-561.631446,558.514169
-561.852768,558.712749
-562.074197,558.911694
-562.295683,559.111076
-562.517285,559.310655
-562.739128,559.510053
-562.961271,559.708991
-563.183719,559.907409
-563.406431,560.105515
-563.629295,560.303536
-563.852195,560.501619
-564.075110,560.699990
-564.297994,560.898827
-564.520799,561.098120
-564.743604,561.297604
-564.966544,561.496902
-565.189654,561.695739
-565.412924,561.894152
-565.636334,562.092396
-565.859808,562.290650
-566.083262,562.489050
-566.306646,562.687772
-566.529906,562.886939
-566.753012,563.086594
-566.976016,563.286574
-567.199027,563.486486
-567.422141,563.685977
-567.645388,563.884955
-567.868744,564.083607
-568.092149,564.282141
-568.315541,564.480704
-568.538889,564.679487
-568.762167,564.878668
-568.985340,565.078306
-569.208430,565.278225
-569.431538,565.478035
-569.654774,565.677408
-569.878164,565.876259
-570.101651,566.074760
-570.325157,566.273115
-570.548655,566.471513
-570.772122,566.670161
-570.995505,566.869208
-571.218767,567.068712
-571.441947,567.268516
-571.665152,567.468236
-571.888480,567.667539
-572.111962,567.866351
-572.335546,568.064857
-572.559152,568.263259
-572.782731,568.461723
-573.006251,568.660439
-573.229661,568.859552
-573.452945,569.059063
-573.676173,569.258705
-573.899418,569.458166
-574.122679,569.657502
-574.345894,569.856912
-574.569015,570.056476
-574.792017,570.256291
-575.014866,570.456506
-575.237550,570.657216
-575.460063,570.858405
-575.682447,571.059811
-575.904831,571.261018
-576.127338,571.461734
-576.349987,571.661931
-576.572718,571.861807
-576.795482,572.061567
-577.018210,572.261357
-577.240822,572.461328
-577.463314,572.661662
-577.685687,572.862413
-577.907981,573.063350
-578.130298,573.264130
-578.352664,573.464727
-578.575014,573.665338
-578.797308,573.866077
-579.019510,574.067028
-579.241507,574.268264
-579.463231,574.469861
-579.684774,574.671964
-579.906156,574.874582
-580.127392,575.077413
-580.348629,575.280034
-580.570001,575.482134
-580.791537,575.683576
-581.013218,575.884512
-581.234992,576.085210
-581.456768,576.285829
-581.678455,576.486510
-581.900062,576.687484
-582.121580,576.888835
-582.343038,577.090325
-582.564562,577.291641
-582.786182,577.492776
-583.007819,577.693925
-583.229427,577.895207
-583.450979,578.096719
-583.672419,578.298592
-583.893731,578.500788
-584.115004,578.702956
-584.336370,578.904744
-584.557878,579.106081
-584.779475,579.307142
-585.001106,579.508112
-585.222729,579.709145
-585.444286,579.910407
-585.665726,580.112037
-585.887009,580.314107
-586.108109,580.516610
-586.329108,580.719321
-586.550123,580.921838
-586.771199,581.123996
-586.992309,581.325983
-587.213414,581.527976
-587.434472,581.730066
-587.655440,581.932397
-587.876273,582.135101
-588.096953,582.338149
-588.317563,582.541257
-588.538223,582.744132
-588.758927,582.946807
-588.979610,583.149477
-589.200246,583.352247
-589.420801,583.555220
-589.641224,583.758535
-589.861487,583.962250
-590.081635,584.166173
-590.301713,584.369946
-590.521713,584.573547
-590.741662,584.777239
-590.961541,584.981104
-591.181297,585.185168
-591.400915,585.389581
-591.620366,585.594418
-591.839643,585.799553
-592.058840,586.004670
-592.278031,586.209624
-592.497167,586.414564
-592.716196,586.619607
-592.935124,586.824822
-593.153918,587.030317
-593.372513,587.236159
-593.590914,587.442247
-593.809249,587.648282
-594.027595,587.854121
-594.245913,588.059916
-594.464171,588.265798
-594.682245,588.471703
-594.899554,588.677195
-595.115824,588.882148
-595.331339,589.086907
-595.546196,589.291573
-595.760376,589.496113
-595.974031,589.700678
-596.187294,589.905398
-596.400197,590.110295
-596.612794,590.315429
-596.825152,590.520880
-597.037299,590.726682
-597.249254,590.932870
-597.461041,591.139489
-597.672676,591.346556
-597.884206,591.553952
-598.095768,591.761345
-598.307474,591.968573
-598.519320,592.175800
-598.731293,592.383164
-598.943370,592.590702
-599.155519,592.798511
-599.367797,593.006563
-599.580353,593.214501
-599.793331,593.421974
-600.006822,593.628910
-600.220808,593.835486
-600.435196,594.041922
-600.649892,594.248396
-600.864813,594.455072
-601.079910,594.661914
-601.295246,594.868577
-601.510957,595.074747
-601.727084,595.280329
-601.943569,595.485487
-602.160332,595.690466
-602.377294,595.895456
-602.594368,596.100640
-602.811473,596.306186
-603.028565,596.512153
-603.245671,596.718306
-603.462893,596.924226
-603.680375,597.129631
-603.898180,597.334418
-604.116250,597.538717
-604.334504,597.742782
-604.552879,597.946818
-604.771301,598.151004
-604.989694,598.355509
-605.208024,598.560399
-605.426325,598.765446
-605.644698,598.970237
-605.863284,599.174518
-606.082119,599.378290
-606.301122,599.581743
-606.520226,599.785091
-606.739377,599.988510
-606.958517,600.192183
-607.177654,600.396318
-607.396798,600.600964
-607.615988,600.805856
-607.835315,601.010565
-608.054903,601.214793
-608.274815,601.418444
-608.494960,601.621643
-608.715209,601.824599
-608.935504,602.027515
-609.155800,602.230593
-609.376040,602.434007
-609.596182,602.637851
-609.816235,602.841986
-610.036288,603.046021
-610.256470,603.249657
-610.476820,603.452915
-610.697271,603.655990
-610.917742,603.859027
-611.138186,604.062172
-611.358539,604.265583
-611.578727,604.469355
-611.798734,604.673496
-612.018651,604.877786
-612.238551,605.081946
-612.458404,605.286045
-612.678179,605.490286
-612.897830,605.694697
-613.117316,605.899349
-613.336633,606.104389
-613.555810,606.309746
-613.774933,606.515035
-613.994080,606.720009
-614.213249,606.924821
-614.432391,607.129641
-614.651474,607.334538
-614.870447,607.539625
-615.089263,607.745041
-615.307905,607.950837
-615.526420,608.156862
-615.744909,608.362800
-615.963396,608.568586
-616.181827,608.774397
-616.400147,608.980306
-616.618299,609.186334
-616.836302,609.392664
-617.054138,609.599372
-617.271816,609.806255
-617.489462,610.013007
-617.707112,610.219587
-617.924707,610.426165
-618.142232,610.632853
-618.359660,610.839707
-618.576869,611.046775
-618.793774,611.254084
-619.010480,611.461793
-619.227008,611.669975
-619.443322,611.878498
-619.659519,612.087029
-619.875713,612.295364
-620.091880,612.503621
-620.307987,612.711951
-620.524040,612.920410
-620.739978,613.129063
-620.955731,613.337995
-621.171311,613.547293
-621.386704,613.756991
-621.601898,613.966999
-621.816987,614.176988
-622.032038,614.386694
-622.247030,614.596242
-622.461992,614.805837
-622.676933,615.015532
-622.891789,615.225393
-623.106509,615.435532
-623.321088,615.646023
-623.535494,615.856887
-623.749719,616.068045
-623.963871,616.279186
-624.178050,616.490082
-624.392223,616.700845
-624.606341,616.911610
-624.820407,617.122431
-625.034387,617.333400
-625.248210,617.544598
-625.461869,617.756091
-625.675361,617.967927
-625.888696,618.180034
-626.101975,618.392090
-626.315305,618.603878
-626.528667,618.815531
-626.742011,619.027183
-626.955316,619.238867
-627.168545,619.450676
-627.381637,619.662702
-627.594591,619.875016
-627.807401,620.087656
-628.020058,620.300544
-628.232666,620.513364
-628.445334,620.725898
-628.658041,620.938278
-628.870745,621.150647
-629.083435,621.363048
-629.296035,621.575533
-629.508438,621.788146
-629.720696,622.001014
-629.932843,622.214217
-630.144846,622.427638
-630.356797,622.640946
-630.568830,622.853956
-630.780938,623.066807
-630.993066,623.279632
-631.205206,623.492477
-631.417312,623.705431
-631.629318,623.918587
-631.841194,624.131994
-632.052914,624.345684
-632.264458,624.559701
-632.475829,624.774000
-632.687121,624.988280
-632.898481,625.202174
-633.109936,625.415650
-633.321443,625.628893
-633.533014,625.842033
-633.744636,626.055163
-633.956231,626.268396
-634.167757,626.481837
-634.379204,626.695552
-634.590534,626.909553
-634.801777,627.123669
-635.013065,627.337565
-635.224448,627.551179
-635.435872,627.764691
-635.647276,627.978153
-635.858633,628.191593
-636.069944,628.405172
-636.281167,628.618982
-636.492278,628.833042
-636.703259,629.047397
-636.914079,629.262081
-637.124715,629.477069
-637.335223,629.692161
-637.545751,629.906964
-637.756326,630.121227
-637.966809,630.334992
-638.177324,630.548579
-638.387986,630.762182
-638.598696,630.975846
-638.809398,631.189682
-639.020090,631.403798
-639.230715,631.618213
-639.441254,631.832844
-639.651822,632.047380
-639.862540,632.261496
-640.073396,632.475253
-640.284354,632.688873
-640.495386,632.902426
-640.706445,633.115997
-640.917480,633.329732
-641.128462,633.543718
-641.339356,633.757981
-641.550132,633.972518
-641.760853,634.187113
-641.971624,634.401417
-642.182447,634.615423
-642.393312,634.829359
-642.604215,635.043303
-642.815114,635.257298
-643.025959,635.471467
-643.236711,635.685883
-643.447338,635.900556
-643.657797,636.115511
-643.868050,636.330757
-644.078058,636.546269
-644.287798,636.762032
-644.497311,636.978099
-644.706611,637.194479
-644.915676,637.411138
-645.124509,637.628064
-645.333119,637.845254
-645.541502,638.062691
-645.749659,638.280363
-645.957593,638.498265
-646.165299,638.716379
-646.372769,638.934691
-646.580032,639.153209
-646.787100,639.371934
-646.993971,639.590858
-647.200652,639.809984
-647.407152,640.029316
-647.613472,640.248851
-647.819615,640.468586
-648.025589,640.688517
-648.231401,640.908637
-648.437055,641.128941
-648.642558,641.349434
-648.847911,641.570124
-649.053115,641.791010
-649.258193,642.012031
-649.463263,642.232890
-649.668492,642.453230
-649.873939,642.673056
-650.079566,642.892587
-650.285329,643.111901
-650.491186,643.331057
-650.697141,643.550270
-650.903175,643.769644
-651.109310,643.989001
-651.315689,644.208000
-651.522403,644.426520
-651.729401,644.644735
-651.936619,644.862798
-652.144011,645.080788
-652.351464,645.298782
-652.558857,645.516832
-652.766235,645.735086
-652.973612,645.953617
-653.180986,646.172228
-653.388492,646.390539
-653.596225,646.608389
-653.804119,646.825928
-654.012109,647.043286
-654.220181,647.260524
-654.428271,647.477747
-654.636299,647.695043
-654.844272,647.912505
-655.052187,648.130200
-655.260031,648.348054
-655.467910,648.565736
-655.675967,648.782939
-655.884200,648.999714
-656.092544,649.216236
-656.300978,649.432583
-656.509414,649.648799
-656.717705,649.864913
-656.925931,650.081127
-657.134163,650.297599
-657.342329,650.514281
-657.550486,650.730948
-657.758791,650.947322
-657.967255,651.163407
-658.175809,651.379363
-658.384439,651.595261
-658.593119,651.811172
-658.801783,652.027206
-659.010386,652.243430
-659.218899,652.459874
-659.427284,652.676572
-659.635509,652.893547
-659.843569,653.110757
-660.051541,653.327956
-660.259562,653.544821
-660.467669,653.761356
-660.675832,653.977737
-660.884040,654.194030
-661.092278,654.410300
-661.300499,654.626669
-661.508664,654.843209
-661.716747,655.059952
-661.924717,655.276937
-662.132552,655.494173
-662.340307,655.711472
-662.548115,655.928492
-662.756026,656.145157
-662.964000,656.361633
-663.172043,656.578022
-663.380150,656.794386
-663.588270,657.010833
-663.796363,657.227452
-664.004401,657.444280
-664.212357,657.661332
-664.420269,657.878452
-664.628267,658.095302
-664.836345,658.311766
-665.044394,658.527971
-665.252501,658.744127
-665.460706,658.960338
-665.668922,659.176663
-665.877112,659.393184
-666.085285,659.609919
-666.293485,659.826649
-666.501821,660.043071
-666.710317,660.259200
-666.918907,660.475201
-667.127576,660.691156
-667.336310,660.907147
-667.545045,661.123285
-667.753733,661.339628
-667.962399,661.556066
-668.171153,661.772288
-668.380060,661.988169
-668.589081,662.203872
-668.798178,662.419511
-669.007197,662.634990
-669.215584,662.849871
-669.423126,663.064066
-669.630073,663.277882
-669.836493,663.491396
-670.042383,663.704606
-670.247888,663.917666
-670.453124,664.130695
-670.658121,664.343724
-670.862941,664.556819
-671.067666,664.770083
-671.272349,664.983593
-671.477018,665.197398
-671.681684,665.411529
-671.886386,665.625906
-672.091253,665.840210
-672.296396,666.054247
-672.501801,666.268175
-672.707435,666.482154
-672.913283,666.696242
-673.119308,666.910540
-673.325514,667.125008
-673.532039,667.339291
-673.739055,667.553039
-673.946651,667.766145
-674.154784,667.978764
-674.363349,668.191126
-674.572258,668.403414
-674.781431,668.615798
-674.990809,668.828462
-675.200308,669.041486
-675.409838,669.254773
-675.619579,669.468151
-675.829733,669.681285
-676.040356,669.893816
-676.251513,670.105527
-676.463235,670.316437
-676.675407,670.526801
-676.887894,670.736896
-677.100605,670.946941
-677.313422,671.157144
-677.526232,671.367693
-677.738991,671.578692
-677.951725,671.789979
-678.164507,672.001198
-678.377401,672.212096
-678.590416,672.422656
-678.803502,672.633046
-679.016597,672.843449
-679.229636,673.054034
-679.442529,673.264967
-679.655191,673.476402
-679.867571,673.688478
-680.079606,673.901292
-680.291244,674.114862
-680.502522,674.328954
-680.713555,674.543130
-680.924457,674.757038
-681.135303,674.970515
-681.346099,675.183673
-681.556814,675.396743
-681.767415,675.609909
-681.977861,675.823320
-682.188109,676.037122
-682.398121,676.251410
-682.607869,676.466225
-682.817325,676.681578
-683.026470,676.897430
-683.235317,677.113698
-683.443904,677.330275
-683.652264,677.546996
-683.860475,677.763670
-684.068712,677.980154
-684.277119,678.196243
-684.485822,678.411680
-684.695015,678.626218
-684.904906,678.839595
-685.115659,679.051539
-685.327416,679.261832
-685.540283,679.470353
-685.754269,679.677006
-685.969382,679.881727
-686.185749,680.084507
-686.403434,680.285250
-686.622431,680.483855
-686.842796,680.680341
-687.064613,680.874811
-687.287909,681.067429
-687.512673,681.258392
-687.738871,681.447810
-687.966436,681.635700
-688.195307,681.822095
-688.425439,682.007040
-688.656827,682.190675
-688.889492,682.373456
-689.123409,682.555950
-689.358518,682.738494
-689.594778,682.921043
-689.832154,683.103296
-690.070593,683.284946
-690.310031,683.465701
-690.550484,683.645319
-690.791973,683.823612
-691.034467,684.000408
-691.277961,684.175555
-691.522477,684.348920
-691.768042,684.520355
-692.014698,684.689631
-692.262604,684.856355
-692.512353,685.019861
-692.764809,685.179313
-693.020656,685.334033
-693.280417,685.483517
-693.544472,685.627286
-693.812796,685.764876
-694.085000,685.895889
-694.360720,686.020042
-694.639654,686.137151
-694.921470,686.247093
-695.205858,686.349810
-695.492575,686.445308
-695.781396,686.533659
-696.072114,686.614986
-696.364580,686.689427
-696.658803,686.757167
-696.954915,686.818469
-697.252937,686.873614
-697.552758,686.922899
-697.854216,686.966657
-698.157113,687.005229
-698.461197,687.038923
-698.766173,687.068020
-699.071795,687.092835
-699.377881,687.113764
-699.684251,687.131174
-699.990715,687.145324
-700.297081,687.156403
-700.603182,687.164555
-700.908901,687.169911
-701.214149,687.172677
-701.518869,687.173143
-701.823074,687.171591
-702.126885,687.168281
-702.430368,687.163467
-702.733536,687.157386
-703.036518,687.150240
-703.339501,687.142216
-703.642586,687.133481
-703.945889,687.124184
-704.249652,687.114488
-704.554016,687.104573
-704.859085,687.094578
-705.165079,687.084598
-705.471994,687.074713
-705.779746,687.064986
-706.088334,687.055480
-706.397630,687.046286
-706.707446,687.037513
-707.017656,687.029295
-707.328012,687.021790
-707.638142,687.015136
-707.947844,687.009442
-708.257178,687.004806
-708.566133,687.001309
-708.874656,686.999002
-709.182772,686.997904
-709.490495,686.998008
-709.797802,686.999296
-710.104704,687.001731
-710.411241,687.005258
-710.717429,687.009797
-711.023324,687.015372
-711.328999,687.022228
-711.634439,687.030759
-711.939550,687.041472
-712.244197,687.054927
-712.548132,687.071748
-712.850876,687.092662
-713.151988,687.118291
-713.451235,687.149004
-713.748515,687.184971
-714.043884,687.226377
-714.337430,687.273791
-714.629226,687.327897
-714.919360,687.388972
-715.207881,687.457068
-715.494706,687.532361
-715.779539,687.615246
-716.061928,687.706212
-716.341424,687.805659
-716.617593,687.913824
-716.890056,688.030825
-717.158521,688.156671
-717.422705,688.291171
-717.682385,688.434028
-717.937452,688.584941
-718.187802,688.743529
-718.433329,688.909352
-718.674018,689.082024
-718.909877,689.261149
-719.140834,689.446191
-719.366581,689.636288
-719.586900,689.830722
-719.801943,690.029350
-720.011934,690.232061
-720.217293,690.438480
-720.418694,690.648188
-720.616769,690.860827
-720.812123,691.076021
-721.005397,691.293314
-721.197209,691.512118
-721.388103,691.731817
-721.578531,691.951944
-721.768802,692.172312
-721.959107,692.392951
-722.149563,692.613876
-722.340309,692.834929
-722.531535,693.055824
-722.723392,693.276357
-722.915896,693.496539
-723.108926,693.716605
-723.302336,693.936799
-723.496050,694.157184
-723.690118,694.377599
-723.884633,694.597829
-724.079630,694.817818
-724.275018,695.037750
-724.470641,695.257895
-724.666379,695.478394
-724.862230,695.699143
-725.058277,695.919895
-725.254609,696.140482
-725.451229,696.360859
-725.648034,696.581211
-725.844911,696.801830
-726.041795,697.022831
-726.238723,697.244057
-726.435764,697.465239
-726.633022,697.686243
-726.830535,697.907108
-727.028176,698.128015
-727.225806,698.349184
-727.423356,698.570810
-727.620761,698.793046
-727.818020,699.015804
-728.015252,699.238762
-728.212570,699.461659
-728.409975,699.684457
-728.607370,699.907308
-728.804678,700.130410
-729.001843,700.353919
-729.198783,700.577921
-729.395519,700.802311
-729.592192,701.026779
-729.788917,701.251055
-729.985699,701.475087
-730.182478,701.699057
-730.379188,701.923175
-730.575771,702.147608
-730.772155,702.372494
-730.968300,702.597812
-731.164310,702.823283
-731.360364,703.048620
-731.556532,703.273687
-731.752761,703.498579
-731.948967,703.723505
-732.145079,703.948638
-732.341017,704.174111
-732.536736,704.399924
-732.732334,704.625832
-732.927902,704.851635
-733.123371,705.077446
-733.318694,705.303491
-733.513864,705.529880
-733.708824,705.756681
-733.903564,705.983832
-734.098227,706.211031
-734.292967,706.437970
-734.487850,706.664495
-734.682843,706.890659
-734.877852,707.116680
-735.072802,707.342788
-735.267620,707.569153
-735.462261,707.795843
-735.656801,708.022677
-735.851346,708.249426
-736.045858,708.476171
-736.240244,708.703117
-736.434461,708.930360
-736.628458,709.157987
-736.822187,709.385979
-737.015743,709.614043
-737.209336,709.841893
-737.403053,710.069408
-737.596825,710.296666
-737.790568,710.523875
-737.984236,710.751237
-738.177748,710.978902
-738.371077,711.206884
-738.564328,711.434948
-738.757567,711.662876
-738.950722,711.890793
-739.143741,712.118926
-739.336579,712.347352
-739.529188,712.576165
-739.721586,712.805343
-739.913912,713.034567
-740.106305,713.263517
-740.298814,713.492113
-740.491373,713.720506
-740.683854,713.948844
-740.876193,714.177294
-741.068366,714.406082
-741.260298,714.635344
-741.451939,714.865074
-741.643396,715.095089
-741.834843,715.325061
-742.026385,715.554724
-742.218027,715.784078
-742.409693,716.013321
-742.601278,716.242611
-742.792691,716.472073
-742.983892,716.701909
-743.174833,716.932254
-743.365481,717.163108
-743.555922,717.394257
-743.746321,717.625352
-743.936794,717.856134
-744.127346,718.086601
-744.317897,718.316946
-744.508356,718.547333
-744.698650,718.777901
-744.888725,719.008827
-745.078526,719.240225
-745.268045,719.472020
-745.457427,719.703930
-745.646850,719.935639
-745.836392,720.166980
-746.026013,720.398049
-746.215617,720.629044
-746.405081,720.860065
-746.594324,721.091255
-746.783343,721.322867
-746.972104,721.555012
-747.160602,721.787595
-747.348985,722.020325
-747.537422,722.252872
-747.725982,722.485062
-747.914627,722.716988
-748.103265,722.948854
-748.291754,723.180723
-748.479923,723.412609
-748.667834,723.644842
-748.855541,723.877649
-749.043019,724.110889
-749.230393,724.344253
-749.417857,724.577448
-749.605470,724.810280
-749.793192,725.042838
-749.980946,725.275355
-750.168645,725.507987
-750.356197,725.740866
-750.543516,725.974127
-750.730568,726.207857
-750.917422,726.441914
-751.104234,726.675944
-751.291146,726.909662
-751.478197,727.143019
-751.665311,727.376181
-751.852392,727.609336
-752.039207,727.842420
-752.225232,728.074963
-752.410317,728.306988
-752.594670,728.538909
-752.778328,728.770819
-752.961304,729.002750
-753.143715,729.234892
-753.325638,729.467362
-753.507100,729.700192
-753.688136,729.933443
-753.868777,730.167169
-754.049070,730.401301
-754.229158,730.635556
-754.409187,730.869751
-754.589170,731.104042
-754.769071,731.338585
-754.948884,731.573431
-755.128590,731.808654
-755.308252,732.044150
-755.488061,732.279577
-755.668156,732.514631
-755.848578,732.749309
-756.029323,732.983882
-756.210297,733.218560
-756.391419,733.453443
-756.572747,733.688442
-756.754416,733.923284
-756.936507,734.157768
-757.118984,734.391953
-757.301713,734.626078
-757.484563,734.860352
-757.667427,735.094936
-757.850224,735.329945
-758.033004,735.565235
-758.215927,735.800472
-758.399109,736.035434
-758.582535,736.270146
-758.766096,736.504805
-758.949686,736.739599
-759.133208,736.974676
-759.316579,737.210196
-759.499887,737.446324
-759.683335,737.682908
-759.867043,737.919555
-760.051092,738.155987
-760.235573,738.392044
-760.420426,738.627733
-760.605454,738.863281
-760.790525,739.098938
-760.975536,739.334864
-761.160301,739.571122
-761.344665,739.807691
-761.528806,740.044556
-761.712959,740.281465
-761.897216,740.518074
-762.081669,740.754214
-762.266340,740.989965
-762.451096,741.225548
-762.635807,741.461165
-762.820396,741.696986
-763.004768,741.933170
-763.188845,742.169821
-763.372651,742.406866
-763.556334,742.643994
-763.740044,742.880891
-763.923844,743.117436
-764.107681,743.353750
-764.291461,743.590031
-764.475102,743.826434
-764.658522,744.063104
-764.841598,744.300111
-765.024296,744.537506
-765.206768,744.775202
-765.389187,745.012862
-765.571666,745.250197
-765.754240,745.487209
-765.936829,745.724092
-766.119332,745.961017
-766.301673,746.198128
-766.483777,746.435584
-766.665573,746.673497
-766.847066,746.911835
-767.028389,747.150323
-767.209711,747.388626
-767.391129,747.626570
-767.572615,747.864235
-767.754075,748.101822
-767.935426,748.339497
-768.116593,748.577409
-768.297490,748.815701
-768.478027,749.054421
-768.658208,749.293522
-768.838209,749.532784
-769.018219,749.771885
-769.198337,750.010638
-769.378533,750.249136
-769.558712,750.487587
-769.738788,750.726146
-769.918687,750.964956
-770.098323,751.204157
-770.277569,751.443739
-770.456408,751.683630
-770.635058,751.923785
-770.813566,752.164154
-770.991894,752.404663
-771.170206,752.645113
-771.348574,752.885443
-771.526860,753.125839
-771.704975,753.366455
-771.882889,753.607362
-772.060543,753.848590
-772.238013,754.089965
-772.415431,754.331305
-772.592739,754.572715
-772.769835,754.814355
-772.946690,755.056282
-773.123263,755.298574
-773.299538,755.541228
-773.475659,755.783965
-773.651813,756.026431
-773.828089,756.268358
-774.004534,756.509632
-774.181161,756.750475
-774.357862,756.991176
-774.534512,757.231905
-774.711033,757.472839
-774.887344,757.714154
-775.063420,757.955854
-775.239385,758.197682
-775.415411,758.439331
-775.591572,758.680631
-775.767828,758.921672
-775.944079,759.162673
-776.120225,759.403789
-776.296187,759.645182
-776.471890,759.887015
-776.647279,760.129357
-776.822405,760.372079
-776.997435,760.614857
-777.172525,760.857390
-777.347744,761.099418
-777.523104,761.340784
-777.698628,761.581764
-777.874231,761.822692
-778.049771,762.063716
-778.225159,762.305010
-778.400323,762.546763
-778.575236,762.788972
-778.750016,763.031372
-778.924833,763.273660
-779.099795,763.515643
-779.274903,763.757308
-779.450060,763.998848
-779.625148,764.240481
-779.800073,764.482362
-779.974746,764.724642
-780.149100,764.967426
-780.323183,765.210603
-780.497156,765.453854
-780.671160,765.696905
-780.845199,765.939639
-781.019182,766.182194
-781.193064,766.424846
-781.366778,766.667761
-781.540261,766.910985
-781.713592,767.154391
-781.886858,767.397841
-782.059983,767.641449
-782.232867,767.885385
-782.405482,768.129669
-782.577869,768.374122
-782.750178,768.618491
-782.922562,768.862597
-783.095026,769.106431
-783.267460,769.350180
-783.439771,769.594047
-783.611877,769.838178
-783.783706,770.082679
-783.955308,770.327447
-784.126842,770.572189
-784.298428,770.816690
-784.470065,771.060966
-784.641655,771.305203
-784.813096,771.549586
-784.984301,771.794262
-785.155189,772.039366
-785.325765,772.284875
-785.496169,772.530521
-785.666551,772.776027
-785.836962,773.021301
-786.007306,773.266422
-786.177473,773.511573
-786.347423,773.756980
-786.517096,774.002787
-786.686471,774.248963
-786.855682,774.495273
-787.024879,774.741464
-787.194105,774.987444
-787.363283,775.233350
-787.532304,775.479388
-787.701010,775.725593
-787.868980,775.971551
-788.035940,776.217070
-788.201988,776.462479
-788.367196,776.707958
-788.531570,776.953530
-788.695206,777.199362
-788.858193,777.445604
-789.020551,777.692279
-789.182302,777.939417
-789.343470,778.187067
-789.504071,778.435241
-789.664193,778.683831
-789.824034,778.932536
-789.983801,779.181077
-790.143611,779.429392
-790.303451,779.677648
-790.463246,779.926072
-790.622923,780.174830
-790.782409,780.424062
-790.941696,780.673772
-791.100921,780.923726
-791.260243,781.173687
-791.419715,781.423596
-791.579248,781.673588
-791.738710,781.923851
-791.898028,782.174477
-792.057255,782.425345
-792.216507,782.676228
-792.375872,782.926964
-792.535332,783.177512
-792.694766,783.428066
-792.854051,783.678912
-793.013073,783.930217
-793.171716,784.182111
-793.329934,784.434646
-793.487836,784.687609
-793.645572,784.940707
-793.803242,785.193751
-793.960936,785.446594
-794.118675,785.699207
-794.276320,785.951809
-794.433703,786.204665
-794.590713,786.457943
-794.747247,786.711784
-794.903284,786.966176
-795.058931,787.220885
-795.214295,787.475687
-795.369448,787.730442
-795.524446,787.985036
-795.679236,788.239532
-795.833669,788.494210
-795.987632,788.749285
-796.141107,789.004748
-796.294142,789.260458
-796.446775,789.516306
-796.598979,789.772305
-796.750630,790.028640
-796.901589,790.285522
-797.051752,790.543064
-797.201095,790.801200
-797.349686,791.059762
-797.497573,791.318655
-797.644735,791.578049
-797.791117,791.838404
-797.936693,792.100255
-798.081445,792.364126
-798.225260,792.630427
-798.368017,792.899150
-798.509715,793.169749
-798.650319,793.441505
-798.789668,793.713957
-798.927539,793.987150
-799.063726,794.261323
-799.198117,794.536693
-799.330630,794.813507
-799.461137,795.091921
-799.589465,795.371888
-799.715447,795.653277
-799.838860,795.935699
-799.959443,796.218505
-800.076987,796.501118
-800.191130,796.782850
-800.300350,797.061998
-800.402203,797.336150
-800.494837,797.603136
-800.577239,797.860993
-800.648830,798.108073
-800.720451,798.389000
-800.777391,798.652285
-800.827110,798.937017
-800.861242,799.198351
-800.884552,799.470057
-800.894993,799.744074
-800.891875,800.012990
-800.875271,800.269788
-800.842000,800.524774
-800.783509,800.769423
-800.659811,800.989534
-800.409918,800.962111
-800.259173,800.755528
-800.151033,800.526137
-800.067074,800.287420
-800.006270,800.044531
